Workbook

Sheet 2
A1: Repaired Mold | O1: Date | P1: ='[1]2'!$P$1 -> 1405
O2: weeks | P2: ='[1]2'!$P$2 -> 2
A3: d | B3: نام قالب | C3: واحد | D3: نام اپراتور | E3: تعداد ضرب | F3: شماره قالب | G3: شماره دستگاه | H3: تاریخ دریافت | I3: تاریخ تحویل | J3: تحویل گیرنده | K3: مواد تامین شده | L3: مجموع ساعات کار انجام شده | M3: شماره نامه درخواست | N3: اقدامات انجام شده | O3: هزینه کروم (تومان) | P3: هزینه تعمیرات (تومان)
E4: کلی
A5: 1 | B5: برش توری پگاسوز | C5: جهان لنت | F5: 1 | H5: 1405/01/08 | I5: 1405/01/11 | J5: پرس | K5: ورقگیر | L5: 8 | N5: مونتاژ ، وایر | P5: =L5*700000 -> 5600000
A7: 2 | B7: قالب اکسپرس | C7: جهان لنت | F7: MT30107 | H7: 1405/01/08 | I7: 1405/01/11 | J7: م.قالب | K7: پیچ | L7: 16 | M7: 740 | N7: مونتاژ سنگ زنی | P7: =L7*700000 -> 11200000
B11: مجموع | L11: =SUM(L5:L10) -> 24 | O11: =SUM(O5:O10) -> 0 | P11: =SUM(P5:P10) -> 16800000

Sheet 3
A1: Repaired Mold | O1: Date | P1: 1405
O2: weeks | P2: 3
A3: d | B3: نام قالب | C3: واحد | D3: نام اپراتور | E3: تعداد ضرب | F3: شماره قالب | G3: شماره دستگاه | H3: تاریخ دریافت | I3: تاریخ تحویل | J3: تحویل گیرنده | K3: مواد تامین شده | L3: مجموع ساعات کار انجام شده | M3: شماره نامه درخواست | N3: اقدامات انجام شده | O3: هزینه کروم (تومان) | P3: هزینه تعمیرات (تومان)
E4: کلی
A5: 1 | B5: پخت کلاچ پیکان | C5: جهان لنت | F5: MC30241-08s | H5: 1404/11/11 | I5: 1405/01/18 | J5: م.قالب | K5: Stoper guide Rod | L5: 95 | M5: 720 | O5: 15000000 | P5: =L5*600000 -> 57000000
A7: 2 | B7: پخت کلاچ پیکان | C7: جهان لنت | F7: MC30241-06s | H7: 1404/12/20 | I7: 1405/01/15 | J7: م.قالب | K7: Stoper guide Rod | L7: 23 | M7: 682 | P7: =L7*700000 -> 16100000
A9: 3 | B9: برش SAF | C9: جهان لنت | D9: خیالی | F9: 1 | G9: 6003 | H9: 1405/01/20 | I9: 1405/01/20 | J9: پرس | L9: 1 | M9: 893 | N9: سنگ زنی | P9: =L9*700000 -> 700000
A11: 4 | B11: ترنست | C11: جهان لنت | F11: MT30181-01s | H11: 1405/01/15 | I11: 1405/01/20 | J11: م.قالب | K11: Guide Rod | L11: 22 | M11: 732 | N11: CNC، سنگ، مونتاژ | P11: =L11*700000 -> 15400000
A13: 5 | B13: ولوو سوپر | C13: جهان لنت | E13: 744 | F13: MH19562-01P | H13: 1404/12/26 | I13: 1405/01/18 | J13: م.قالب | K13: Guide Rod | L13: 92 | N13: وایر سنگ فرز CNC | O13: 26500000 | P13: =L13*700000 -> 64400000
B15: مجموع | L15: =SUM(L5:L14) -> 233 | O15: =SUM(O5:O14) -> 41500000 | P15: =SUM(P5:P14) -> 153600000

Sheet 4
A1: Repaired Mold | O1: Date | P1: 1405
O2: weeks | P2: 4
A3: d | B3: نام قالب | C3: واحد | D3: نام اپراتور | E3: تعداد ضرب | F3: شماره قالب | G3: شماره دستگاه | H3: تاریخ دریافت | I3: تاریخ تحویل | J3: تحویل گیرنده | K3: مواد تامین شده | L3: مجموع ساعات کار انجام شده | M3: شماره نامه درخواست | N3: اقدامات انجام شده | O3: هزینه کروم (تومان) | P3: هزینه تعمیرات (تومان)
E4: کلی
A5: 1 | B5: شیم ریو | C5: جهان لنت | D5: خیالی | F5: 1 | H5: 1405/01/19 | I5: 1405/01/22 | J5: پرس | L5: 12 | N5: سنگ زنی مونتاژ | P5: =L5*700000 -> 8400000
A7: 2 | B7: شیم پژو 405 | C7: جهان لنت | D7: خیالی | F7: 1 | H7: 1405/01/22 | I7: 1405/01/23 | J7: پرس | L7: 4 | N7: سنگ زنی مونتاژ | P7: =L7*700000 -> 2800000
A9: 3 | B9: 309 سوراخدار | C9: جهان ترمز | F9: MC30250-01S | H9: 1404/12/03 | I9: 1405/01/24 | J9: م.قالب | K9: Matrix Guaid Rod Pin Bottom plate | L9: 82 | M9: 733 | N9: CNC مونتاژ فرز ,وایر | P9: =L9*700000 -> 57400000
A11: 4 | B11: آرایش VHI | C11: جهان لنت | D11: خیالی | F11: 1 | H11: 1405/01/22 | I11: 1405/01/22 | J11: پرس | L11: 2 | N11: سنگ زنی مونتاژ | P11: =L11*700000 -> 1400000
A13: 5 | B13: قالب آرایش کوبه و نک SAF | C13: جهان لنت | D13: خیالی | F13: 1 | H13: 1405/01/22 | I13: 1405/01/22 | J13: پرس | L13: 2 | M13: 894 | N13: سنگ زنی مونتاژ | P13: =L13*700000 -> 1400000
B15: مجموع | L15: =SUM(L5:L14) -> 102 | O15: =SUM(O5:O14) -> 0 | P15: =SUM(P5:P14) -> 71400000

Sheet 5
A1: Repaired Mold | O1: Date | P1: 1405
O2: weeks | P2: 5
A3: d | B3: نام قالب | C3: واحد | D3: نام اپراتور | E3: تعداد ضرب | F3: شماره قالب | G3: شماره دستگاه | H3: تاریخ دریافت | I3: تاریخ تحویل | J3: تحویل گیرنده | K3: مواد تامین شده | L3: مجموع ساعات کار انجام شده | M3: شماره نامه درخواست | N3: اقدامات انجام شده | O3: هزینه کروم (تومان) | P3: هزینه تعمیرات (تومان)
E4: کلی
A5: 1 | B5: شیم ریو | C5: جهان لنت | D5: خیالی | F5: 1 | H5: 1405/01/29 | I5: 1405/01/29 | J5: پرس | L5: 12 | N5: سنگ زنی مونتاژ | P5: =L5*700000 -> 8400000
A7: 2 | B7: شیم 405 | C7: جهان لنت | F7: 1 | G7: 6003 | H7: 1405/01/29 | I7: 1405/01/30 | J7: پرس | L7: 12 | M7: 891 | N7: دمونتاژ ، سنگ زنی ، مونتاژ | P7: =L7*500000 -> 6000000
A9: 3 | B9: آرایش پیلسان | C9: جهان لنت | F9: 1 | H9: 1404/12/29 | I9: 1404/12/29 | J9: پرس | L9: 8 | N9: سنگ زنی مونتاژ | P9: =L9*500000 -> 4000000
A11: 4 | B11: پخت کلاچ پژو 206 TU5 | C11: جهان ترمز | E11: 130 | F11: MC30334-01s | H11: 1405/02/01 | I11: 1405/02/02 | J11: م.قالب | K11: Pin | L11: 16 | M11: 1110/د/05 | N11: مونتاژ | P11: =L11*500000 -> 8000000
P13: =L13*500000 -> 0
B15: مجموع | L15: =SUM(L5:L14) -> 48 | O15: =SUM(O5:O14) -> 0 | P15: =SUM(P5:P14) -> 26400000

Sheet 6
A1: Repaired Mold | O1: Date | P1: 1405
O2: weeks | P2: 6
A3: d | B3: نام قالب | C3: واحد | D3: نام اپراتور | E3: تعداد ضرب | F3: شماره قالب | G3: شماره دستگاه | H3: تاریخ دریافت | I3: تاریخ تحویل | J3: تحویل گیرنده | K3: مواد تامین شده | L3: مجموع ساعات کار انجام شده | M3: شماره نامه درخواست | N3: اقدامات انجام شده | O3: هزینه کروم (تومان) | P3: هزینه تعمیرات (تومان)
E4: کلی
A5: 1 | B5: پخت کلاچ پژو 206 TU5 | C5: جهان ترمز | E5: 130 | F5: MC30334-01s | H5: 1405/02/05 | I5: 1405/02/05 | J5: م.قالب | K5: Pin | L5: 4 | N5: مونتاژ | P5: =L5*700000 -> 2800000
A7: 2 | B7: پراید خاردار | C7: جهان لنت | E7: 450 | F7: ML21355-01S | G7: 2014 | H7: 1405/01/24 | I7: 1405/02/10 | J7: م.قالب | L7: 95 | M7: 05/ د /624 | N7: مونتاژ ، سنگ، فرز،CNC | P7: =L7*700000 -> 66500000
P9: =L9*700000 -> 0
B11: مجموع | L11: =SUM(L5:L10) -> 99 | O11: =SUM(O5:O10) -> 0 | P11: =SUM(P5:P10) -> 69300000

Sheet 7
A1: Repaired Mold | O1: Date | P1: 1405
O2: weeks | P2: 7
A3: d | B3: نام قالب | C3: واحد | D3: نام اپراتور | E3: تعداد ضرب | F3: شماره قالب | G3: شماره دستگاه | H3: تاریخ دریافت | I3: تاریخ تحویل | J3: تحویل گیرنده | K3: مواد تامین شده | L3: مجموع ساعات کار انجام شده | M3: شماره نامه درخواست | N3: اقدامات انجام شده | O3: هزینه کروم (تومان) | P3: هزینه تعمیرات (تومان)
E4: کلی
A5: 1 | B5: پخت کلاچ پژو 206 TU5 | C5: جهان ترمز | E5: 130 | F5: MC30334-01s | H5: 1405/02/19 | I5: 1405/02/19 | J5: م.قالب | K5: Pin | L5: 9 | N5: مونتاژ | P5: =L5*700000 -> 6300000
A7: 2 | B7: 309 بدون سوراخ | C7: جهان ترمز | E7: 120 | F7: MC30250-01S | G7: 2055 | H7: 1405/02/13 | I7: 1405/02/15 | J7: م.قالب | K7: Pin | L7: 9 | N7: مونتاژ | P7: =L7*700000 -> 6300000
P9: =L9*700000 -> 0
B11: مجموع | L11: =SUM(L5:L10) -> 18 | O11: =SUM(O5:O10) -> 0 | P11: =SUM(P5:P10) -> 12600000

Sheet 8
A1: Repaired Mold | O1: Date | P1: 1405
O2: weeks | P2: 8
A3: d | B3: نام قالب | C3: واحد | D3: نام اپراتور | E3: تعداد ضرب | F3: شماره قالب | G3: شماره دستگاه | H3: تاریخ دریافت | I3: تاریخ تحویل | J3: تحویل گیرنده | K3: مواد تامین شده | L3: مجموع ساعات کار انجام شده | M3: شماره نامه درخواست | N3: اقدامات انجام شده | O3: هزینه کروم (تومان) | P3: هزینه تعمیرات (تومان)
E4: کلی
A5: 1 | B5: برش توری BPW تاجدار | C5: جهان لنت | D5: خیالی | F5: 1 | H5: 1405/02/20 | I5: 1405/02/22 | J5: پرس | L5: =SUMIFS([2]اردیبهشت!$AF$1:$AF$648,[2]اردیبهشت!$C$1:$C$648,"قالب تعمیری",[2]اردیبهشت!$B$1:$B$648,B5) -> 32 | M5: 899 | N5: وایر | P5: =SUMIFS([2]اردیبهشت!$AR$1:$AR$648,[2]اردیبهشت!$C$1:$C$648,"قالب تعمیری",[2]اردیبهشت!$B$1:$B$648,B5) -> 24000000
A7: 2 | B7: پخت کلاچ پژو 206 TU5 | C7: جهان ترمز | F7: MC30334-01s | H7: 1405/02/19 | I7: 1405/02/21 | J7: م.قالب | K7: پین | L7: =SUMIFS([2]اردیبهشت!$AF$1:$AF$648,[2]اردیبهشت!$C$1:$C$648,"قالب تعمیری",[2]اردیبهشت!$B$1:$B$648,B7) -> 29 | M7: 1 | N7: مونتاژ | P7: =SUMIFS([2]اردیبهشت!$AR$1:$AR$648,[2]اردیبهشت!$C$1:$C$648,"قالب تعمیری",[2]اردیبهشت!$B$1:$B$648,B7) -> 21750000
A9: 3 | B9: عقب بنز 74 | C9: جهان لنت | F9: MH19487-02 | H9: 1405/02/07 | I9: 1405/02/20 | J9: م.قالب | L9: =SUMIFS([2]اردیبهشت!$AF$1:$AF$648,[2]اردیبهشت!$C$1:$C$648,"قالب تعمیری",[2]اردیبهشت!$B$1:$B$648,B9) -> 15 | M9: 05/د/1314 | N9: مونتاژ | P9: =SUMIFS([2]اردیبهشت!$AR$1:$AR$648,[2]اردیبهشت!$C$1:$C$648,"قالب تعمیری",[2]اردیبهشت!$B$1:$B$648,B9) -> 11250000
A11: 4 | B11: پخت مترو K | C11: جهان لنت | F11: MT30163-01s | H11: 1405/02/16 | I11: 1405/02/19 | L11: =SUMIFS([2]اردیبهشت!$AF$1:$AF$648,[2]اردیبهشت!$C$1:$C$648,"قالب تعمیری",[2]اردیبهشت!$B$1:$B$648,B11) -> 5.5 | M11: 1306/د/05 | N11: مونتاژ،تراش | P11: =SUMIFS([2]اردیبهشت!$AR$1:$AR$648,[2]اردیبهشت!$C$1:$C$648,"قالب تعمیری",[2]اردیبهشت!$B$1:$B$648,B11) -> 4125000
A13: 5 | B13: قالب برشی SAF | C13: جهان لنت | H13: 1405/02/21 | I13: 1405/02/22 | L13: =SUMIFS([2]اردیبهشت!$AF$409:$AF$648,[2]اردیبهشت!$C$409:$C$648,"قالب تعمیری",[2]اردیبهشت!$B$409:$B$648,B13) -> 4 | N13: مونتاژ ، سنگ | P13: =SUMIFS([2]اردیبهشت!$AR$1:$AR$648,[2]اردیبهشت!$C$1:$C$648,"قالب تعمیری",[2]اردیبهشت!$B$1:$B$648,B13) -> 3000000
B15: مجموع | L15: =SUM(L5:L14) -> 85.5 | O15: =SUM(O5:O14) -> 0 | P15: =SUM(P5:P14) -> 64125000

Sheet 9
A1: Repaired Mold | O1: Date | P1: 1405
O2: weeks | P2: 8
A3: d | B3: نام قالب | C3: واحد | D3: نام اپراتور | E3: تعداد ضرب | F3: شماره قالب | G3: شماره دستگاه | H3: تاریخ دریافت | I3: تاریخ تحویل | J3: تحویل گیرنده | K3: مواد تامین شده | L3: مجموع ساعات کار انجام شده | M3: شماره نامه درخواست | N3: اقدامات انجام شده | O3: هزینه کروم (تومان) | P3: هزینه تعمیرات (تومان)
E4: کلی
A5: 1 | B5: اکسپرس | C5: جهان لنت | F5: 1 | H5: 1405/02/26 | I5: 1405/02/28 | J5: م.قالب | L5: 22 | M5: 1971/د/05 | N5: CNC دریل مونتاژ | P5: 27750000
A7: 2 | B7: لودری 29935 | C7: جهان لنت | D7: خیالی | F7: 1 | G7: 6001 | H7: 1405/02/29 | I7: 1405/02/29 | J7: پرس | L7: 8 | M7: 1701 | N7: مونتاژ ، سنگ | P7: =L7*750000 -> 6000000
A9: 3 | B9: برش قطاری | C9: جهان لنت | D9: خیالی | F9: 1 | H9: 1405/02/31 | I9: 1405/03/31 | J9: پرس | L9: 7.5 | N9: وایر | P9: =L9*750000 -> 5625000
A11: 4 | P11: =SUMIFS([2]اردیبهشت!$AR$1:$AR$648,[2]اردیبهشت!$C$1:$C$648,"قالب تعمیری",[2]اردیبهشت!$B$1:$B$648,B11) -> 0
A13: 5 | P13: =SUMIFS([2]اردیبهشت!$AR$1:$AR$648,[2]اردیبهشت!$C$1:$C$648,"قالب تعمیری",[2]اردیبهشت!$B$1:$B$648,B13) -> 0
B15: مجموع | L15: =SUM(L5:L14) -> 37.5 | O15: =SUM(O5:O14) -> 0 | P15: =SUM(P5:P14) -> 39375000

Sheet 10
A1: Repaired Mold | O1: Date | P1: 1405
O2: weeks | P2: 10
A3: d | B3: نام قالب | C3: واحد | D3: نام اپراتور | E3: تعداد ضرب | F3: شماره قالب | G3: شماره دستگاه | H3: تاریخ دریافت | I3: تاریخ تحویل | J3: تحویل گیرنده | K3: مواد تامین شده | L3: مجموع ساعات کار انجام شده | M3: شماره نامه درخواست | N3: اقدامات انجام شده | O3: هزینه کروم (تومان) | P3: هزینه تعمیرات (تومان)
E4: کلی
A5: 1 | B5: پراید خاردار | C5: جهان لنت | E5: 450 | F5: ML21355-01S | G5: 2014 | H5: 1405/01/24 | I5: 1405/03/05 | J5: م.قالب | K5: میل راهنما ، پشت سنبه ای | L5: 169 | M5: 05/د/624 | N5: مونتاژ ، وایر ، سنگ ، تراش ، CNC ، کروم | O5: 55000000 | P5: 126375000
A7: 2 | B7: پخت کلاچ 911 دور بزرگ | C7: جهان ترمز | F7: 01S | H7: 1405/03/03 | I7: 1405/03/05 | J7: م.قالب | K7: پین | L7: 8 | M7: 05/د/2516 | N7: مونتاژ | P7: =L7*750000 -> 6000000
A9: 3 | B9: پخت کلاچ 206 TU5 | C9: جهان ترمز | F9: MC30334-01s | H9: 1405/03/04 | I9: 1405/03/05 | J9: م.قالب | K9: پین | L9: 6 | M9: 05/د/1110 | N9: مونتاژ | P9: =L9*750000 -> 4500000
A11: 4 | B11: پزو 405 دیسکی | C11: امینی/ جهان لنت | H11: 1405/03/02 | I11: 1405/03/08 | J11: م.قالب | L11: 17 | N11: مونتاژ | P11: =L11*750000 -> 12750000
A13: 5 | B13: قالب لودری 70027 | C13: پرس/جهان لنت | D13: خیالی | F13: 1 | H13: 1405/03/02 | I13: 1405/03/08 | J13: پرس | L13: 10 | M13: 1704 | N13: مونتاژ | P13: =L13*750000 -> 7500000
A15: 6 | P15: =SUMIFS([2]اردیبهشت!$AR$1:$AR$648,[2]اردیبهشت!$C$1:$C$648,"قالب تعمیری",[2]اردیبهشت!$B$1:$B$648,B15) -> 0
B17: مجموع | L17: =SUM(L5:L16) -> 210 | O17: =SUM(O5:O16) -> 55000000 | P17: =SUM(P5:P16) -> 157125000

Sheet 11
A1: Repaired Mold | O1: Date | P1: 1405
O2: weeks | P2: 11
A3: d | B3: نام قالب | C3: واحد | D3: نام اپراتور | E3: تعداد ضرب | F3: شماره قالب | G3: شماره دستگاه | H3: تاریخ دریافت | I3: تاریخ تحویل | J3: تحویل گیرنده | K3: مواد تامین شده | L3: مجموع ساعات کار انجام شده | M3: شماره نامه درخواست | N3: اقدامات انجام شده | O3: هزینه کروم (تومان) | P3: هزینه تعمیرات (تومان)
E4: کلی
A5: 1 | B5: برش توری SAF | C5: جهان لنت / پرس | D5: خیالی | H5: 1405/03/09 | I5: 1405/03/09 | J5: خیالی | L5: =SUMIFS([2]خرداد!$AF$141:$AF$261,[2]خرداد!$C$141:$C$261,"قالب تعمیری",[2]خرداد!$B$141:$B$261,B5) -> 1 | M5: 1706 | N5: سنگ زنی | P5: =SUMIFS([2]خرداد!$AR$141:$AR$261,[2]خرداد!$C$141:$C$261,"قالب تعمیری",[2]خرداد!$B$141:$B$261,B5) -> 750000
A7: 2 | B7: پخت کلاچ 911 دور بزرگ | C7: جهان ترمز | F7: 1 | H7: 1405/03/09 | I7: 1405/03/15 | J7: م.قالب | L7: =SUMIFS([2]خرداد!$AF$141:$AF$261,[2]خرداد!$C$141:$C$261,"قالب تعمیری",[2]خرداد!$B$141:$B$261,B7) -> 7 | M7: 30246/د/05 | N7: تعویض پین | P7: =SUMIFS([2]خرداد!$AR$141:$AR$261,[2]خرداد!$C$141:$C$261,"قالب تعمیری",[2]خرداد!$B$141:$B$261,B7) -> 5250000
A9: 3 | B9: قالب BPW تاجدار | C9: جهان لنت / پرس | D9: خیالی | H9: 1405/03/12 | I9: 1405/03/12 | J9: خیالی | L9: =SUMIFS([2]خرداد!$AF$141:$AF$261,[2]خرداد!$C$141:$C$261,"قالب تعمیری",[2]خرداد!$B$141:$B$261,B9) -> 8 | M9: 896 | P9: =SUMIFS([2]خرداد!$AR$141:$AR$261,[2]خرداد!$C$141:$C$261,"قالب تعمیری",[2]خرداد!$B$141:$B$261,B9) -> 6000000
A11: 4 | B11: قالب توری بادسان | C11: جهان لنت / پرس | D11: خیالی | H11: 1405/03/11 | I11: 1405/03/11 | J11: خیالی | L11: =SUMIFS([2]خرداد!$AF$141:$AF$261,[2]خرداد!$C$141:$C$261,"قالب تعمیری",[2]خرداد!$B$141:$B$261,B11) -> 3.5 | M11: 1707 | P11: =SUMIFS([2]خرداد!$AR$141:$AR$261,[2]خرداد!$C$141:$C$261,"قالب تعمیری",[2]خرداد!$B$141:$B$261,B11) -> 2625000
A13: 5 | L13: =SUMIFS([2]خرداد!$AF$141:$AF$261,[2]خرداد!$C$141:$C$261,"قالب تعمیری",[2]خرداد!$B$141:$B$261,B13) -> 0 | O13: =SUMIFS([2]خرداد!$AR$141:$AR$261,[2]خرداد!$C$141:$C$261,"قالب تعمیری",[2]خرداد!$B$141:$B$261,B13) -> 0 | P13: =SUMIFS([2]خرداد!$AR$141:$AR$261,[2]خرداد!$C$141:$C$261,"قالب تعمیری",[2]خرداد!$B$141:$B$261,B13) -> 0
A15: 6 | L15: =SUMIFS([2]خرداد!$AF$141:$AF$261,[2]خرداد!$C$141:$C$261,"قالب تعمیری",[2]خرداد!$B$141:$B$261,B15) -> 0 | O15: =SUMIFS([2]خرداد!$AR$141:$AR$261,[2]خرداد!$C$141:$C$261,"قالب تعمیری",[2]خرداد!$B$141:$B$261,B15) -> 0 | P15: =SUMIFS([2]خرداد!$AR$141:$AR$261,[2]خرداد!$C$141:$C$261,"قالب تعمیری",[2]خرداد!$B$141:$B$261,B15) -> 0
B17: مجموع | L17: =SUM(L5:L16) -> 19.5 | O17: =SUM(O5:O16) -> 0 | P17: =SUM(P5:P16) -> 14625000

Sheet 12
A1: Repaired Mold | O1: Date | P1: 1405
O2: weeks | P2: 12
A3: d | B3: نام قالب | C3: واحد | D3: نام اپراتور | E3: تعداد ضرب | F3: شماره قالب | G3: شماره دستگاه | H3: تاریخ دریافت | I3: تاریخ تحویل | J3: تحویل گیرنده | K3: مواد تامین شده | L3: مجموع ساعات کار انجام شده | M3: شماره نامه درخواست | N3: اقدامات انجام شده | O3: هزینه کروم (تومان) | P3: هزینه تعمیرات (تومان)
E4: کلی
A5: 1 | B5: پخت کلاچ پراید سکو | C5: جهان ترمز | F5: MC30357-01s | H5: 1405/03/10 | I5: 1405/03/16 | J5: م.قالب | K5: پین | L5: =SUMIFS([2]خرداد!$AF$141:$AF$385,[2]خرداد!$C$141:$C$385,"قالب تعمیری",[2]خرداد!$B$141:$B$385,B5) -> 6 | M5: 05/د/2389 | N5: تعویض پین | P5: =SUMIFS([2]خرداد!$AR$141:$AR$385,[2]خرداد!$C$141:$C$385,"قالب تعمیری",[2]خرداد!$B$141:$B$385,B5) -> 4500000
A7: 2 | B7: پخت کلاچ پیکان المانی | C7: جهان ترمز | F7: FC30359-02s | H7: 1405/03/10 | I7: 1405/03/16 | J7: م.قالب | K7: پین | L7: =SUMIFS([2]خرداد!$AF$141:$AF$385,[2]خرداد!$C$141:$C$385,"قالب تعمیری",[2]خرداد!$B$141:$B$385,B7) -> 5 | M7: 3022/د/05 | N7: تعویض پین | P7: =SUMIFS([2]خرداد!$AR$141:$AR$385,[2]خرداد!$C$141:$C$385,"قالب تعمیری",[2]خرداد!$B$141:$B$385,B7) -> 3750000
A9: 3 | B9: پخت کلاچ پیکان انگلیسی | C9: جهان ترمز | F9: FC30360-02S | H9: 1405/03/10 | I9: 1405/03/16 | J9: م.قالب | K9: پین | L9: =SUMIFS([2]خرداد!$AF$141:$AF$385,[2]خرداد!$C$141:$C$385,"قالب تعمیری",[2]خرداد!$B$141:$B$385,B9) -> 4 | M9: 3021/د/05 | N9: تعویض پین | P9: =SUMIFS([2]خرداد!$AR$141:$AR$385,[2]خرداد!$C$141:$C$385,"قالب تعمیری",[2]خرداد!$B$141:$B$385,B9) -> 3000000
A11: 4 | B11: پخت کلاچ تیبا راست | C11: جهان ترمز | F11: FC30278-03S | H11: 1405/03/10 | I11: 1405/03/16 | J11: م.قالب | K11: پین | L11: =SUMIFS([2]خرداد!$AF$141:$AF$385,[2]خرداد!$C$141:$C$385,"قالب تعمیری",[2]خرداد!$B$141:$B$385,B11) -> 3 | M11: 3023/د/05 | P11: =SUMIFS([2]خرداد!$AR$141:$AR$385,[2]خرداد!$C$141:$C$385,"قالب تعمیری",[2]خرداد!$B$141:$B$385,B11) -> 2250000
A13: 5 | B13: قالب تیبا خزینه چپ | C13: جهان ترمز | F13: FC30278-01S | H13: 1405/03/13 | I13: 1405/03/17 | J13: م.قالب | K13: پین | L13: =SUMIFS([2]خرداد!$AF$141:$AF$385,[2]خرداد!$C$141:$C$385,"قالب تعمیری",[2]خرداد!$B$141:$B$385,B13) -> 5 | M13: 05/د/3024 | P13: =SUMIFS([2]خرداد!$AR$141:$AR$385,[2]خرداد!$C$141:$C$385,"قالب تعمیری",[2]خرداد!$B$141:$B$385,B13) -> 3750000
A15: 6 | B15: قالب پخت کلاچ پیکان آرژانتینی | C15: جهان ترمز | F15: MC30241-04S | H15: 1404/12/04 | I15: 1405/03/21 | J15: م.قالب | K15: ساخت Top Plate Botton plate guide rod Matrix stoper | L15: =SUMIFS([2]خرداد!$AF$141:$AF$385,[2]خرداد!$C$141:$C$385,"قالب تعمیری",[2]خرداد!$B$141:$B$385,B15)+220 -> 313.75 | M15: 746 | N15: فرز CNC تراش وایر سختکاری کروم مونتاژ | O15: 17050000 | P15: =SUMIFS([2]خرداد!$AR$141:$AR$385,[2]خرداد!$C$141:$C$385,"قالب تعمیری",[2]خرداد!$B$141:$B$385,B15) -> 99750000
B17: مجموع | L17: =SUM(L5:L16) -> 336.75 | O17: =SUM(O5:O16) -> 17050000 | P17: =SUM(P5:P16) -> 117000000

Sheet 13
A1: Repaired Mold | O1: Date | P1: 1405
O2: weeks | P2: 13
A3: d | B3: نام قالب | C3: واحد | D3: نام اپراتور | E3: تعداد ضرب | F3: شماره قالب | G3: شماره دستگاه | H3: تاریخ دریافت | I3: تاریخ تحویل | J3: تحویل گیرنده | K3: مواد تامین شده | L3: مجموع ساعات کار انجام شده | M3: شماره نامه درخواست | N3: اقدامات انجام شده | O3: هزینه کروم (تومان) | P3: هزینه تعمیرات (تومان)
E4: کلی
A5: 1 | B5: قالب پخت کلاچ پژو 405 | C5: جهان ترمز | F5: MC30243-04S | H5: 1404/12/24 | I5: 1405/04/01 | J5: م.قالب | K5: Top Plate Botton plate guide rod Matrix stoper | L5: =SUMIFS([2]خرداد!$AF$4:$AF$650,[2]خرداد!$C$4:$C$650,"قالب تعمیری",[2]خرداد!$B$4:$B$650,B5,[2]خرداد!$H$4:$H$650,F5)+120 -> 299.5 | M5: 737 | N5: تمام فرایند ساخت قالب جدید کلاچ | O5: 17050000 | P5: =SUMIFS([2]خرداد!$AR$4:$AR$650,[2]خرداد!$C$4:$C$650,"قالب تعمیری",[2]خرداد!$B$4:$B$650,B5) -> 436500000
A7: 2 | B7: برش آلستوم | C7: جهان لنت | D7: خیالی | F7: 1 | H7: 1405/03/23 | I7: 1405/03/25 | J7: پرس | L7: =SUMIFS([2]خرداد!$AF$4:$AF$650,[2]خرداد!$C$4:$C$650,"قالب تعمیری",[2]خرداد!$B$4:$B$650,B7) -> 2 | M7: 1713 | N7: Wier | P7: =SUMIFS([2]خرداد!$AR$4:$AR$650,[2]خرداد!$C$4:$C$650,"قالب تعمیری",[2]خرداد!$B$4:$B$650,B7) -> 1500000
A9: 3 | B9: پخت کلاچ ده تن سوراخدار | C9: جهان ترمز | F9: MC30298-01S | H9: 1405/03/24 | I9: 1405/03/27 | J9: م.قالب | K9: PIN | L9: =SUMIFS([2]خرداد!$AF$4:$AF$650,[2]خرداد!$C$4:$C$650,"قالب تعمیری",[2]خرداد!$B$4:$B$650,B9,[2]خرداد!$H$4:$H$650,F9)+7 -> 8 | M9: 05/ د /3529 | N9: مونتاژ | P9: =SUMIFS([2]خرداد!$AR$4:$AR$650,[2]خرداد!$C$4:$C$650,"قالب تعمیری",[2]خرداد!$B$4:$B$650,B9) -> 5625000
A11: 4 | B11: پخت کلاچ هوو | C11: جهان ترمز | F11: MC 30292-01S | H11: 1405/03/24 | I11: 1405/03/27 | J11: م.قالب | K11: PIN | L11: =SUMIFS([2]خرداد!$AF$4:$AF$650,[2]خرداد!$C$4:$C$650,"قالب تعمیری",[2]خرداد!$B$4:$B$650,B11,[2]خرداد!$H$4:$H$650,F11) -> 7.5 | M11: 05/ د /3529 | N11: مونتاژ | P11: =SUMIFS([2]خرداد!$AR$4:$AR$650,[2]خرداد!$C$4:$C$650,"قالب تعمیری",[2]خرداد!$B$4:$B$650,B11) -> 5625000
A13: 5 | B13: شیم پژو 405 | C13: جهان لنت | D13: خیالی | H13: 1405/03/26 | I13: 1405/03/26 | J13: پرس | L13: =SUMIFS([2]خرداد!$AF$4:$AF$650,[2]خرداد!$C$4:$C$650,"قالب تعمیری",[2]خرداد!$B$4:$B$650,B13,[2]خرداد!$H$4:$H$650,F13)+1 -> 1 | N13: سنگ زنی | P13: =SUMIFS([2]خرداد!$AR$4:$AR$650,[2]خرداد!$C$4:$C$650,"قالب تعمیری",[2]خرداد!$B$4:$B$650,B13) -> 750000
A15: 6 | B15: شیم ریو | C15: جهان لنت | D15: خیالی | H15: 1405/03/26 | I15: 1405/03/26 | J15: پرس | L15: =SUMIFS([2]خرداد!$AF$4:$AF$650,[2]خرداد!$C$4:$C$650,"قالب تعمیری",[2]خرداد!$B$4:$B$650,B15,[2]خرداد!$H$4:$H$650,F15)+2 -> 2 | N15: سنگ زنی | P15: =SUMIFS([2]خرداد!$AR$4:$AR$650,[2]خرداد!$C$4:$C$650,"قالب تعمیری",[2]خرداد!$B$4:$B$650,B15) -> 1500000
A17: 7 | B17: قالب لودری 70021 | C17: جهان لنت | D17: خیالی | H17: 1405/03/26 | I17: 1405/03/26 | J17: پرس | L17: =SUMIFS([2]خرداد!$AF$4:$AF$650,[2]خرداد!$C$4:$C$650,"قالب تعمیری",[2]خرداد!$B$4:$B$650,B17,[2]خرداد!$H$4:$H$650,F17)+5 -> 5 | N17: Wier | P17: =SUMIFS([2]خرداد!$AR$4:$AR$650,[2]خرداد!$C$4:$C$650,"قالب تعمیری",[2]خرداد!$B$4:$B$650,B17) -> 3750000
A19: 8 | B19: پخت کلاچ پراید | C19: جهان ترمز | F19: 08S | H19: 1404/12/24 | I19: 1405/04/01 | J19: م.قالب | K19: Top Plate Botton plate guide rod Matrix stoper | L19: =SUMIFS([2]خرداد!$AF$4:$AF$650,[2]خرداد!$C$4:$C$650,"قالب تعمیری",[2]خرداد!$B$4:$B$650,B19,[2]خرداد!$H$4:$H$650,F19)+120 -> 218.5 | M19: 668 | N19: تمام فرایند ساخت قالب جدید کلاچ | O19: 17050000 | P19: =SUMIFS([2]خرداد!$AR$4:$AR$650,[2]خرداد!$C$4:$C$650,"قالب تعمیری",[2]خرداد!$B$4:$B$650,B19) -> 220875000
B21: مجموع | L21: =SUM(L5:L20) -> 543.5 | O21: =SUM(O5:O20) -> 34100000 | P21: =SUM(P5:P20) -> 676125000

Sheet 14
A1: Repaired Mold | O1: Date | P1: 1405
O2: weeks | P2: 14
A3: d | B3: نام قالب | C3: واحد | D3: نام اپراتور | E3: تعداد ضرب | F3: شماره قالب | G3: شماره دستگاه | H3: تاریخ دریافت | I3: تاریخ تحویل | J3: تحویل گیرنده | K3: مواد تامین شده | L3: مجموع ساعات کار انجام شده | M3: شماره نامه درخواست | N3: اقدامات انجام شده | O3: هزینه کروم (تومان) | P3: هزینه تعمیرات (تومان)
E4: کلی
A5: 1 | B5: پخت کلاچ ایویکو سوراخدار | C5: جهان کلاچ | F5: FC30249-01S | H5: 1405/03/30 | I5: 1405/04/01 | J5: م.قالب | K5: پین | L5: =SUMIFS([2]خرداد!$AF$4:$AF$690,[2]خرداد!$C$4:$C$690,"قالب تعمیری",[2]خرداد!$B$4:$B$690,B5,[2]خرداد!$H$4:$H$690,F5)+2 -> 10 | N5: مونتاژ | P5: =SUMIFS([2]خرداد!$AR$4:$AR$650,[2]خرداد!$C$4:$C$650,"قالب تعمیری",[2]خرداد!$B$4:$B$650,B5) -> 3750000
A7: 2 | B7: کوبه نک قطاری | C7: جهان لنت | D7: خیالی | F7: 01S | H7: 1405/03/24 | I7: 1405/04/02 | J7: پرس | L7: =SUMIFS([2]خرداد!$AF$4:$AF$650,[2]خرداد!$C$4:$C$650,"قالب تعمیری",[2]خرداد!$B$4:$B$650,B7) -> 35 | N7: wier | P7: =SUMIFS([2]خرداد!$AR$4:$AR$650,[2]خرداد!$C$4:$C$650,"قالب تعمیری",[2]خرداد!$B$4:$B$650,B7) -> 26250000
A9: 3 | B9: قالب پخت کلاچ پژو 405 | C9: جهان کلاچ | F9: 03S | K9: Matrix Top Plate Botton Plate Guide Rod Stoper | L9: =SUMIFS([2]خرداد!$AF$4:$AF$650,[2]خرداد!$C$4:$C$650,"قالب تعمیری",[2]خرداد!$B$4:$B$650,B9,[2]خرداد!$H$4:$H$650,F9)+150 -> 346.5 | M9: 407/د/05 | N9: تمام فرایند ساخت قالب جدید کلاچ | O9: 17050000 | P9: =SUMIFS([2]خرداد!$AR$4:$AR$650,[2]خرداد!$C$4:$C$650,"قالب تعمیری",[2]خرداد!$B$4:$B$650,B9) -> 436500000
A11: 4 | L11: =SUMIFS([2]خرداد!$AF$4:$AF$650,[2]خرداد!$C$4:$C$650,"قالب تعمیری",[2]خرداد!$B$4:$B$650,B11,[2]خرداد!$H$4:$H$650,F11) -> 0 | P11: =SUMIFS([2]خرداد!$AR$4:$AR$650,[2]خرداد!$C$4:$C$650,"قالب تعمیری",[2]خرداد!$B$4:$B$650,B11) -> 0
B13: مجموع | L13: =SUM(L5:L12) -> 391.5 | O13: =SUM(O5:O12) -> 17050000 | P13: =SUM(P5:P12) -> 466500000

Sheet 15
A1: Repaired Mold | O1: Date | P1: 1405
O2: weeks | P2: 15
A3: d | B3: نام قالب | C3: واحد | D3: نام اپراتور | E3: تعداد ضرب | F3: شماره قالب | G3: شماره دستگاه | H3: تاریخ دریافت | I3: تاریخ تحویل | J3: تحویل گیرنده | K3: مواد تامین شده | L3: مجموع ساعات کار انجام شده | M3: شماره نامه درخواست | N3: اقدامات انجام شده | O3: هزینه کروم (تومان) | P3: هزینه تعمیرات (تومان)
E4: کلی
A5: 1 | B5: پخت کلاچ پراید سکو | C5: جهان ترمز | F5: MC30357-01S | H5: 1405/04/09 | I5: 1405/04/10 | J5: م.قالب | K5: پین | L5: =SUMIFS([2]تیر!$AF$4:$AF$690,[2]تیر!$C$4:$C$690,"قالب تعمیری",[2]تیر!$B$4:$B$690,B5,[2]تیر!$H$4:$H$690,F5) -> 21.5 | M5: 05/د/4231 | N5: مونتاژ | P5: =SUMIFS([2]تیر!$AR$4:$AR$650,[2]تیر!$C$4:$C$650,"قالب تعمیری",[2]تیر!$B$4:$B$650,B5) -> 16125000
A7: 2 | B7: پخت کلاچ پژو 206 TU5 | C7: جهان ترمز | F7: MC30334-01s | H7: 1405/04/11 | I7: 1405/04/12 | J7: م.قالب | K7: سوپاپ | L7: =SUMIFS([2]تیر!$AF$4:$AF$690,[2]تیر!$C$4:$C$690,"قالب تعمیری",[2]تیر!$B$4:$B$690,B7,[2]تیر!$H$4:$H$690,F7) -> 19.5 | N7: مونتاژ | P7: =SUMIFS([2]تیر!$AR$4:$AR$650,[2]تیر!$C$4:$C$650,"قالب تعمیری",[2]تیر!$B$4:$B$650,B7) -> 14625000
A9: 3 | B9: پخت کلاچ ده تن | C9: جهان ترمز | F9: MC30298-01s | H9: 1405/04/10 | I9: 1405/04/12 | J9: م.قالب | K9: پین اصلاح صفحه زیر | L9: =SUMIFS([2]تیر!$AF$4:$AF$690,[2]تیر!$C$4:$C$690,"قالب تعمیری",[2]تیر!$B$4:$B$690,B9,[2]تیر!$H$4:$H$690,F9) -> 28.166667 | M9: 05/د/4231 | N9: مونتاژ اصلاح صفحه زیر | P9: =SUMIFS([2]تیر!$AR$4:$AR$650,[2]تیر!$C$4:$C$650,"قالب تعمیری",[2]تیر!$B$4:$B$650,B9) -> 24875000
A11: 4 | B11: قالب فوتون 107 | C11: جهان لنت | F11: 1 | H11: 1405/04/09 | I11: 1405/04/12 | J11: م.قالب | K11: پیچ بریدگی | L11: =SUMIFS([2]تیر!$AF$4:$AF$690,[2]تیر!$C$4:$C$690,"قالب تعمیری",[2]تیر!$B$4:$B$690,B11,[2]تیر!$H$4:$H$690,F11) -> 18.5 | N11: اصلاح تعویض پیچ | P11: =SUMIFS([2]تیر!$AR$4:$AR$650,[2]تیر!$C$4:$C$650,"قالب تعمیری",[2]تیر!$B$4:$B$650,B11) -> 13875000
A13: 5 | B13: قالب برش میدل باس | C13: پرس | F13: 1 | H13: 1405/04/06 | I13: 1405/04/06 | J13: پرس | K13: اصلاح | L13: =SUMIFS([2]تیر!$AF$4:$AF$690,[2]تیر!$C$4:$C$690,"قالب تعمیری",[2]تیر!$B$4:$B$690,B13,[2]تیر!$H$4:$H$690,F13) -> 5.5 | M13: 1714 | N13: سنگ زنی | P13: =SUMIFS([2]تیر!$AR$4:$AR$650,[2]تیر!$C$4:$C$650,"قالب تعمیری",[2]تیر!$B$4:$B$650,B13) -> 4125000
A15: 6 | B15: قالب پخت کلاچ تیبا چپ | C15: جهان ترمز | F15: 1 | H15: 1405/04/09 | I15: 1405/04/10 | J15: م.قالب | K15: پین | L15: =SUMIFS([2]تیر!$AF$4:$AF$690,[2]تیر!$C$4:$C$690,"قالب تعمیری",[2]تیر!$B$4:$B$690,B15,[2]تیر!$H$4:$H$690,F15) -> 8 | N15: تعویض پین | P15: =SUMIFS([2]تیر!$AR$4:$AR$650,[2]تیر!$C$4:$C$650,"قالب تعمیری",[2]تیر!$B$4:$B$650,B15) -> 6000000
A17: 7 | B17: پخت کلاچ پیکان | C17: جهان ترمز | F17: MC30241-05s | H17: 1404/12/24 | I17: 1405/04/08 | J17: م.قالب | K17: Matrix Top Plate Botton Plate Guide Rod Stoper | L17: =SUMIFS([2]تیر!$AF$4:$AF$690,[2]تیر!$C$4:$C$690,"قالب تعمیری",[2]تیر!$B$4:$B$690,B17,[2]تیر!$H$4:$H$690,F17)+340 -> 340 | M17: 692 | N17: تمام فرایند ساخت قالب جدید کلاچ | O17: 17050000 | P17: =SUMIFS([2]تیر!$AR$4:$AR$650,[2]تیر!$C$4:$C$650,"قالب تعمیری",[2]تیر!$B$4:$B$650,B17)+383250000 -> 383250000
A19: 8 | B19: پخت کلاچ پراید | C19: جهان ترمز | H19: 1404/12/24 | I19: 1405/04/12 | J19: م.قالب | K19: Matrix Top Plate Botton Plate Guide Rod Stoper | L19: =SUMIFS([2]تیر!$AF$4:$AF$690,[2]تیر!$C$4:$C$690,"قالب تعمیری",[2]تیر!$B$4:$B$690,B19,[2]تیر!$H$4:$H$690,F19)+310 -> 310 | N19: تمام فرایند ساخت قالب جدید کلاچ | O19: 17050000 | P19: =SUMIFS([2]تیر!$AR$4:$AR$650,[2]تیر!$C$4:$C$650,"قالب تعمیری",[2]تیر!$B$4:$B$650,B19)+175000170 -> 461375170
B21: مجموع | L21: =SUM(L5:L20) -> 751.16667 | O21: =SUM(O5:O20) -> 34100000 | P21: =SUM(P5:P20) -> 924250170

Sheet 16
A1: Repaired Mold | O1: Date | P1: 1405
O2: weeks | P2: 16
A3: d | B3: نام قالب | C3: واحد | D3: نام اپراتور | E3: تعداد ضرب | F3: شماره قالب | G3: شماره دستگاه | H3: تاریخ دریافت | I3: تاریخ تحویل | J3: تحویل گیرنده | K3: مواد تامین شده | L3: مجموع ساعات کار انجام شده | M3: شماره نامه درخواست | N3: اقدامات انجام شده | O3: هزینه کروم (تومان) | P3: هزینه تعمیرات (تومان)
E4: کلی
A5: 1 | B5: قالب ترابوزا | C5: جهان لنت | H5: 1404/09/19 | I5: 1405/04/19 | J5: م.قالب | K5: میل راهنما | L5: =SUMIFS([2]تیر!$AF$4:$AF$690,[2]تیر!$C$4:$C$690,"قالب تعمیری",[2]تیر!$B$4:$B$690,B5,[2]تیر!$H$4:$H$690,F5)+486 -> 486 | M5: 771 | N5: مونتاژ ، وایر ، کروم ، سنگ ، فرز ، تراش | O5: =5200000+5200000+6500000 -> 16900000 | P5: =SUMIFS([2]تیر!$AR$4:$AR$650,[2]تیر!$C$4:$C$650,"قالب تعمیری",[2]تیر!$B$4:$B$650,B5)+49520000 -> 119770000
A7: 2 | B7: پخت کلاچ پراید | C7: جهان ترمز | F7: MC30246-02S | H7: 1404/12/24 | I7: 1405/04/13 | J7: م.قالب | K7: Matrix Top Plate Botton Plate Guide Rod Stoper | L7: =SUMIFS([2]تیر!$AF$4:$AF$690,[2]تیر!$C$4:$C$690,"قالب تعمیری",[2]تیر!$B$4:$B$690,B7,[2]تیر!$H$4:$H$690,"*")+180 -> 350.83333 | M7: 734 | O7: 17050000 | P7: =SUMIFS([2]تیر!$AR$4:$AR$650,[2]تیر!$C$4:$C$650,"قالب تعمیری",[2]تیر!$B$4:$B$650,B7) -> 286375000
A9: 3 | B9: پخت کلاچ پژو | C9: جهان ترمز | F9: MC30243-07s | H9: 1404/12/24 | I9: 1405/04/19 | J9: م.قالب | K9: Matrix Top Plate Botton Plate Guide Rod Stoper | L9: =SUMIFS([2]تیر!$AF$4:$AF$690,[2]تیر!$C$4:$C$690,"قالب تعمیری",[2]تیر!$B$4:$B$690,B9,[2]تیر!$H$4:$H$690,F9)+340 -> 340 | O9: 17050000 | P9: =SUMIFS([2]تیر!$AR$4:$AR$650,[2]تیر!$C$4:$C$650,"قالب تعمیری",[2]تیر!$B$4:$B$650,B9)+383000000 -> 383000000
A11: 4 | B11: پخت کلاچ FH | C11: جهان ترمز | H11: 1405/04/14 | I11: 1405/04/18 | J11: م.قالب | K11: پین | L11: =SUMIFS([2]تیر!$AF$4:$AF$690,[2]تیر!$C$4:$C$690,"قالب تعمیری",[2]تیر!$B$4:$B$690,B11,[2]تیر!$H$4:$H$690,F11)+20 -> 20 | M11: 412 | N11: مونتاژ | P11: =SUMIFS([2]تیر!$AR$4:$AR$650,[2]تیر!$C$4:$C$650,"قالب تعمیری",[2]تیر!$B$4:$B$650,B11) -> 18750000
A13: 5 | B13: قالب توری میدل باس | C13: پرس | D13: خیالی | F13: 1 | H13: 1405/04/11 | I13: 1405/04/13 | J13: پرس | L13: 5 | M13: 1715 | N13: سنگ زنی | P13: =SUMIFS([2]تیر!$AR$4:$AR$650,[2]تیر!$C$4:$C$650,"قالب تعمیری",[2]تیر!$B$4:$B$650,B13)+(5*750000) -> 3750000
A15: 6 | B15: کوبه جا فنری میدل باس | C15: پرس | D15: خیالی | F15: 1 | H15: 1405/04/16 | I15: 1405/04/17 | J15: پرس | L15: =SUMIFS([2]تیر!$AF$4:$AF$690,[2]تیر!$C$4:$C$690,"قالب تعمیری",[2]تیر!$B$4:$B$690,B15,[2]تیر!$H$4:$H$690,F15)+5 -> 5 | M15: 1417 | N15: سنگ زنی | P15: =SUMIFS([2]تیر!$AR$4:$AR$650,[2]تیر!$C$4:$C$650,"قالب تعمیری",[2]تیر!$B$4:$B$650,B15)+(5*750000) -> 3750000
B17: مجموع | L17: =SUM(L5:L16) -> 1206.8333 | O17: =SUM(O5:O16) -> 51000000 | P17: =SUM(P5:P16) -> 815395000

Sheet 17
A1: Repaired Mold | O1: Date | P1: 1405
O2: weeks | P2: 17
A3: d | B3: نام قالب | C3: واحد | D3: نام اپراتور | E3: تعداد ضرب | F3: شماره قالب | G3: شماره دستگاه | H3: تاریخ دریافت | I3: تاریخ تحویل | J3: تحویل گیرنده | K3: مواد تامین شده | L3: مجموع ساعات کار انجام شده | M3: شماره نامه درخواست | N3: اقدامات انجام شده | O3: هزینه کروم (تومان) | P3: هزینه تعمیرات (تومان)
E4: کلی
A5: 1 | B5: قالب پخت کلاچ پژو 405 | C5: جهان ترمز | F5: MC30243-10s | H5: 1404/12/24 | I5: 1405/04/26 | J5: م.قالب | K5: Matrix Top Plate Botton Plate Guide Rod Stoper | L5: =SUMIFS([2]تیر!$AF$4:$AF$690,[2]تیر!$C$4:$C$690,"قالب تعمیری",[2]تیر!$B$4:$B$690,B5,[2]تیر!$H$4:$H$690,"*")+104 -> 221 | N5: تمام فرایند ساخت قالب جدید کلاچ | O5: 17050000 | P5: =SUMIFS([2]تیر!$AR$4:$AR$650,[2]تیر!$C$4:$C$650,"قالب تعمیری",[2]تیر!$B$4:$B$650,B5) -> 390250000
A7: 2 | B7: پخت کلاچ پراید | C7: جهان ترمز | F7: MC30246-07S | H7: 1404/12/24 | I7: 1405/04/20 | J7: م.قالب | K7: Matrix Top Plate Botton Plate Guide Rod Stoper | L7: =SUMIFS([2]تیر!$AF$4:$AF$690,[2]تیر!$C$4:$C$690,"قالب تعمیری",[2]تیر!$B$4:$B$690,B7,[2]تیر!$H$4:$H$690,"*")+79 -> 249.83333 | M7: 679 | N7: تمام فرایند ساخت قالب جدید کلاچ | O7: 17050000 | P7: =SUMIFS([2]تیر!$AR$4:$AR$650,[2]تیر!$C$4:$C$650,"قالب تعمیری",[2]تیر!$B$4:$B$650,B7) -> 286375000
A9: 3 | B9: پخت کلاچ ایویکو سوراخدار | C9: جهان ترمز | F9: FC30249-01S | H9: 1405/04/20 | I9: 1405/04/22 | J9: م.قالب | K9: تعویض پین ، میل راهنما | L9: =SUMIFS([2]تیر!$AF$4:$AF$690,[2]تیر!$C$4:$C$690,"قالب تعمیری",[2]تیر!$B$4:$B$690,B9,[2]تیر!$H$4:$H$690,"*") -> 16 | M9: دستی | N9: مونتاژ ، دمونتاژ | P9: =SUMIFS([2]تیر!$AR$4:$AR$650,[2]تیر!$C$4:$C$650,"قالب تعمیری",[2]تیر!$B$4:$B$650,B9) -> 9750000
A11: 4 | B11: پخت کلاچ پراید سکو | C11: جهان ترمز | F11: MC30357-01S | H11: 1405/04/20 | I11: 1405/04/22 | J11: م.قالب | K11: تعویض پین | L11: =SUMIFS([2]تیر!$AF$4:$AF$690,[2]تیر!$C$4:$C$690,"قالب تعمیری",[2]تیر!$B$4:$B$690,B11,[2]تیر!$H$4:$H$690,"*") -> 21.5 | M11: 14811 | N11: مونتاژ ، دمونتاژ | P11: =SUMIFS([2]تیر!$AR$4:$AR$650,[2]تیر!$C$4:$C$650,"قالب تعمیری",[2]تیر!$B$4:$B$650,B11) -> 16125000
A13: 5 | B13: پخت کلاچ ده تن | C13: جهان ترمز | F13: MC30298-01s | H13: 1405/04/22 | I13: 1405/04/23 | J13: م.قالب | K13: تعویض پین | L13: =SUMIFS([2]تیر!$AF$4:$AF$690,[2]تیر!$C$4:$C$690,"قالب تعمیری",[2]تیر!$B$4:$B$690,B13,[2]تیر!$H$4:$H$690,"*") -> 28.166667 | M13: دستی | N13: مونتاژ ، دمونتاژ | P13: =SUMIFS([2]تیر!$AR$4:$AR$650,[2]تیر!$C$4:$C$650,"قالب تعمیری",[2]تیر!$B$4:$B$650,B13) -> 24875000
A15: 6 | B15: قالب قطاری | C15: جهان لنت | F15: MT30158-01S | H15: 1405/04/20 | I15: 1405/04/26 | J15: م.قالب | K15: تعویض پیچ ، میل راهنما | L15: =SUMIFS([2]تیر!$AF$4:$AF$690,[2]تیر!$C$4:$C$690,"قالب تعمیری",[2]تیر!$B$4:$B$690,B15,[2]تیر!$H$4:$H$690,"*") -> 33.5 | M15: دستی | N15: مونتاژ ، دریل ، تراش | P15: =SUMIFS([2]تیر!$AR$4:$AR$650,[2]تیر!$C$4:$C$650,"قالب تعمیری",[2]تیر!$B$4:$B$650,B15) -> 25125000
A17: 7 | B17: قالب توری پگاسوز | C17: جهان لنت | D17: خیالی | G17: 6003 | H17: 1405/04/23 | I17: 1405/04/23 | J17: پرس | L17: 2 | M17: 1718 | N17: سنگ زنی | P17: =SUMIFS([2]تیر!$AR$4:$AR$650,[2]تیر!$C$4:$C$650,"قالب تعمیری",[2]تیر!$B$4:$B$650,B17) -> 1500000
B19: مجموع | L19: =SUM(L5:L18) -> 572 | O19: =SUM(O5:O18) -> 34100000 | P19: =SUM(P5:P18) -> 754000000

Sheet 18
A1: Repaired Mold | O1: Date | P1: 1405
O2: weeks | P2: 18
A3: d | B3: نام قالب | C3: واحد | D3: نام اپراتور | E3: تعداد ضرب | F3: شماره قالب | G3: شماره دستگاه | H3: تاریخ دریافت | I3: تاریخ تحویل | J3: تحویل گیرنده | K3: مواد تامین شده | L3: مجموع ساعات کار انجام شده | M3: شماره نامه درخواست | N3: اقدامات انجام شده | O3: هزینه کروم (تومان) | P3: هزینه تعمیرات (تومان)
E4: کلی
A5: 1 | B5: قالب توری SAF قدیم | C5: جهان لنت | D5: خیالی | G5: 3006 | H5: 1405/04/29 | I5: 1405/04/31 | J5: پرس | L5: =SUMIFS([2]تیر!$AF$4:$AF$800,[2]تیر!$C$4:$C$800,"قالب تعمیری",[2]تیر!$B$4:$B$800,B5,[2]تیر!$H$4:$H$800,"*")+6 -> 6 | M5: 1721 | N5: سنگ زنی ، Assemble | P5: =SUMIFS([2]تیر!$AR$4:$AR$800,[2]تیر!$C$4:$C$800,"قالب تعمیری",[2]تیر!$B$4:$B$800,B5) -> 4500000
A7: 2 | B7: پخت کلاچ اینترکولر | C7: جعان ترمز | F7: 01S | H7: 1405/04/30 | I7: 1405/04/31 | J7: PM MOLd | K7: PIN | L7: =SUMIFS([2]تیر!$AF$4:$AF$690,[2]تیر!$C$4:$C$690,"قالب تعمیری",[2]تیر!$B$4:$B$690,B7,[2]تیر!$H$4:$H$690,"*")+8 -> 8 | N7: Assemble | P7: =SUMIFS([2]تیر!$AR$4:$AR$800,[2]تیر!$C$4:$C$800,"قالب تعمیری",[2]تیر!$B$4:$B$800,B7) -> 6000000
A9: 3 | B9: پخت کلاچ ایویکو سوراخدار | C9: جعان ترمز | H9: 1405/04/28 | I9: 1405/04/29 | J9: PM MOLd | K9: PIN | L9: =SUMIFS([2]تیر!$AF$4:$AF$690,[2]تیر!$C$4:$C$690,"قالب تعمیری",[2]تیر!$B$4:$B$690,B9,[2]تیر!$H$4:$H$690,"*") -> 16 | N9: Assemble | P9: =SUMIFS([2]تیر!$AR$4:$AR$800,[2]تیر!$C$4:$C$800,"قالب تعمیری",[2]تیر!$B$4:$B$800,B9) -> 15000000
A11: 4 | B11: ایسوزو 6 تن | C11: جهان لنت | H11: 1405/04/28 | I11: 1405/05/01 | J11: PM MOLd | K11: میل راهنما | L11: =SUMIFS([2]تیر!$AF$4:$AF$800,[2]تیر!$C$4:$C$800,"قالب تعمیری",[2]تیر!$B$4:$B$800,B5,[2]تیر!$H$4:$H$800,"*")+25 -> 25 | N11: تراش ، Asseble ، | P11: =SUMIFS([2]تیر!$AR$4:$AR$800,[2]تیر!$C$4:$C$800,"قالب تعمیری",[2]تیر!$B$4:$B$800,B11)+4875000 -> 18375000
A13: 5 | B13: BPW تاجدار | C13: جهان لنت | D13: خیالی | G13: 3006 | H13: 1405/04/29 | I13: 1405/04/31 | J13: پرس | L13: =SUMIFS([2]تیر!$AF$4:$AF$690,[2]تیر!$C$4:$C$690,"قالب تعمیری",[2]تیر!$B$4:$B$690,B13,[2]تیر!$H$4:$H$690,"*")+6 -> 6 | M13: 1719 | N13: سنگ زنی ، Assemble | P13: =SUMIFS([2]تیر!$AR$4:$AR$800,[2]تیر!$C$4:$C$800,"قالب تعمیری",[2]تیر!$B$4:$B$800,B13)+4500000 -> 4500000
A15: 6 | B15: قالب پخت کلاچ پژو 405 | C15: جهان ترمز | F15: MC30243-10s | H15: 1404/12/24 | I15: 1405/04/26 | J15: م.قالب | K15: Matrix Top Plate Botton Plate Guide Rod Stoper | L15: =SUMIFS([2]تیر!$AF$4:$AF$690,[2]تیر!$C$4:$C$690,"قالب تعمیری",[2]تیر!$B$4:$B$690,B15,[2]تیر!$H$4:$H$690,"*") -> 117 | N15: تمام فرایند ساخت قالب جدید کلاچ | O15: 17050000 | P15: =SUMIFS([2]تیر!$AR$4:$AR$800,[2]تیر!$C$4:$C$800,"قالب تعمیری",[2]تیر!$B$4:$B$800,B15)/2 -> 202250000
B17: مجموع | L17: =SUM(L5:L16) -> 178 | O17: =SUM(O5:O16) -> 17050000 | P17: =SUM(P5:P16) -> 250625000

Sheet 19
A1: Repaired Mold | O1: Date | P1: 1405
O2: weeks | P2: 19
A3: d | B3: نام قالب | C3: واحد | D3: نام اپراتور | E3: تعداد ضرب | F3: شماره قالب | G3: شماره دستگاه | H3: تاریخ دریافت | I3: تاریخ تحویل | J3: تحویل گیرنده | K3: مواد تامین شده | L3: مجموع ساعات کار انجام شده | M3: شماره نامه درخواست | N3: اقدامات انجام شده | O3: هزینه کروم (تومان) | P3: هزینه تعمیرات (تومان)
E4: کلی
A5: 1 | B5: جلو ریو | C5: جهان لنت | F5: ML23873-03S | H5: 1405/04/28 | I5: 1405/05/05 | J5: م.قالب | K5: Guaid Rod | L5: =SUMIFS([2]مرداد!$AF$4:$AF$800,[2]مرداد!$C$4:$C$800,"قالب تعمیری",[2]مرداد!$B$4:$B$800,B5,[2]مرداد!$H$4:$H$800,"*") -> 19.333333 | N5: Bottom Plate Truppe | P5: =SUMIFS([2]مرداد!$AR$4:$AR$800,[2]مرداد!$C$4:$C$800,"قالب تعمیری",[2]مرداد!$B$4:$B$800,B5) -> 14500000
A7: 2 | B7: پخت کلاچ ده تن | C7: جهان ترمز | H7: 1405/05/06 | I7: 1405/05/06 | J7: م.قالب | K7: Ejection Pin | L7: =SUMIFS([2]مرداد!$AF$4:$AF$800,[2]مرداد!$C$4:$C$800,"قالب تعمیری",[2]مرداد!$B$4:$B$800,B7,[2]مرداد!$H$4:$H$800,"*") -> 5 | N7: Assambly | P7: =SUMIFS([2]مرداد!$AR$4:$AR$800,[2]مرداد!$C$4:$C$800,"قالب تعمیری",[2]مرداد!$B$4:$B$800,B7) -> 3750000
A9: 3 | B9: پخت کلاچ پراید | C9: جهان ترمز | H9: 1404/12/10 | I9: 1405/05/07 | J9: م.قالب | K9: Matrix Top Plate Botton Plate Guide Rod Stoper | L9: =SUMIFS([2]مرداد!$AF$4:$AF$800,[2]مرداد!$C$4:$C$800,"قالب تعمیری",[2]مرداد!$B$4:$B$800,B9,[2]مرداد!$H$4:$H$800,"*")+110 -> 110 | M9: 745 | N9: تمام فرایند ساخت قالب جدید کلاچ | O9: 17050000 | P9: =SUMIFS([2]مرداد!$AR$4:$AR$800,[2]مرداد!$C$4:$C$800,"قالب تعمیری",[2]مرداد!$B$4:$B$800,B9)*10 -> 420000000
A11: 4 | B11: قالب ولوو سوپر | C11: جهان لنت | F11: MH19562-01P | H11: 1404/12/26 | I11: 1405/05/08 | J11: م.قالب | K11: Guaid Rod Mandrel Backing Plate | L11: =SUMIFS([2]مرداد!$AF$4:$AF$800,[2]مرداد!$C$4:$C$800,"قالب تعمیری",[2]مرداد!$B$4:$B$800,B11,[2]مرداد!$H$4:$H$800,"*")+86+56 -> 204.5 | M11: 747 | N11: CNC Wier EMD Drilling Truped Assambly Chrome | O11: 24900000 | P11: =SUMIFS([2]مرداد!$AR$4:$AR$800,[2]مرداد!$C$4:$C$800,"قالب تعمیری",[2]مرداد!$B$4:$B$800,B11)+64750000+42000000 -> 153625000
A13: 5 | B13: قالب توری پگاسوز | C13: جهان لنت /پرس | D13: خیالی | F13: 30425-01P | G13: 6003 | H13: 1405/05/05 | I13: 1405/05/06 | J13: پرس | L13: =SUMIFS([2]مرداد!$AF$4:$AF$800,[2]مرداد!$C$4:$C$800,"قالب تعمیری",[2]مرداد!$B$4:$B$800,B13,[2]مرداد!$H$4:$H$800,"*")+3 -> 3 | M13: 1718 | N13: سنگ زنی Assambly | P13: =SUMIFS([2]مرداد!$AR$4:$AR$800,[2]مرداد!$C$4:$C$800,"قالب تعمیری",[2]مرداد!$B$4:$B$800,B13) -> 2250000
B15: مجموع | L15: =SUM(L5:L14) -> 341.83333 | O15: =SUM(O5:O14) -> 41950000 | P15: =SUM(P5:P14) -> 594125000

Sheet 20
A1: Repaired Mold | O1: Date | P1: 1405
O2: weeks | P2: 20
A3: d | B3: نام قالب | C3: واحد | D3: نام اپراتور | E3: تعداد ضرب | F3: شماره قالب | G3: شماره دستگاه | H3: تاریخ دریافت | I3: تاریخ تحویل | J3: تحویل گیرنده | K3: مواد تامین شده | L3: مجموع ساعات کار انجام شده | M3: شماره نامه درخواست | N3: اقدامات انجام شده | O3: هزینه کروم (تومان) | P3: هزینه تعمیرات (تومان)
E4: کلی
A5: 1 | B5: قالب پخت کلاچ پژو 405 | C5: جهان ترمز | F5: 10S | H5: 1405/05/07 | I5: 1405/05/13 | J5: م.قالب | K5: پین | L5: =SUMIFS([2]مرداد!$AF$4:$AF$800,[2]مرداد!$C$4:$C$800,"قالب تعمیری",[2]مرداد!$B$4:$B$800,B5,[2]مرداد!$H$4:$H$800,"*")+24 -> 24 | N5: سنگ زنی ، Assemble | P5: =SUMIFS([2]مرداد!$AR$4:$AR$800,[2]مرداد!$C$4:$C$800,"قالب تعمیری",[2]مرداد!$B$4:$B$800,B5)-78000000 -> 12875000
A7: 2 | B7: پخت کلاچ ایویکو سوراخدار | C7: جهان ترمز | F7: MC30249-01S | H7: 1405/05/10 | I7: 1405/05/11 | J7: م.قالب | K7: پین | L7: =SUMIFS([2]مرداد!$AF$4:$AF$800,[2]مرداد!$C$4:$C$800,"قالب تعمیری",[2]مرداد!$B$4:$B$800,B7,[2]مرداد!$H$4:$H$800,"*") -> 12 | N7: مونتاژ | P7: =SUMIFS([2]مرداد!$AR$4:$AR$800,[2]مرداد!$C$4:$C$800,"قالب تعمیری",[2]مرداد!$B$4:$B$800,B7) -> 9000000
A9: 3 | L9: =SUMIFS([2]مرداد!$AF$4:$AF$800,[2]مرداد!$C$4:$C$800,"قالب تعمیری",[2]مرداد!$B$4:$B$800,B9,[2]مرداد!$H$4:$H$800,"*") -> 0 | P9: =SUMIFS([2]مرداد!$AR$4:$AR$800,[2]مرداد!$C$4:$C$800,"قالب تعمیری",[2]مرداد!$B$4:$B$800,B9)*10 -> 0
A11: 4 | L11: =SUMIFS([2]مرداد!$AF$4:$AF$800,[2]مرداد!$C$4:$C$800,"قالب تعمیری",[2]مرداد!$B$4:$B$800,B11,[2]مرداد!$H$4:$H$800,"*") -> 0 | P11: =SUMIFS([2]مرداد!$AR$4:$AR$800,[2]مرداد!$C$4:$C$800,"قالب تعمیری",[2]مرداد!$B$4:$B$800,B11) -> 0
A13: 5 | L13: =SUMIFS([2]مرداد!$AF$4:$AF$800,[2]مرداد!$C$4:$C$800,"قالب تعمیری",[2]مرداد!$B$4:$B$800,B13,[2]مرداد!$H$4:$H$800,"*") -> 0 | P13: =SUMIFS([2]مرداد!$AR$4:$AR$800,[2]مرداد!$C$4:$C$800,"قالب تعمیری",[2]مرداد!$B$4:$B$800,B13) -> 0
B15: مجموع | L15: =SUM(L5:L14) -> 36 | O15: =SUM(O5:O14) -> 0 | P15: =SUM(P5:P14) -> 21875000

Sheet 21
A1: Repaired Mold | O1: Date | P1: 1405
O2: weeks | P2: 21
A3: d | B3: نام قالب | C3: واحد | D3: نام اپراتور | E3: تعداد ضرب | F3: شماره قالب | G3: شماره دستگاه | H3: تاریخ دریافت | I3: تاریخ تحویل | J3: تحویل گیرنده | K3: مواد تامین شده | L3: مجموع ساعات کار انجام شده | M3: شماره نامه درخواست | N3: اقدامات انجام شده | O3: هزینه کروم (تومان) | P3: هزینه تعمیرات (تومان)
E4: کلی
A5: 1 | B5: پخت کلاچ پراید سکو | C5: جهان ترمز | F5: MC30357-01S | H5: 1405/05/18 | I5: 1405/05/20 | J5: م.قالب | K5: پین | L5: =SUMIFS([2]مرداد!$AF$4:$AF$800,[2]مرداد!$C$4:$C$800,"قالب تعمیری",[2]مرداد!$B$4:$B$800,B5,[2]مرداد!$H$4:$H$800,"*") -> 15 | N5: مونتاژ | P5: =SUMIFS([2]مرداد!$AR$4:$AR$800,[2]مرداد!$C$4:$C$800,"قالب تعمیری",[2]مرداد!$B$4:$B$800,B5) -> 11250000
B7: مجموع | L7: =SUM(L5:L6) -> 15 | O7: =SUM(O5:O6) -> 0 | P7: =SUM(P5:P6) -> 11250000

Sheet 22
A1: Repaired Mold | O1: Date | P1: 1405
O2: weeks | P2: 22
A3: d | B3: نام قالب | C3: واحد | D3: نام اپراتور | E3: تعداد ضرب | F3: شماره قالب | G3: شماره دستگاه | H3: تاریخ دریافت | I3: تاریخ تحویل | J3: تحویل گیرنده | K3: مواد تامین شده | L3: مجموع ساعات کار انجام شده | M3: شماره نامه درخواست | N3: اقدامات انجام شده | O3: هزینه کروم (تومان) | P3: هزینه تعمیرات (تومان)
E4: کلی
A5: 1 | B5: پرس لودری 70021 | C5: پرس / جهان لنت | D5: خیالی | F5: 1 | H5: 1405/05/24 | I5: 1405/05/27 | J5: خیالی | L5: =SUMIFS([2]مرداد!$AF$4:$AF$800,[2]مرداد!$C$4:$C$800,"قالب تعمیری",[2]مرداد!$B$4:$B$800,B5,[2]مرداد!$H$4:$H$800,"*")+11 -> 11 | M5: 1721 | N5: سنگ زنی | P5: =SUMIFS([2]مرداد!$AR$4:$AR$800,[2]مرداد!$C$4:$C$800,"قالب تعمیری",[2]مرداد!$B$4:$B$800,B5) -> 8250000
A7: 2 | B7: نک آرایش BPW تاجدار | C7: پرس / جهان لنت | D7: خیالی | F7: 1 | H7: 1405/05/28 | I7: 1405/05/28 | J7: خیالی | L7: =SUMIFS([2]مرداد!$AF$4:$AF$800,[2]مرداد!$C$4:$C$800,"قالب تعمیری",[2]مرداد!$B$4:$B$800,B7,[2]مرداد!$H$4:$H$800,"*")+1 -> 1 | M7: 1723 | N7: سنگ زنی | P7: =SUMIFS([2]مرداد!$AR$4:$AR$800,[2]مرداد!$C$4:$C$800,"قالب تعمیری",[2]مرداد!$B$4:$B$800,B7) -> 750000
A9: 3 | B9: پخت کلاچ 302 سوراخدار | C9: جهان ترمز | F9: MC30250-01S | H9: 1405/05/25 | I9: 1405/05/25 | J9: م.قالب | K9: پین خزینه | L9: 18.5 | N9: مونتاژ ، تراش | P9: =SUMIFS([2]مرداد!$AR$4:$AR$800,[2]مرداد!$C$4:$C$800,"قالب تعمیری",[2]مرداد!$B$4:$B$800,B9) -> 13875000
B11: مجموع | L11: =SUM(L5:L10) -> 30.5 | O11: =SUM(O5:O10) -> 0 | P11: =SUM(P5:P10) -> 22875000

Sheet 23
A1: Repaired Mold | O1: Date | P1: 1405
O2: weeks | P2: 23
A3: d | B3: نام قالب | C3: واحد | D3: نام اپراتور | E3: تعداد ضرب | F3: شماره قالب | G3: شماره دستگاه | H3: تاریخ دریافت | I3: تاریخ تحویل | J3: تحویل گیرنده | K3: مواد تامین شده | L3: مجموع ساعات کار انجام شده | M3: شماره نامه درخواست | N3: اقدامات انجام شده | O3: هزینه کروم (تومان) | P3: هزینه تعمیرات (تومان)
E4: کلی
A5: 1 | B5: توری میدل باس | C5: پرس/ جهان لنت | D5: خیالی | H5: 1405/05/31 | I5: 1405/05/31 | J5: خیالی | L5: =SUMIFS([2]مرداد!$AF$4:$AF$800,[2]مرداد!$C$4:$C$800,"قالب تعمیری",[2]مرداد!$B$4:$B$800,B5,[2]مرداد!$H$4:$H$800,"*")+2 -> 2 | M5: 1724 | N5: سنگ زنی | P5: =SUMIFS([2]مرداد!$AR$4:$AR$800,[2]مرداد!$C$4:$C$800,"قالب تعمیری",[2]مرداد!$B$4:$B$800,B5) -> 1500000
A7: 2 | B7: قالب پخت کلاچ پژو 405 | C7: جهان ترمز | F7: 2 | H7: 1405/06/03 | I7: 1405/06/03 | J7: م.قالب | K7: پیچ | L7: 0.5 | N7: Assambly(پیچ بریدگی) | P7: =SUMIFS([2]شهریور!$AR$4:$AR$800,[2]شهریور!$C$4:$C$800,"قالب تعمیری",[2]شهریور!$B$4:$B$800,B7) -> 29625000
B9: مجموع | L9: =SUM(L5:L8) -> 2.5 | O9: =SUM(O5:O8) -> 0 | P9: =SUM(P5:P8) -> 31125000

Sheet 24
A1: Repaired Mold | O1: Date | P1: 1405
O2: weeks | P2: 24
A3: d | B3: نام قالب | C3: واحد | D3: نام اپراتور | E3: تعداد ضرب | F3: شماره قالب | G3: شماره دستگاه | H3: تاریخ دریافت | I3: تاریخ تحویل | J3: تحویل گیرنده | K3: مواد تامین شده | L3: مجموع ساعات کار انجام شده | M3: شماره نامه درخواست | N3: اقدامات انجام شده | O3: هزینه کروم (تومان) | P3: هزینه تعمیرات (تومان)
E4: کلی
A5: 1 | B5: قالب پخت کلاچ پژو 405 | C5: جهان ترمز | H5: 1405/06/07 | I5: 1405/06/10 | J5: م.قالب | K5: PIN پیچ | L5: =SUMIFS([2]مرداد!$AF$4:$AF$800,[2]مرداد!$C$4:$C$800,"قالب تعمیری",[2]مرداد!$B$4:$B$800,B5,[2]مرداد!$H$4:$H$800,"*")+19.5 -> 19.5 | N5: =P5-O5 -> 29250000 | P5: =SUMIFS([2]مرداد!$AR$4:$AR$800,[2]مرداد!$C$4:$C$800,"قالب تعمیری",[2]مرداد!$B$4:$B$800,B5)-61625000 -> 29250000
A7: 2 | B7: پخت کلاچ پراید | C7: جهان ترمز | F7: MC30246-08S | H7: 1405/06/11 | I7: 1405/06/11 | J7: م.قالب | K7: PIN | L7: 0.5 | P7: =SUMIFS([2]شهریور!$AR$4:$AR$800,[2]شهریور!$C$4:$C$800,"قالب تعمیری",[2]شهریور!$B$4:$B$800,B7) -> 2250000
B9: مجموع | L9: =SUM(L5:L8) -> 20 | O9: =SUM(O5:O8) -> 0 | P9: =SUM(P5:P8) -> 31500000

Sheet 25
A1: Repaired Mold | O1: Date | P1: 1405
O2: weeks | P2: 25
A3: d | B3: نام قالب | C3: واحد | D3: نام اپراتور | E3: تعداد ضرب | F3: شماره قالب | G3: شماره دستگاه | H3: تاریخ دریافت | I3: تاریخ تحویل | J3: تحویل گیرنده | K3: مواد تامین شده | L3: مجموع ساعات کار انجام شده | M3: شماره نامه درخواست | N3: اقدامات انجام شده | O3: هزینه کروم (تومان) | P3: هزینه تعمیرات (تومان)
E4: کلی
A5: 1 | B5: قالب برشی SAF | C5: پرس | D5: خیالی | H5: 1405/06/14 | I5: 1405/06/14 | J5: پرس | L5: =SUMIFS([2]شهریور!$AF$4:$AF$800,[2]شهریور!$C$4:$C$800,"قالب تعمیری",[2]شهریور!$B$4:$B$800,B5,[2]شهریور!$H$4:$H$800,1) -> 1 | N5: سنگ زنی | P5: =SUMIFS([2]شهریور!$AR$4:$AR$800,[2]شهریور!$C$4:$C$800,"قالب تعمیری",[2]شهریور!$B$4:$B$800,B5) -> 750000
A7: 2 | B7: قالب ذوب آهن | C7: جهان لنت | F7: 1 | H7: 1405/06/17 | I7: 1405/06/18 | J7: م.قالب | L7: =SUMIFS([2]شهریور!$AF$4:$AF$800,[2]شهریور!$C$4:$C$800,"قالب تعمیری",[2]شهریور!$B$4:$B$800,B7,[2]شهریور!$H$4:$H$800,1) -> 7 | N7: تیدیل از LL به ذوب آهن | P7: =SUMIFS([2]شهریور!$AR$4:$AR$800,[2]شهریور!$C$4:$C$800,"قالب تعمیری",[2]شهریور!$B$4:$B$800,B7) -> 5250000
A9: 3 | B9: پخت کلاچ هوو | C9: جهان ترمز | F9: MC 30292-01S | H9: 1405/06/14 | I9: 1405/06/14 | J9: م.قالب | K9: Pin connector | L9: =SUMIFS([2]شهریور!$AF$4:$AF$800,[2]شهریور!$C$4:$C$800,"قالب تعمیری",[2]شهریور!$B$4:$B$800,B9,[2]شهریور!$H$4:$H$800,F9) -> 7 | N9: تعویض پین خزینه | P9: =SUMIFS([2]شهریور!$AR$4:$AR$800,[2]شهریور!$C$4:$C$800,"قالب تعمیری",[2]شهریور!$B$4:$B$800,B9) -> 3000000
A11: 4 | B11: قالب کوبه دیما | C11: پرس | D11: خیالی | F11: 0 | H11: 1405/06/18 | I11: 1405/06/18 | J11: پرس | L11: =SUMIFS([2]شهریور!$AF$4:$AF$800,[2]شهریور!$C$4:$C$800,"قالب تعمیری",[2]شهریور!$B$4:$B$800,B11,[2]شهریور!$H$4:$H$800,1) -> 5.5 | N11: کفتراشی | P11: =SUMIFS([2]شهریور!$AR$4:$AR$800,[2]شهریور!$C$4:$C$800,"قالب تعمیری",[2]شهریور!$B$4:$B$800,B11) -> 4125000
A13: 5 | B13: جلو سمند سورن | C13: پرس | D13: خیالی | F13: ML30256-01S | H13: 1405/06/18 | I13: 1405/06/18 | J13: پرس | L13: =SUMIFS([2]شهریور!$AF$4:$AF$800,[2]شهریور!$C$4:$C$800,"قالب تعمیری",[2]شهریور!$B$4:$B$800,B13,[2]شهریور!$H$4:$H$800,F13) -> 51 | N13: کفتراشی | P13: =SUMIFS([2]شهریور!$AR$4:$AR$800,[2]شهریور!$C$4:$C$800,"قالب تعمیری",[2]شهریور!$B$4:$B$800,B13) -> 56625000
A15: 6 | B15: قالب مترو مشهد | C15: پرس | D15: خیالی | F15: 1 | H15: 1405/06/07 | I15: 1405/06/15 | J15: پرس | K15: Top Plate Bottom Plate | L15: =SUMIFS([2]شهریور!$AF$4:$AF$800,[2]شهریور!$C$4:$C$800,"قالب تعمیری",[2]شهریور!$B$4:$B$800,B15,[2]شهریور!$H$4:$H$800,1) -> 30 | M15: 1722 | N15: اضافه کردن صفحات زیر و روی قالب | P15: =SUMIFS([2]شهریور!$AR$4:$AR$800,[2]شهریور!$C$4:$C$800,"قالب تعمیری",[2]شهریور!$B$4:$B$800,B15) -> 27750000
B17: مجموع | L17: =SUM(L5:L16) -> 101.5 | O17: =SUM(O5:O16) -> 0 | P17: =SUM(P5:P16) -> 97500000
