Workbook

Sheet 2
A1: قطعات تعمیری و ساخته شده | M1: Date | N1: 1405
M2: weeks | N2: 2
B3: نام قطعه | C3: دستگاه / قالب | D3: درخواست کننده | E3: تعداد درخواست | F3: نو ع قطعه | G3: علت ساخت / تعمیر | H3: شماره نامه | I3: کد دستگاه | J3: تاریخ شروع | K3: تاریخ تحویل | L3: مقدار نفر ساعت کار شده | M3: عملیات در حال انجام | N3: هزینه ساخت/تعمیر (تومان)
A4: 1 | B4: محافظ تیغه | C4: برش جمعی عقب ریو | D4: جهان لنت | E4: 19 | F4: جدید | G4: درخواست ساخت | H4: 14046 | J4: 1404/12/19 | L4: =SUMIFS([1]فروردین!$AD$2:$AD$57,[1]فروردین!$C$2:$C$57,"قطعه نو",[1]فروردین!$B$2:$B$57,C4,[1]فروردین!$O$2:$O$57,B4) -> 0 | M4: در حال انجام | N4: =L4*(500000*1.5) -> 0
A5: 2 | B5: تیغه | C5: دستگاه پشم فلز چینی | D5: تولید پشم فلز | E5: 24 | F5: جدید | G5: درخواست ساخت | J5: 1404/12/02 | L5: =SUMIFS([1]فروردین!$AD$2:$AD$57,[1]فروردین!$C$2:$C$57,"قطعه نو",[1]فروردین!$B$2:$B$57,C5,[1]فروردین!$O$2:$O$57,B5) -> 0 | M5: در حال انجام | N5: =L5*(500000*1.5) -> 0
A6: 3 | B6: Blade Holder | C6: دستگاه پشم فلز چینی | D6: تولید پشم فلز | E6: 8 | F6: جدید | G6: درخواست ساخت | H6: 04/د/13047 | J6: 1404/12/02 | L6: =SUMIFS([1]فروردین!$AD$2:$AD$57,[1]فروردین!$C$2:$C$57,"قطعه نو",[1]فروردین!$B$2:$B$57,C6,[1]فروردین!$O$2:$O$57,B6) -> 0 | M6: در حال انجام | N6: =L6*(500000*1.5) -> 0
A7: 4 | B7: فولی | C7: کوره ابزار زنی | D7: جهان لنت | E7: 1 | F7: تعمیری | G7: اصلاح | H7: 15503 | J7: 1405/01/10 | K7: 1404/01/11 | L7: =SUMIFS([1]فروردین!$AD$2:$AD$57,[1]فروردین!$C$2:$C$57,"قطعه تعمیری",[1]فروردین!$B$2:$B$57,C7,[1]فروردین!$O$2:$O$57,B7) -> 0 | M7: تحویل | N7: =L7*(500000*1.5) -> 0
A8: 5 | B8: صفحه آلمینیوم | C8: کوره ابزار زنی | D8: جهان لنت | E8: 1 | F8: تعمیری | G8: اصلاح | H8: 14575 | J8: 1404/01/11 | K8: 1404/01/12 | L8: =SUMIFS([1]فروردین!$AD$2:$AD$57,[1]فروردین!$C$2:$C$57,"قطعه تعمیری",[1]فروردین!$B$2:$B$57,C8,[1]فروردین!$O$2:$O$57,B8) -> 0 | M8: تحویل | N8: =L8*(500000*1.5) -> 0
A9: 6 | B9: Shaft | C9: کوره ابزار زنی | D9: جهان لنت | E9: 1 | F9: تعمیری | G9: اصلاح | H9: 14575 | J9: 1404/01/11 | K9: 1404/01/12 | L9: =SUMIFS([1]فروردین!$AD$2:$AD$57,[1]فروردین!$C$2:$C$57,"قطعه تعمیری",[1]فروردین!$B$2:$B$57,C9,[1]فروردین!$O$2:$O$57,B9) -> 0 | M9: تحویل | N9: =L9*(500000*1.5) -> 0
B10: مجموع | C10: تحویل | D10: جدید | E10: =SUMIFS(E4:E9,F4:F9,D10,M4:M9,M8) -> 0 | I10: Total | J10: جدید | K10: =SUMIFS(E4:E9,F4:F9,J10) -> 51 | L10: =SUM(L4:L9) -> 0 | N10: =SUM(N4:N9) -> 0
D11: تعمیری | E11: =SUMIFS(E4:E9,F4:F9,D11,M4:M9,"تحویل") -> 3 | J11: تعمیری | K11: =SUMIFS(E5:E10,F5:F10,J11) -> 3

Sheet 3
A1: قطعات تعمیری و ساخته شده | M1: Date | N1: 1405
M2: weeks | N2: 3
B3: نام قطعه | C3: دستگاه / قالب | D3: درخواست کننده | E3: تعداد درخواست | F3: نو ع قطعه | G3: علت ساخت / تعمیر | H3: شماره نامه | I3: کد دستگاه | J3: تاریخ شروع | K3: تاریخ تحویل | L3: مقدار نفر ساعت کار شده | M3: عملیات در حال انجام | N3: هزینه ساخت/تعمیر (تومان)
A4: 1 | B4: محافظ تیغه | C4: برش جمعی عقب ریو | D4: جهان لنت | E4: 19 | F4: جدید | G4: درخواست ساخت | H4: 14046 | J4: 1404/12/19 | L4: =SUMIFS([1]فروردین!$AD$27:$AD$175,[1]فروردین!$C$27:$C$175,"قطعه نو",[1]فروردین!$B$27:$B$175,C4,[1]فروردین!$O$27:$O$175,B4) -> 0 | M4: در حال انجام | N4: =L4*(500000*1.5) -> 0
A5: 2 | B5: Shaft | C5: برش جمعی عقب ریو | D5: جهان لنت | E5: 1 | F5: جدید | G5: درخواست ساخت | H5: 14046 | J5: 1404/12/19 | L5: =SUMIFS([1]فروردین!$AD$27:$AD$175,[1]فروردین!$C$27:$C$175,"قطعه نو",[1]فروردین!$B$27:$B$175,C5,[1]فروردین!$O$27:$O$175,B5) -> 0 | M5: در حال انجام | N5: =L5*(500000*1.5) -> 0
A6: 3 | B6: بوش | C6: برش جمعی عقب ریو | D6: جهان لنت | E6: 1 | F6: جدید | G6: درخواست ساخت | H6: 14046 | J6: 1404/12/19 | L6: =SUMIFS([1]فروردین!$AD$27:$AD$175,[1]فروردین!$C$27:$C$175,"قطعه نو",[1]فروردین!$B$27:$B$175,C6,[1]فروردین!$O$27:$O$175,B6) -> 0 | M6: در حال انجام | N6: =L6*(500000*1.5) -> 0
A7: 4 | B7: برش جمعی | C7: برش جمعی عقب ریو | D7: جهان لنت | E7: 1 | F7: جدید | G7: درخواست ساخت | H7: 14046 | J7: 1404/12/19 | L7: =SUMIFS([1]فروردین!$AD$27:$AD$175,[1]فروردین!$C$27:$C$175,"قطعه نو",[1]فروردین!$B$27:$B$175,C7,[1]فروردین!$O$27:$O$175,B7) -> 0 | M7: در حال انجام | N7: =L7*(500000*1.5) -> 0
A8: 5 | B8: Shaft | C8: دستگاه پرس پخت | D8: نت/جهان لنت | E8: 1 | F8: جدید | G8: شکستن شافت | H8: 14591 | I8: 2064 | J8: 1405/02/18 | K8: 1405/02/19 | L8: =SUMIFS([1]فروردین!$AD$27:$AD$175,[1]فروردین!$C$27:$C$175,"قطعه نو",[1]فروردین!$B$27:$B$175,C8,[1]فروردین!$O$27:$O$175,B8) -> 0 | M8: تحویل | N8: =L8*(500000*1.5) -> 0
A9: 6 | B9: مهره | C9: دستگاه پرس پخت | D9: نت/جهان لنت | E9: 1 | F9: جدید | G9: شکستن شافت | H9: 14591 | I9: 2064 | J9: 1405/02/18 | K9: 1405/02/19 | L9: =SUMIFS([1]فروردین!$AD$27:$AD$175,[1]فروردین!$C$27:$C$175,"قطعه نو",[1]فروردین!$B$27:$B$175,C9,[1]فروردین!$O$27:$O$175,B9) -> 0 | M9: تحویل | N9: =L9*(500000*1.5) -> 0
A10: 7 | B10: whell | C10: دستگاه پشم فلز آلمانی | D10: تولید پشم فلز | E10: 1 | F10: جدید | G10: درخواست ساخت | H10: 04/د/13047 | J10: 1404/12/02 | L10: =SUMIFS([1]فروردین!$AD$27:$AD$175,[1]فروردین!$C$27:$C$175,"قطعه نو",[1]فروردین!$B$27:$B$175,C10,[1]فروردین!$O$27:$O$175,B10) -> 0 | M10: در حال انجام | N10: =L10*(500000*1.5) -> 0
A11: 8 | B11: mahak | C11: دستگاه پشم فلز آلمانی | D11: تولید پشم فلز | E11: 1 | F11: جدید | G11: درخواست ساخت | H11: 04/د/13047 | J11: 1404/12/02 | L11: =SUMIFS([1]فروردین!$AD$27:$AD$175,[1]فروردین!$C$27:$C$175,"قطعه نو",[1]فروردین!$B$27:$B$175,C11,[1]فروردین!$O$27:$O$175,B11) -> 0 | M11: در حال انجام | N11: =L11*(500000*1.5) -> 0
A12: 9 | B12: تفلن | C12: دستگاه پشم فلز آلمانی | D12: تولید پشم فلز | E12: 1 | F12: جدید | G12: درخواست ساخت | H12: 04/د/13047 | J12: 1404/12/02 | L12: =SUMIFS([1]فروردین!$AD$27:$AD$175,[1]فروردین!$C$27:$C$175,"قطعه نو",[1]فروردین!$B$27:$B$175,C12,[1]فروردین!$O$27:$O$175,B12) -> 0 | M12: در حال انجام | N12: =L12*(500000*1.5) -> 0
A13: 10 | B13: تیغه بند | C13: دستگاه پشم فلز آلمانی | D13: تولید پشم فلز | E13: 4 | F13: جدید | G13: درخواست ساخت | H13: 04/د/13047 | J13: 1404/12/02 | L13: =SUMIFS([1]فروردین!$AD$27:$AD$175,[1]فروردین!$C$27:$C$175,"قطعه نو",[1]فروردین!$B$27:$B$175,C13,[1]فروردین!$O$27:$O$175,B13) -> 0 | M13: در حال انجام | N13: =L13*(500000*1.5) -> 0
A14: 11 | B14: تیغه | C14: دستگاه پشم فلز چینی | D14: تولید پشم فلز | E14: 4 | F14: جدید | G14: درخواست ساخت | H14: 04/د/13047 | J14: 1404/12/02 | L14: =SUMIFS([1]فروردین!$AD$27:$AD$175,[1]فروردین!$C$27:$C$175,"قطعه نو",[1]فروردین!$B$27:$B$175,C14,[1]فروردین!$O$27:$O$175,B14) -> 0 | M14: در حال انجام | N14: =L14*(500000*1.5) -> 0
A15: 12 | B15: Blade Holder | C15: دستگاه پشم فلز چینی | D15: تولید پشم فلز | E15: 3 | F15: جدید | G15: درخواست ساخت | H15: 04/د/13047 | J15: 1404/12/02 | L15: =SUMIFS([1]فروردین!$AD$27:$AD$175,[1]فروردین!$C$27:$C$175,"قطعه نو",[1]فروردین!$B$27:$B$175,C15,[1]فروردین!$O$27:$O$175,B15) -> 0 | M15: در حال انجام | N15: =L15*(500000*1.5) -> 0
A16: 13 | B16: چوبی | C16: شابلون پراید بی خار | D16: جهان لنت | E16: 1 | F16: جدید | G16: درخواست ساخت | J16: 1404/12/23 | L16: =SUMIFS([1]فروردین!$AD$27:$AD$175,[1]فروردین!$C$27:$C$175,"قطعه نو",[1]فروردین!$B$27:$B$175,C16,[1]فروردین!$O$27:$O$175,B16) -> 0 | M16: در حال انجام | N16: =L16*(500000*1.5) -> 0
A17: 14 | B17: شابلون | C17: شابلون پراید خاردار | D17: جهان لنت | E17: 1 | F17: جدید | G17: درخواست ساخت | J17: 1404/12/23 | K17: 1405/01/20 | L17: =SUMIFS([1]فروردین!$AD$27:$AD$175,[1]فروردین!$C$27:$C$175,"قطعه نو",[1]فروردین!$B$27:$B$175,C17,[1]فروردین!$O$27:$O$175,B17) -> 0 | M17: تحویل | N17: =L17*(500000*1.5) -> 0
A18: 15 | B18: weaving wheal | C18: ویوینگ | D18: جهان ترمز | E18: 1 | F18: جدید | G18: درخواست ساخت | J18: 1405/01/15 | L18: =SUMIFS([1]فروردین!$AD$27:$AD$175,[1]فروردین!$C$27:$C$175,"قطعه نو",[1]فروردین!$B$27:$B$175,C18,[1]فروردین!$O$27:$O$175,B18) -> 0 | M18: در حال انجام | N18: =L18*(500000*1.5) -> 0
A19: 16 | B19: تفلون | C19: ابزار زنی | D19: جهان لنت | E19: 1 | F19: تعمیری | G19: خرابی | H19: 15027 | J19: 1405/01/18 | L19: =SUMIFS([1]فروردین!$AD$27:$AD$175,[1]فروردین!$C$27:$C$175,"قطعه تعمیری",[1]فروردین!$B$27:$B$175,C19,[1]فروردین!$O$27:$O$175,B19) -> 0 | M19: در حال انجام | N19: =L19*(500000*1.5) -> 0
A20: 17 | B20: صفحه کفی | C20: دستگاه پرس پخت کلاچ | D20: جهان ترمز | E20: 1 | F20: تعمیری | G20: نیاز به سوراخکاری و قلاویز | H20: 14593 | J20: 1405/01/19 | K20: 1405/01/20 | L20: =SUMIFS([1]فروردین!$AD$27:$AD$175,[1]فروردین!$C$27:$C$175,"قطعه تعمیری",[1]فروردین!$B$27:$B$175,C20,[1]فروردین!$O$27:$O$175,B20) -> 0 | M20: تحویل | N20: =L20*(500000*1.5) -> 0
A21: 18 | B21: Shaft | C21: دستگاه پشم فلز آلمانی | D21: تولید پشم فلز | E21: 1 | F21: تعمیری | G21: جوشکاری | J21: 1405/01/20 | K21: 1405/01/20 | L21: =SUMIFS([1]فروردین!$AD$27:$AD$175,[1]فروردین!$C$27:$C$175,"قطعه تعمیری",[1]فروردین!$B$27:$B$175,C21,[1]فروردین!$O$27:$O$175,B21) -> 0 | M21: تحویل | N21: =L21*(500000*1.5) -> 0
A22: 19 | B22: کمربند | C22: دستگاه پشم فلز آلمانی | D22: تولید پشم فلز | E22: 1 | F22: تعمیری | G22: سوراخکاری و قلاویز | J22: 1405/01/20 | K22: 1405/01/20 | L22: =SUMIFS([1]فروردین!$AD$27:$AD$175,[1]فروردین!$C$27:$C$175,"قطعه تعمیری",[1]فروردین!$B$27:$B$175,C22,[1]فروردین!$O$27:$O$175,B22) -> 0 | M22: تحویل | N22: =L22*(500000*1.5) -> 0
A23: 20 | B23: Shaft | C23: ساب سمباده ای | D23: جهان لنت | E23: 1 | F23: تعمیری | G23: تراش جا بلبرینگ | H23: 15513 | I23: 2512 | J23: 1405/01/15 | K23: 1405/01/20 | L23: =SUMIFS([1]فروردین!$AD$27:$AD$175,[1]فروردین!$C$27:$C$175,"قطعه تعمیری",[1]فروردین!$B$27:$B$175,C23,[1]فروردین!$O$27:$O$175,B23) -> 0 | M23: تحویل | N23: =L23*(500000*1.5) -> 0
A24: 21 | B24: پیچ ساب | C24: ساب سمباده ای | D24: جهان لنت | E24: 1 | F24: تعمیری | G24: اصلاح | H24: 15513 | I24: 2512 | J24: 1405/01/15 | K24: 1405/01/20 | L24: =SUMIFS([1]فروردین!$AD$27:$AD$175,[1]فروردین!$C$27:$C$175,"قطعه تعمیری",[1]فروردین!$B$27:$B$175,C24,[1]فروردین!$O$27:$O$175,B24) -> 0 | M24: تحویل | N24: =L24*(500000*1.5) -> 0
A25: 22 | B25: توپی | C25: ساب سمباده ای | D25: جهان لنت | E25: 1 | F25: تعمیری | G25: اصلاح | H25: 15513 | I25: 2512 | J25: 1405/01/15 | K25: 1405/01/20 | L25: =SUMIFS([1]فروردین!$AD$27:$AD$175,[1]فروردین!$C$27:$C$175,"قطعه تعمیری",[1]فروردین!$B$27:$B$175,C25,[1]فروردین!$O$27:$O$175,B25) -> 0 | M25: تحویل | N25: =L25*(500000*1.5) -> 0
A26: 23 | B26: Shaft | C26: کوره ابزار زنی | D26: جهان لنت | E26: 1 | F26: تعمیری | G26: اصلاح | H26: 14575 | J26: 1405/01/15 | K26: 1405/01/16 | L26: =SUMIFS([1]فروردین!$AD$27:$AD$175,[1]فروردین!$C$27:$C$175,"قطعه تعمیری",[1]فروردین!$B$27:$B$175,C26,[1]فروردین!$O$27:$O$175,B26) -> 0 | M26: تحویل | N26: =L26*(500000*1.5) -> 0
A27: 24 | B27: فولی | C27: همزن آغشته کاری | D27: جهان ترمز | E27: 1 | F27: تعمیری | G27: اصلاح | H27: 14594 | I27: 6508 | J27: 1405/01/19 | K27: 1405/01/20 | L27: =SUMIFS([1]فروردین!$AD$27:$AD$175,[1]فروردین!$C$27:$C$175,"قطعه تعمیری",[1]فروردین!$B$27:$B$175,C27,[1]فروردین!$O$27:$O$175,B27) -> 0 | M27: تحویل | N27: =L27*(500000*1.5) -> 0
A28: 25 | B28: Shaft | C28: همزن آغشته کاری | D28: جهان ترمز | E28: 1 | F28: تعمیری | G28: اصلاح | H28: 14594 | I28: 6508 | J28: 1405/01/19 | K28: 1405/01/20 | L28: =SUMIFS([1]فروردین!$AD$27:$AD$175,[1]فروردین!$C$27:$C$175,"قطعه تعمیری",[1]فروردین!$B$27:$B$175,C28,[1]فروردین!$O$27:$O$175,B28) -> 0 | M28: تحویل | N28: =L28*(500000*1.5) -> 0
A29: 26 | B29: weaving wheal | C29: ویوینگ | D29: جهان ترمز | E29: 1 | F29: تعمیری | G29: اصلاح | J29: 1405/01/17 | L29: =SUMIFS([1]فروردین!$AD$27:$AD$175,[1]فروردین!$C$27:$C$175,"قطعه تعمیری",[1]فروردین!$B$27:$B$175,C29,[1]فروردین!$O$27:$O$175,B29) -> 0 | M29: در حال انجام | N29: =L29*(500000*1.5) -> 0
A30: 27 | B30: تیغه | C30: ویوینگ | D30: جهان ترمز | E30: 1 | F30: تعمیری | G30: اصلاح | J30: 1405/01/17 | L30: =SUMIFS([1]فروردین!$AD$27:$AD$175,[1]فروردین!$C$27:$C$175,"قطعه تعمیری",[1]فروردین!$B$27:$B$175,C30,[1]فروردین!$O$27:$O$175,B30) -> 0 | M30: در حال انجام | N30: =L30*(500000*1.5) -> 0
B31: مجموع | C31: تحویل | D31: جدید | E31: =SUMIFS(E4:E30,F4:F30,D31,M4:M30,"تحویل") -> 3 | I31: Total | J31: جدید | K31: =SUMIFS(E4:E30,F4:F30,J31) -> 41 | L31: =SUM(L4:L30) -> 0 | N31: =SUM(N4:N30) -> 0
D32: تعمیری | E32: =SUMIFS(E4:E30,F4:F30,D32,M4:M30,"تحویل") -> 9 | J32: تعمیری | K32: =SUMIFS(E5:E31,F5:F31,J32) -> 12

Sheet 4
A1: قطعات تعمیری و ساخته شده | M1: Date | N1: 1405
M2: weeks | N2: 4
B3: نام قطعه | C3: دستگاه / قالب | D3: درخواست کننده | E3: تعداد درخواست | F3: نو ع قطعه | G3: علت ساخت / تعمیر | H3: شماره نامه | I3: کد دستگاه | J3: تاریخ شروع | K3: تاریخ تحویل | L3: مقدار نفر ساعت کار شده | M3: عملیات در حال انجام | N3: هزینه ساخت/تعمیر (تومان)
A4: 1 | B4: محافظ تیغه | C4: برش جمعی عقب ریو | D4: جهان لنت | E4: 19 | F4: جدید | G4: درخواست ساخت | H4: 14046 | J4: 1404/12/19 | L4: =SUMIFS([1]فروردین!$AD$176:$AD$361,[1]فروردین!$C$176:$C$361,"قطعه نو",[1]فروردین!$B$176:$B$361,C4,[1]فروردین!$O$176:$O$361,B4) -> 0 | M4: در حال انجام | N4: =L4*(500000*1.5) -> 0
A5: 2 | B5: بوش | C5: برش جمعی عقب ریو | D5: جهان لنت | E5: 1 | F5: جدید | G5: درخواست ساخت | H5: 14046 | J5: 1404/12/19 | L5: =SUMIFS([1]فروردین!$AD$176:$AD$361,[1]فروردین!$C$176:$C$361,"قطعه نو",[1]فروردین!$B$176:$B$361,C5,[1]فروردین!$O$176:$O$361,B5) -> 0 | M5: در حال انجام | N5: =L5*(500000*1.5) -> 0
A6: 3 | B6: برش جمعی | C6: برش جمعی عقب ریو | D6: جهان لنت | E6: 1 | F6: جدید | G6: درخواست ساخت | H6: 14046 | J6: 1404/12/19 | L6: =SUMIFS([1]فروردین!$AD$176:$AD$361,[1]فروردین!$C$176:$C$361,"قطعه نو",[1]فروردین!$B$176:$B$361,C6,[1]فروردین!$O$176:$O$361,B6) -> 0 | M6: در حال انجام | N6: =L6*(500000*1.5) -> 0
A7: 4 | B7: پولکی | C7: برش جمعی عقب ریو | D7: جهان لنت | E7: 4 | F7: جدید | G7: درخواست ساخت | H7: 14046 | J7: 1404/12/19 | L7: =SUMIFS([1]فروردین!$AD$176:$AD$361,[1]فروردین!$C$176:$C$361,"قطعه نو",[1]فروردین!$B$176:$B$361,C7,[1]فروردین!$O$176:$O$361,B7) -> 0 | M7: در حال انجام | N7: =L7*(500000*1.5) -> 0
A8: 5 | B8: پین برلیانس | C8: پین برلیانس | D8: برنامه ریزی تولید | E8: 1 | F8: جدید | G8: درخواست ساخت | J8: 1405/01/24 | L8: =SUMIFS([1]فروردین!$AD$176:$AD$361,[1]فروردین!$C$176:$C$361,"قطعه نو",[1]فروردین!$B$176:$B$361,C8,[1]فروردین!$O$176:$O$361,B8) -> 0 | M8: در حال انجام | N8: =L8*(500000*1.5) -> 0
A9: 6 | B9: جک | C9: دستگاه پرس پخت | D9: جهان ترمز | E9: 1 | F9: جدید | G9: درخواست ساخت | H9: 15528 | I9: 2024 | J9: 1405/01/22 | K9: 1405/01/22 | L9: =SUMIFS([1]فروردین!$AD$176:$AD$361,[1]فروردین!$C$176:$C$361,"قطعه نو",[1]فروردین!$B$176:$B$361,C9,[1]فروردین!$O$176:$O$361,B9) -> 0 | M9: تحویل | N9: =L9*(500000*1.5) -> 0
A10: 7 | B10: مهره | C10: دستگاه پرس پخت | D10: جهان ترمز | E10: 1 | F10: جدید | G10: درخواست ساخت | H10: 15528 | I10: 2024 | J10: 1405/01/22 | K10: 1405/01/22 | L10: =SUMIFS([1]فروردین!$AD$176:$AD$361,[1]فروردین!$C$176:$C$361,"قطعه نو",[1]فروردین!$B$176:$B$361,C10,[1]فروردین!$O$176:$O$361,B10) -> 0 | M10: تحویل | N10: =L10*(500000*1.5) -> 0
A11: 8 | B11: تیغه بند | C11: دستگاه پشم فلز آلمانی | D11: تولید پشم فلز | E11: 4 | F11: جدید | G11: درخواست ساخت | H11: 04/د/13047 | J11: 1404/12/02 | L11: =SUMIFS([1]فروردین!$AD$176:$AD$361,[1]فروردین!$C$176:$C$361,"قطعه نو",[1]فروردین!$B$176:$B$361,C11,[1]فروردین!$O$176:$O$361,B11) -> 0 | M11: در حال انجام | N11: =L11*(500000*1.5) -> 0
A12: 9 | B12: main Blead Shaft | C12: دستگاه پشم فلز آلمانی | D12: تولید پشم فلز | E12: 4 | F12: جدید | G12: درخواست ساخت | H12: 04/د/13047 | J12: 1404/12/02 | L12: =SUMIFS([1]فروردین!$AD$176:$AD$361,[1]فروردین!$C$176:$C$361,"قطعه نو",[1]فروردین!$B$176:$B$361,C12,[1]فروردین!$O$176:$O$361,B12) -> 0 | M12: در حال انجام | N12: =L12*(500000*1.5) -> 0
A13: 10 | B13: اسپرینگ | C13: دستگاه پشم فلز آلمانی | D13: تولید پشم فلز | E13: 1 | F13: جدید | G13: درخواست ساخت | H13: 04/د/13047 | J13: 1404/12/02 | L13: =SUMIFS([1]فروردین!$AD$176:$AD$361,[1]فروردین!$C$176:$C$361,"قطعه نو",[1]فروردین!$B$176:$B$361,C13,[1]فروردین!$O$176:$O$361,B13) -> 0 | M13: در حال انجام | N13: =L13*(500000*1.5) -> 0
A14: 11 | B14: Blade Holder | C14: دستگاه پشم فلز چینی | D14: تولید پشم فلز | E14: 4 | F14: جدید | G14: درخواست ساخت | H14: 04/د/13047 | J14: 1404/12/02 | L14: =SUMIFS([1]فروردین!$AD$176:$AD$361,[1]فروردین!$C$176:$C$361,"قطعه نو",[1]فروردین!$B$176:$B$361,C14,[1]فروردین!$O$176:$O$361,B14) -> 0 | M14: در حال انجام | N14: =L14*(500000*1.5) -> 0
A15: 12 | B15: تیغه | C15: دستگاه پشم فلز چینی | D15: تولید پشم فلز | E15: 3 | F15: جدید | G15: درخواست ساخت | H15: 04/د/13047 | J15: 1404/12/02 | L15: =SUMIFS([1]فروردین!$AD$176:$AD$361,[1]فروردین!$C$176:$C$361,"قطعه نو",[1]فروردین!$B$176:$B$361,C15,[1]فروردین!$O$176:$O$361,B15) -> 0 | M15: در حال انجام | N15: =L15*(500000*1.5) -> 0
A16: 13 | B16: توپی | C16: دستگاه ساب سمباده ای | D16: جهان لنت | E16: 1 | F16: جدید | G16: درخواست ساخت | J16: 1405/01/26 | K16: 1405/01/27 | L16: =SUMIFS([1]فروردین!$AD$176:$AD$361,[1]فروردین!$C$176:$C$361,"قطعه نو",[1]فروردین!$B$176:$B$361,C16,[1]فروردین!$O$176:$O$361,B16) -> 0 | M16: تحویل | N16: =L16*(500000*1.5) -> 0
A17: 14 | B17: Bush | C17: دستگاه کشش پشم فلز | D17: تولید پشم فلز | E17: 1 | F17: جدید | G17: ساخت بوش یاتاقان | H17: 14596 | J17: 1405/01/23 | K17: 1405/01/25 | L17: =SUMIFS([1]فروردین!$AD$176:$AD$361,[1]فروردین!$C$176:$C$361,"قطعه نو",[1]فروردین!$B$176:$B$361,C17,[1]فروردین!$O$176:$O$361,B17) -> 0 | M17: تحویل | N17: =L17*(500000*1.5) -> 0
A18: 15 | B18: کاسه رنگ | C18: دستگاه مهر زنی | D18: جهان ترمز | E18: 2 | F18: جدید | G18: خرابی نگهدارنده | H18: 15413 | I18: 4203 4204 | J18: 1405/01/24 | L18: =SUMIFS([1]فروردین!$AD$176:$AD$361,[1]فروردین!$C$176:$C$361,"قطعه نو",[1]فروردین!$B$176:$B$361,C18,[1]فروردین!$O$176:$O$361,B18) -> 0 | M18: در حال انجام | N18: =L18*(500000*1.5) -> 0
A19: 16 | B19: پیچ راهنما | C19: ویوینگ | D19: جهان ترمز | E19: 1 | F19: جدید | G19: خرابی | H19: 14597 | I19: 6404 | J19: 1405/01/23 | K19: 1405/01/25 | L19: =SUMIFS([1]فروردین!$AD$176:$AD$361,[1]فروردین!$C$176:$C$361,"قطعه نو",[1]فروردین!$B$176:$B$361,C19,[1]فروردین!$O$176:$O$361,B19) -> 0 | M19: تحویل | N19: =L19*(500000*1.5) -> 0
A20: 17 | B20: Shaft | C20: ویوینگ | D20: جهان ترمز | E20: 1 | F20: جدید | G20: خرابی | H20: 14597 | I20: 6404 | J20: 1405/01/23 | K20: 1405/01/25 | L20: =SUMIFS([1]فروردین!$AD$176:$AD$361,[1]فروردین!$C$176:$C$361,"قطعه نو",[1]فروردین!$B$176:$B$361,C20,[1]فروردین!$O$176:$O$361,B20) -> 0 | M20: تحویل | N20: =L20*(500000*1.5) -> 0
A21: 18 | B21: bush | C21: ویوینگ | D21: جهان ترمز | E21: 1 | F21: جدید | G21: خرابی | H21: 14597 | I21: 6404 | J21: 1405/01/23 | K21: 1405/01/25 | L21: =SUMIFS([1]فروردین!$AD$176:$AD$361,[1]فروردین!$C$176:$C$361,"قطعه نو",[1]فروردین!$B$176:$B$361,C21,[1]فروردین!$O$176:$O$361,B21) -> 0 | M21: تحویل | N21: =L21*(500000*1.5) -> 0
A22: 19 | B22: فیکسچر | C22: دریل سوراخکاری کلاچ | D22: جهان ترمز | E22: 1 | F22: تعمیری | G22: اصلاح | H22: 14598 | J22: 1405/01/26 | K22: 1405/01/26 | L22: =SUMIFS([1]فروردین!$AD$176:$AD$361,[1]فروردین!$C$176:$C$361,"قطعه تعمیری",[1]فروردین!$B$176:$B$361,C22,[1]فروردین!$O$176:$O$361,B22) -> 0 | M22: تحویل | N22: =L22*(500000*1.5) -> 0
A23: 20 | B23: دستگاه برش | C23: دستگاه آسیاب پرت کلاچ | D23: آزمایشگاه | E23: 1 | F23: تعمیری | G23: اصلاح | H23: 12686 | J23: 1405/01/27 | K23: 1405/01/27 | L23: =SUMIFS([1]فروردین!$AD$176:$AD$361,[1]فروردین!$C$176:$C$361,"قطعه تعمیری",[1]فروردین!$B$176:$B$361,C23,[1]فروردین!$O$176:$O$361,B23) -> 0 | M23: تحویل | N23: =L23*(500000*1.5) -> 0
A24: 21 | B24: کفی پخت | C24: دستگاه پخت کلاچ | D24: جهان ترمز | E24: 1 | F24: تعمیری | G24: اصلاح | H24: 14599 | I24: 2070 | J24: 1405/01/26 | K24: 1405/01/27 | L24: =SUMIFS([1]فروردین!$AD$176:$AD$361,[1]فروردین!$C$176:$C$361,"قطعه تعمیری",[1]فروردین!$B$176:$B$361,C24,[1]فروردین!$O$176:$O$361,B24) -> 0 | M24: تحویل | N24: =L24*(500000*1.5) -> 0
A25: 22 | B25: Shaft | C25: دستگاه پرچ زنی | D25: جهان لنت | E25: 1 | F25: تعمیری | G25: درآوردن جای پیچ زیر قالبی | J25: 1405/01/22 | K25: 1405/01/22 | L25: =SUMIFS([1]فروردین!$AD$176:$AD$361,[1]فروردین!$C$176:$C$361,"قطعه تعمیری",[1]فروردین!$B$176:$B$361,C25,[1]فروردین!$O$176:$O$361,B25) -> 0 | M25: تحویل | N25: =L25*(500000*1.5) -> 0
A26: 23 | B26: لنت | C26: دستگاه پرس 250 تن | D26: جهان لنت | E26: 32 | F26: تعمیری | G26: سایز کردن | H26: 14600 | J26: 1405/01/26 | K26: 1405/01/27 | L26: =SUMIFS([1]فروردین!$AD$176:$AD$361,[1]فروردین!$C$176:$C$361,"قطعه تعمیری",[1]فروردین!$B$176:$B$361,C26,[1]فروردین!$O$176:$O$361,B26) -> 0 | M26: تحویل | N26: =L26*(500000*1.5) -> 0
A27: 24 | B27: فنر | C27: دستگاه پرس 250 تن | D27: جهان لنت | E27: 1 | F27: تعمیری | G27: اصلاح | H27: 15542 | J27: 1405/01/27 | L27: =SUMIFS([1]فروردین!$AD$176:$AD$361,[1]فروردین!$C$176:$C$361,"قطعه تعمیری",[1]فروردین!$B$176:$B$361,C27,[1]فروردین!$O$176:$O$361,B27) -> 0 | M27: در حال انجام | N27: =L27*(500000*1.5) -> 0
A28: 25 | B28: نگهدارنده فنر | C28: دستگاه پرس 250 تن | D28: جهان لنت | E28: 1 | F28: تعمیری | G28: اصلاح | H28: 15542 | J28: 1405/01/27 | L28: =SUMIFS([1]فروردین!$AD$176:$AD$361,[1]فروردین!$C$176:$C$361,"قطعه تعمیری",[1]فروردین!$B$176:$B$361,C28,[1]فروردین!$O$176:$O$361,B28) -> 0 | M28: در حال انجام | N28: =L28*(500000*1.5) -> 0
A29: 26 | B29: Shaft | C29: دستگاه پرس 250 تن | D29: جهان لنت | E29: 1 | F29: تعمیری | G29: اصلاح | H29: 15542 | J29: 1405/01/27 | L29: =SUMIFS([1]فروردین!$AD$176:$AD$361,[1]فروردین!$C$176:$C$361,"قطعه تعمیری",[1]فروردین!$B$176:$B$361,C29,[1]فروردین!$O$176:$O$361,B29) -> 0 | M29: در حال انجام | N29: =L29*(500000*1.5) -> 0
A30: 27 | B30: کمربند | C30: دستگاه پشم فلز آلمانی | D30: تولید پشم فلز | E30: 1 | F30: تعمیری | G30: سوراخکاری و قلاویز | J30: 1405/01/22 | K30: 1405/01/22 | L30: =SUMIFS([1]فروردین!$AD$176:$AD$361,[1]فروردین!$C$176:$C$361,"قطعه تعمیری",[1]فروردین!$B$176:$B$361,C30,[1]فروردین!$O$176:$O$361,B30) -> 0 | M30: تحویل | N30: =L30*(500000*1.5) -> 0
A31: 28 | B31: main Blead Shaft | C31: دستگاه پشم فلز آلمانی | D31: تولید پشم فلز | E31: 1 | F31: تعمیری | G31: سوراخکاری و قلاویز | J31: 1405/01/22 | K31: 1405/01/23 | L31: =SUMIFS([1]فروردین!$AD$176:$AD$361,[1]فروردین!$C$176:$C$361,"قطعه تعمیری",[1]فروردین!$B$176:$B$361,C31,[1]فروردین!$O$176:$O$361,B31) -> 0 | M31: تحویل | N31: =L31*(500000*1.5) -> 0
A32: 29 | B32: تیغه | C32: دستگاه تسمه کش | D32: جهان ترمز | E32: 1 | F32: تعمیری | G32: اصلاح | H32: 14595 | J32: 1405/01/22 | K32: 1405/01/27 | L32: =SUMIFS([1]فروردین!$AD$176:$AD$361,[1]فروردین!$C$176:$C$361,"قطعه تعمیری",[1]فروردین!$B$176:$B$361,C32,[1]فروردین!$O$176:$O$361,B32) -> 0 | M32: تحویل | N32: =L32*(500000*1.5) -> 0
A33: 30 | B33: Shaft | C33: دستگاه ساب دیسکی چینی | D33: جهان لنت | E33: 1 | F33: تعمیری | G33: اصلاح | H33: 15541 | J33: 1405/01/26 | K33: 1405/01/27 | L33: =SUMIFS([1]فروردین!$AD$176:$AD$361,[1]فروردین!$C$176:$C$361,"قطعه تعمیری",[1]فروردین!$B$176:$B$361,C33,[1]فروردین!$O$176:$O$361,B33) -> 0 | M33: تحویل | N33: =L33*(500000*1.5) -> 0
A34: 31 | B34: میز | C34: ساب سمباده ای | D34: جهان ترمز | E34: 1 | F34: تعمیری | G34: موجدار شدن کف میز | H34: 15410 | I34: 2905 | J34: 1405/01/24 | L34: =SUMIFS([1]فروردین!$AD$176:$AD$361,[1]فروردین!$C$176:$C$361,"قطعه تعمیری",[1]فروردین!$B$176:$B$361,C34,[1]فروردین!$O$176:$O$361,B34) -> 0 | M34: در حال انجام | N34: =L34*(500000*1.5) -> 0
A35: 32 | B35: فلانچ | C35: قالب خشاب زنی | D35: جهان ترمز | E35: 20 | F35: تعمیری | G35: اصلاح جا فنر | J35: 1405/01/26 | L35: =SUMIFS([1]فروردین!$AD$176:$AD$361,[1]فروردین!$C$176:$C$361,"قطعه تعمیری",[1]فروردین!$B$176:$B$361,C35,[1]فروردین!$O$176:$O$361,B35) -> 0 | M35: در حال انجام | N35: =L35*(500000*1.5) -> 0
A36: 33 | B36: قلم | C36: قلم پین برلیانس | D36: تراشکاری | E36: 1 | F36: تعمیری | G36: اصلاح | I36: 8002 | J36: 1405/01/22 | K36: 1405/01/22 | L36: =SUMIFS([1]فروردین!$AD$176:$AD$361,[1]فروردین!$C$176:$C$361,"قطعه تعمیری",[1]فروردین!$B$176:$B$361,C36,[1]فروردین!$O$176:$O$361,B36) -> 0 | M36: تحویل | N36: =L36*(500000*1.5) -> 0
A37: 34 | B37: فولی | C37: همزن آغشته کاری | D37: جهان ترمز | E37: 1 | F37: تعمیری | G37: تراش شافت ... | H37: 14594 | I37: 6508 | J37: 1405/01/22 | K37: 1405/01/22 | L37: =SUMIFS([1]فروردین!$AD$176:$AD$361,[1]فروردین!$C$176:$C$361,"قطعه تعمیری",[1]فروردین!$B$176:$B$361,C37,[1]فروردین!$O$176:$O$361,B37) -> 0 | M37: تحویل | N37: =L37*(500000*1.5) -> 0
A38: 35 | B38: روتور | C38: هواکش | D38: جهان لنت | E38: 2 | F38: تعمیری | G38: اصلاح ... | H38: 15530 | J38: 1405/01/22 | K38: 1405/01/22 | L38: =SUMIFS([1]فروردین!$AD$176:$AD$361,[1]فروردین!$C$176:$C$361,"قطعه تعمیری",[1]فروردین!$B$176:$B$361,C38,[1]فروردین!$O$176:$O$361,"*") -> 0 | M38: تحویل | N38: =L38*(500000*1.5) -> 0
B39: مجموع | C39: تحویل | D39: جدید | E39: =SUMIFS(E4:E38,F4:F38,D39,M4:M38,"تحویل") -> 7 | I39: Total | J39: جدید | K39: =SUMIFS(E4:E38,F4:F38,J39) -> 51 | L39: =SUM(L4:L38) -> 0 | N39: =SUM(N4:N38) -> 0
D40: تعمیری | E40: =SUMIFS(E4:E38,F4:F38,D40,M4:M38,"تحویل") -> 44 | J40: تعمیری | K40: =SUMIFS(E5:E39,F5:F39,J40) -> 68

Sheet 5
A1: قطعات تعمیری و ساخته شده | M1: Date | N1: 1405
M2: weeks | N2: 5
B3: نام قطعه | C3: دستگاه / قالب | D3: درخواست کننده | E3: تعداد درخواست | F3: نو ع قطعه | G3: علت ساخت / تعمیر | H3: شماره نامه | I3: کد دستگاه | J3: تاریخ شروع | K3: تاریخ تحویل | L3: مقدار نفر ساعت کار شده | M3: عملیات در حال انجام | N3: هزینه ساخت/تعمیر (تومان)
A4: 1 | B4: main Blead Shaft | C4: دستگاه پشم فلز آلمانی | D4: تولید پشم فلز | E4: 4 | F4: جدید | G4: درخواست ساخت | H4: 04/د/13047 | J4: 1404/12/02 | K4: 1405/02/03 | L4: =SUMIFS([1]فروردین!$AD$282:$AD$400,[1]فروردین!$C$282:$C$400,"قطعه نو",[1]فروردین!$B$282:$B$400,C4,[1]فروردین!$O$282:$O$400,B4) -> 0 | M4: تحویل | N4: =L4*(500000*1.5) -> 0
A5: 2 | B5: تفلن | C5: دستگاه پشم فلز آلمانی | D5: تولید پشم فلز | E5: 2 | F5: جدید | G5: درخواست ساخت | H5: 04/د/13047 | J5: 1404/12/02 | K5: 1405/02/03 | L5: =SUMIFS([1]فروردین!$AD$282:$AD$400,[1]فروردین!$C$282:$C$400,"قطعه نو",[1]فروردین!$B$282:$B$400,C5,[1]فروردین!$O$282:$O$400,B5) -> 0 | M5: تحویل | N5: =L5*(500000*1.5) -> 0
A6: 3 | B6: تیغه | C6: دستگاه پشم فلز آلمانی | D6: تولید پشم فلز | E6: 8 | F6: جدید | G6: درخواست ساخت | H6: 04/د/13047 | J6: 1404/12/02 | L6: =SUMIFS([1]فروردین!$AD$282:$AD$400,[1]فروردین!$C$282:$C$400,"قطعه نو",[1]فروردین!$B$282:$B$400,C6,[1]فروردین!$O$282:$O$400,B6)+37 -> 37 | M6: در حال انجام | N6: =L6*(500000*1.5) -> 27750000
A7: 4 | B7: Bush | C7: دستگاه پشم فلز آلمانی | D7: تولید پشم فلز | E7: 1 | F7: جدید | G7: درخواست ساخت | H7: 04/د/13047 | J7: 1404/12/02 | K7: 1405/02/03 | L7: =SUMIFS([1]فروردین!$AD$282:$AD$400,[1]فروردین!$C$282:$C$400,"قطعه نو",[1]فروردین!$B$282:$B$400,C7,[1]فروردین!$O$282:$O$400,B7)+10 -> 10 | M7: تحویل | N7: =L7*(500000*1.5) -> 7500000
A8: 5 | B8: تیغچه بند | C8: دستگاه پشم فلز چینی | D8: تولید پشم فلز | E8: 4 | F8: جدید | G8: درخواست ساخت | H8: 04/د/13047 | J8: 1404/12/02 | L8: =SUMIFS([1]فروردین!$AD$282:$AD$400,[1]فروردین!$C$282:$C$400,"قطعه نو",[1]فروردین!$B$282:$B$400,C8,[1]فروردین!$O$282:$O$400,B8)+36 -> 36 | M8: در حال انجام | N8: =L8*(500000*1.5) -> 27000000
A9: 6 | B9: main Blead Shaft | C9: دستگاه پشم فلز چینی | D9: تولید پشم فلز | E9: 4 | F9: جدید | G9: درخواست ساخت | H9: 04/د/13048 | J9: 1404/12/03 | L9: =SUMIFS([1]فروردین!$AD$282:$AD$400,[1]فروردین!$C$282:$C$400,"قطعه نو",[1]فروردین!$B$282:$B$400,C9,[1]فروردین!$O$282:$O$400,B9)+2 -> 2 | M9: در حال انجام | N9: =L9*(500000*1.5) -> 1500000
A10: 7 | B10: تیغه | C10: دستگاه پشم فلز چینی | D10: تولید پشم فلز | E10: 8 | F10: جدید | G10: درخواست ساخت | H10: 04/د/13049 | J10: 1404/12/04 | L10: =SUMIFS([1]فروردین!$AD$282:$AD$400,[1]فروردین!$C$282:$C$400,"قطعه نو",[1]فروردین!$B$282:$B$400,C10,[1]فروردین!$O$282:$O$400,B10) -> 0 | M10: در حال انجام | N10: =L10*(500000*1.5) -> 0
A11: 8 | B11: Shaft | C11: ابزار زنی | D11: جهان لنت | E11: 1 | F11: جدید | G11: ساخت SHAFT غلطک | J11: 1405/02/02 | K11: 1405/02/04 | L11: =SUMIFS([1]اردیبهشت!$AD$2:$AD$75,[1]اردیبهشت!$C$2:$C$75,"قطعه نو",[1]اردیبهشت!$B$2:$B$75,C11,[1]اردیبهشت!$O$2:$O$75,B11) -> 0 | M11: تحویل | N11: =L11*(500000*1.5) -> 0
A12: 9 | B12: Shaft | C12: دستگاه پرس 600 تن | D12: جهان لنت | E12: 1 | F12: جدید | G12: ساخت Shaft جک گازگیری | H12: 14579 | J12: 1405/02/02 | K12: 1405/02/04 | L12: =SUMIFS([1]اردیبهشت!$AD$2:$AD$75,[1]اردیبهشت!$C$2:$C$75,"قطعه نو",[1]اردیبهشت!$B$2:$B$75,C12,[1]اردیبهشت!$O$2:$O$75,B12)+3 -> 3 | M12: در حال انجام | N12: =L12*(500000*1.5) -> 2250000
A13: 10 | B13: واسطه سرجک | C13: دستگاه پرس پخت | D13: جهان لنت | E13: 2 | F13: جدید | G13: درخواست ساخت | J13: 1405/02/01 | K13: 1405/02/04 | L13: =SUMIFS([1]اردیبهشت!$AD$2:$AD$75,[1]اردیبهشت!$C$2:$C$75,"قطعه نو",[1]اردیبهشت!$B$2:$B$75,C13,[1]اردیبهشت!$O$2:$O$75,B13) -> 0 | M13: تحویل | N13: =L13*(500000*1.5) -> 0
A14: 11 | B14: بلوکه | C14: دستگاه ساب جدید | D14: جهان لنت | E14: 1 | F14: جدید | G14: درخواست ساخت | J14: 1405/02/01 | K14: 1405/02/04 | L14: =SUMIFS([1]اردیبهشت!$AD$2:$AD$75,[1]اردیبهشت!$C$2:$C$75,"قطعه نو",[1]اردیبهشت!$B$2:$B$75,C14,[1]اردیبهشت!$O$2:$O$75,B14) -> 0 | M14: تحویل | N14: =L14*(500000*1.5) -> 0
A15: 12 | B15: بوش | C15: دستگاه ساب جدید | D15: جهان لنت | E15: 1 | F15: جدید | G15: درخواست ساخت | J15: 1405/02/01 | K15: 1405/02/04 | L15: =SUMIFS([1]اردیبهشت!$AD$2:$AD$75,[1]اردیبهشت!$C$2:$C$75,"قطعه نو",[1]اردیبهشت!$B$2:$B$75,C15,[1]اردیبهشت!$O$2:$O$75,B15) -> 0 | M15: تحویل | N15: =L15*(500000*1.5) -> 0
A16: 13 | B16: Shaft | C16: دستگاه ساب جدید | D16: جهان لنت | E16: 1 | F16: جدید | G16: درخواست ساخت | J16: 1405/02/01 | K16: 1405/02/04 | L16: =SUMIFS([1]اردیبهشت!$AD$2:$AD$75,[1]اردیبهشت!$C$2:$C$75,"قطعه نو",[1]اردیبهشت!$B$2:$B$75,C16,[1]اردیبهشت!$O$2:$O$75,B16) -> 0 | M16: تحویل | N16: =L16*(500000*1.5) -> 0
A17: 14 | B17: Bush | C17: دستگاه شیرینگ | D17: جهان ترمز | E17: 1 | F17: جدید | G17: درخواست ساخت | J17: 1405/02/03 | K17: 1405/02/03 | L17: =SUMIFS([1]اردیبهشت!$AD$2:$AD$75,[1]اردیبهشت!$C$2:$C$75,"قطعه نو",[1]اردیبهشت!$B$2:$B$75,C17,[1]اردیبهشت!$O$2:$O$75,B17) -> 0 | M17: تحویل | N17: =L17*(500000*1.5) -> 0
A18: 15 | B18: تسمه | C18: دستگاه مهر زنی | D18: جهان ترمز | E18: 1 | F18: جدید | G18: خرابی نگهدارنده کاسه | H18: 15413 | J18: 1405/01/24 | K18: 1405/02/01 | L18: =SUMIFS([1]اردیبهشت!$AD$2:$AD$75,[1]اردیبهشت!$C$2:$C$75,"قطعه نو",[1]اردیبهشت!$B$2:$B$75,C18,[1]اردیبهشت!$O$2:$O$75,B18)+30 -> 30 | M18: تحویل | N18: =L18*(500000*1.5) -> 22500000
A19: 16 | B19: U نگهدارنده | C19: ساب کلاچ | D19: جهان ترمز | E19: 20 | F19: جدید | G19: درخواست ساخت | J19: 1405/02/03 | L19: =SUMIFS([1]اردیبهشت!$AD$2:$AD$75,[1]اردیبهشت!$C$2:$C$75,"قطعه نو",[1]اردیبهشت!$B$2:$B$75,C19,[1]اردیبهشت!$O$2:$O$75,B19) -> 0 | M19: در حال انجام | N19: =L19*(500000*1.5) -> 0
A20: 17 | B20: Shaft | C20: ساب کونیک | D20: جهان لنت | E20: 2 | F20: جدید | G20: درخواست ساخت | H20: 15585 | I20: 2501 | J20: 1405/02/03 | K20: 1405/02/04 | L20: =SUMIFS([1]اردیبهشت!$AD$2:$AD$75,[1]اردیبهشت!$C$2:$C$75,"قطعه نو",[1]اردیبهشت!$B$2:$B$75,C20,[1]اردیبهشت!$O$2:$O$75,B20) -> 0 | M20: تحویل | N20: =L20*(500000*1.5) -> 0
A21: 18 | B21: weaving wheal | C21: ویوینگ | D21: جهان ترمز | E21: 1 | F21: جدید | G21: درخواست ساخت | H21: 14580 | I21: 6403 | J21: 1405/01/29 | L21: =SUMIFS([1]اردیبهشت!$AD$2:$AD$75,[1]اردیبهشت!$C$2:$C$75,"قطعه نو",[1]اردیبهشت!$B$2:$B$75,C21,[1]اردیبهشت!$O$2:$O$75,B21)+3 -> 3 | M21: در حال انجام | N21: =L21*(500000*1.5) -> 2250000
A22: 19 | B22: پین برلیانس | C22: پین برلیانس | D22: برنامه ریزی تولید | E22: 2930 | F22: جدید | G22: درخواست ساخت | J22: 1405/01/24 | K22: 1405/02/03 | L22: =SUMIFS([1]فروردین!$AD$282:$AD$400,[1]فروردین!$C$282:$C$400,"قطعه نو",[1]فروردین!$B$282:$B$400,C22,[1]فروردین!$O$282:$O$400,B22) -> 0 | M22: تحویل | N22: =L22*(500000*1.5) -> 0
A23: 20 | B23: پولکی | C23: برش جمعی عقب ریو | D23: جهان لنت | E23: 4 | F23: جدید | G23: درخواست ساخت | H23: 14046 | J23: 1404/12/19 | L23: =SUMIFS([1]فروردین!$AD$282:$AD$400,[1]فروردین!$C$282:$C$400,"قطعه نو",[1]فروردین!$B$282:$B$400,C23,[1]فروردین!$O$282:$O$400,B23) -> 0 | M23: در حال انجام | N23: =L23*(500000*1.5) -> 0
A24: 21 | B24: محافظ تیغه | C24: برش جمعی عقب ریو | D24: جهان لنت | E24: 4 | F24: جدید | G24: درخواست ساخت | H24: 14046 | J24: 1404/12/19 | L24: =SUMIFS([1]فروردین!$AD$282:$AD$400,[1]فروردین!$C$282:$C$400,"قطعه نو",[1]فروردین!$B$282:$B$400,C24,[1]فروردین!$O$282:$O$400,B24) -> 0 | M24: در حال انجام | N24: =L24*(500000*1.5) -> 0
A25: 22 | B25: تیغه | C25: خط مصرف | D25: جهان لنت | E25: 1 | F25: تعمیری | G25: اصلاح تیغه | H25: 15337 | I25: 3001 | J25: 1405/01/29 | K25: 1405/01/29 | L25: =SUMIFS([1]فروردین!$AD$282:$AD$400,[1]فروردین!$C$282:$C$400,"قطعه تعمیری",[1]فروردین!$B$282:$B$400,C25,[1]فروردین!$O$282:$O$400,B25) -> 0 | M25: تحویل | N25: =L25*(500000*1.5) -> 0
A26: 23 | B26: Shaft | C26: دستگاه پشم فلز آلمانی | D26: تولید پشم فلز | E26: 1 | F26: تعمیری | G26: اصلاح شافت 3 متری | J26: 1405/01/31 | L26: =SUMIFS([1]فروردین!$AD$282:$AD$400,[1]فروردین!$C$282:$C$400,"قطعه تعمیری",[1]فروردین!$B$282:$B$400,C26,[1]فروردین!$O$282:$O$400,B26) -> 0 | M26: در حال انجام | N26: =L26*(500000*1.5) -> 0
A27: 24 | B27: Shaft | C27: دستگاه ساب سمباده ای | D27: جهان لنت | E27: 4 | F27: تعمیری | G27: اصلاح شافت | H27: 15651 | I27: 2508 | J27: 1405/01/30 | K27: 1405/02/02 | L27: =SUMIFS([1]فروردین!$AD$282:$AD$400,[1]فروردین!$C$282:$C$400,"قطعه تعمیری",[1]فروردین!$B$282:$B$400,C27,[1]فروردین!$O$282:$O$400,B27) -> 0 | M27: تحویل | N27: =L27*(500000*1.5) -> 0
A28: 25 | B28: جک | C28: دستگاه ساب سمباده ای | D28: جهان لنت | E28: 4 | F28: تعمیری | G28: اصلاح شافت | H28: 15651 | I28: 2508 | J28: 1405/01/30 | K28: 1405/02/02 | L28: =SUMIFS([1]فروردین!$AD$282:$AD$400,[1]فروردین!$C$282:$C$400,"قطعه تعمیری",[1]فروردین!$B$282:$B$400,C28,[1]فروردین!$O$282:$O$400,B28)+1 -> 1 | M28: تحویل | N28: =L28*(500000*1.5) -> 750000
A29: 26 | B29: Shaft | C29: دستگاه کمپرسور باد | D29: جهان ترمز | E29: 2 | F29: تعمیری | G29: اصلاح | H29: 14433 | J29: 1405/01/31 | K29: 1405/02/01 | L29: =SUMIFS([1]فروردین!$AD$282:$AD$400,[1]فروردین!$C$282:$C$400,"قطعه تعمیری",[1]فروردین!$B$282:$B$400,C29,[1]فروردین!$O$282:$O$400,B29) -> 0 | M29: تحویل | N29: =L29*(500000*1.5) -> 0
A30: 27 | B30: Shaft توپی | C30: ساب کونیک | D30: جهان لنت | E30: 1 | F30: تعمیری | G30: اصلاح | H30: 15652 | J30: 1405/01/30 | K30: 1405/01/30 | L30: =SUMIFS([1]فروردین!$AD$282:$AD$400,[1]فروردین!$C$282:$C$400,"قطعه تعمیری",[1]فروردین!$B$282:$B$400,C30,[1]فروردین!$O$282:$O$400,B30) -> 0 | M30: تحویل | N30: =L30*(500000*1.5) -> 0
A31: 28 | B31: فیکسچر | C31: دریل کلاچ | D31: جهان ترمز | E31: 1 | F31: تعمیری | G31: تراش فیکسچر | H31: 14581 | J31: 1405/01/29 | K31: 1405/02/01 | L31: =SUMIFS([1]فروردین!$AD$282:$AD$400,[1]فروردین!$C$282:$C$400,"قطعه تعمیری",[1]فروردین!$B$282:$B$400,C31,[1]فروردین!$O$282:$O$400,B31)+2 -> 2 | M31: تحویل | N31: =L31*(500000*1.5) -> 1500000
A32: 29 | B32: واسطه سر جک | C32: دستگاه پرس پخت | D32: جهان لنت | E32: 2 | F32: تعمیری | G32: اصلاح | J32: 1405/02/02 | K32: 1405/02/02 | L32: =SUMIFS([1]اردیبهشت!$AD$2:$AD$75,[1]اردیبهشت!$C$2:$C$75,"قطعه تعمیری",[1]اردیبهشت!$B$2:$B$75,C32,[1]اردیبهشت!$O$2:$O$75,B32) -> 0 | M32: تحویل | N32: =L32*(500000*1.5) -> 0
A33: 30 | B33: جک | C33: دستگاه ساب سمباده ای | D33: جهان لنت | E33: 1 | F33: تعمیری | G33: اصلاح | J33: 1405/02/02 | K33: 1405/02/02 | L33: =SUMIFS([1]اردیبهشت!$AD$2:$AD$75,[1]اردیبهشت!$C$2:$C$75,"قطعه تعمیری",[1]اردیبهشت!$B$2:$B$75,C33,[1]اردیبهشت!$O$2:$O$75,B33) -> 0 | M33: تحویل | N33: =L33*(500000*1.5) -> 0
A34: 31 | B34: فلانچ | C34: قالب خشاب زنی | D34: جهان ترمز | E34: 20 | F34: تعمیری | G34: اصلاح جا فنر | J34: 1405/01/26 | L34: =SUMIFS([1]اردیبهشت!$AD$2:$AD$75,[1]اردیبهشت!$C$2:$C$75,"قطعه تعمیری",[1]اردیبهشت!$B$2:$B$75,C34,[1]اردیبهشت!$O$2:$O$75,B34) -> 0 | M34: در حال انجام | N34: =L34*(500000*1.5) -> 0
A35: 32 | B35: Shaft | C35: همزن مواد | D35: جهان لنت | E35: 1 | F35: تعمیری | G35: اصلاح | H35: 15587 | I35: 6508 | J35: 1405/02/01 | K35: 1405/02/03 | L35: =SUMIFS([1]اردیبهشت!$AD$2:$AD$75,[1]اردیبهشت!$C$2:$C$75,"قطعه تعمیری",[1]اردیبهشت!$B$2:$B$75,C35,[1]اردیبهشت!$O$2:$O$75,B35) -> 0 | M35: تحویل | N35: =L35*(500000*1.5) -> 0
A36: 33 | B36: تیغه | C36: ویوینگ | D36: جهان ترمز | E36: 5 | F36: تعمیری | G36: اصلاح | J36: 1405/02/03 | L36: =SUMIFS([1]اردیبهشت!$AD$2:$AD$75,[1]اردیبهشت!$C$2:$C$75,"قطعه تعمیری",[1]اردیبهشت!$B$2:$B$75,C36,[1]اردیبهشت!$O$2:$O$75,B36) -> 0 | M36: در حال انجام | N36: =L36*(500000*1.5) -> 0
A37: 34 | L37: =SUMIFS([1]اردیبهشت!$AD$2:$AD$75,[1]اردیبهشت!$C$2:$C$75,"قطعه تعمیری",[1]اردیبهشت!$B$2:$B$75,C37,[1]اردیبهشت!$O$2:$O$75,B37) -> 0 | N37: =L37*(500000*1.5) -> 0
B38: مجموع | C38: √ | D38: جدید | E38: =SUMIFS(E4:E37,F4:F37,D38,M4:M37,"تحویل") -> 2947 | F38: √ | I38: Total | J38: جدید | K38: =SUMIFS(E4:E37,F4:F37,J38) -> 3001 | L38: =SUM(L24:L37) -> 3 | N38: =SUM(N4:N37) -> 93000000
C39: √ | D39: تعمیری | E39: =SUMIFS(E4:E37,F4:F37,D39,M4:M37,"تحویل") -> 17 | J39: تعمیری | K39: =SUMIFS(E4:E37,F4:F37,J39) -> 43

Sheet 6
A1: قطعات تعمیری و ساخته شده | M1: Date | N1: 1405
M2: weeks | N2: 6
B3: نام قطعه | C3: دستگاه / قالب | D3: درخواست کننده | E3: تعداد درخواست | F3: نو ع قطعه | G3: علت ساخت / تعمیر | H3: شماره نامه | I3: کد دستگاه | J3: تاریخ شروع | K3: تاریخ تحویل | L3: مقدار نفر ساعت کار شده | M3: عملیات در حال انجام | N3: هزینه ساخت/تعمیر (تومان)
A4: 1 | B4: تیغچه | C4: دستگاه پشم فلز آلمانی | D4: تولید پشم فلز | E4: 8 | F4: جدید | G4: درخواست ساخت | H4: 04/د/13047 | J4: 1404/12/02 | K4: 1405/02/10 | L4: =SUMIFS([1]اردیبهشت!$AD$76:$AD$257,[1]اردیبهشت!$C$76:$C$257,"قطعه نو",[1]اردیبهشت!$B$76:$B$257,C4,[1]اردیبهشت!$O$76:$O$257,B4) -> 0 | M4: تحویل | N4: =L4*(500000*1.5) -> 0
A5: 2 | B5: Shaft | C5: برش جمعی عقب ریو | D5: جهان لنت | E5: 1 | F5: جدید | G5: درخواست ساخت | H5: 14046 | J5: 1404/12/19 | K5: 1405/02/10 | L5: =SUMIFS([1]اردیبهشت!$AD$76:$AD$257,[1]اردیبهشت!$C$76:$C$257,"قطعه نو",[1]اردیبهشت!$B$76:$B$257,C5,[1]اردیبهشت!$O$76:$O$257,B5) -> 0 | M5: تحویل | N5: =L5*(500000*1.5) -> 0
A6: 3 | B6: مهره | C6: برش جمعی عقب ریو | D6: جهان لنت | E6: 0 | F6: جدید | G6: درخواست ساخت | H6: 14046 | J6: 1404/12/19 | K6: 1405/02/10 | L6: =SUMIFS([1]اردیبهشت!$AD$76:$AD$257,[1]اردیبهشت!$C$76:$C$257,"قطعه نو",[1]اردیبهشت!$B$76:$B$257,C6,[1]اردیبهشت!$O$76:$O$257,B6) -> 0 | M6: تحویل | N6: =L6*(500000*1.5) -> 0
A7: 4 | B7: پولکی | C7: پمپ | D7: جهان ترمز | E7: 1 | F7: جدید | G7: درخواست ساخت | J7: 1405/02/06 | K7: 1405/02/07 | L7: =SUMIFS([1]اردیبهشت!$AD$76:$AD$257,[1]اردیبهشت!$C$76:$C$257,"قطعه نو",[1]اردیبهشت!$B$76:$B$257,C7,[1]اردیبهشت!$O$76:$O$257,B7) -> 0 | M7: تحویل | N7: =L7*(500000*1.5) -> 0
A8: 5 | B8: عقب پژو 405 | C8: پین عقب پژو 405 | D8: جهان لنت | E8: 1 | F8: جدید | G8: درخواست ساخت | J8: 1405/02/07 | L8: =SUMIFS([1]اردیبهشت!$AD$76:$AD$257,[1]اردیبهشت!$C$76:$C$257,"قطعه نو",[1]اردیبهشت!$B$76:$B$257,C8,[1]اردیبهشت!$O$76:$O$257,B8) -> 0 | M8: در حال انجام | N8: =L8*(500000*1.5) -> 0
A9: 6 | B9: Bush | C9: دریل کلاچ | D9: جهان ترمز | E9: 1 | F9: جدید | G9: درخواست ساخت | H9: 15657 | J9: 1405/02/06 | K9: 1405/02/06 | L9: =SUMIFS([1]اردیبهشت!$AD$76:$AD$257,[1]اردیبهشت!$C$76:$C$257,"قطعه نو",[1]اردیبهشت!$B$76:$B$257,C9,[1]اردیبهشت!$O$76:$O$257,B9)+8 -> 8 | M9: تحویل | N9: =L9*(500000*1.5) -> 6000000
A10: 7 | B10: تیغچه بند | C10: دستگاه پشم فلز چینی | D10: تولید پشم فلز | E10: 4 | F10: جدید | G10: درخواست ساخت | H10: 04/د/13047 | J10: 1404/12/02 | L10: =SUMIFS([1]اردیبهشت!$AD$76:$AD$257,[1]اردیبهشت!$C$76:$C$257,"قطعه نو",[1]اردیبهشت!$B$76:$B$257,C10,[1]اردیبهشت!$O$76:$O$257,B10) -> 0 | M10: در حال انجام | N10: =L10*(500000*1.5) -> 0
A11: 8 | B11: گاید | C11: دستگاه پشم فلز چینی | D11: تولید پشم فلز | E11: 4 | F11: جدید | G11: درخواست ساخت | H11: 04/د/13047 | J11: 1404/12/03 | K11: 1405/02/06 | L11: =SUMIFS([1]اردیبهشت!$AD$76:$AD$257,[1]اردیبهشت!$C$76:$C$257,"قطعه نو",[1]اردیبهشت!$B$76:$B$257,C11,[1]اردیبهشت!$O$76:$O$257,B11) -> 0 | M11: تحویل | N11: =L11*(500000*1.5) -> 0
A12: 9 | B12: شانه | C12: دستگاه چسب زنی | D12: جهان لنت | E12: 2 | F12: جدید | G12: درخواست ساخت | J12: 1405/02/10 | L12: =SUMIFS([1]اردیبهشت!$AD$76:$AD$257,[1]اردیبهشت!$C$76:$C$257,"قطعه نو",[1]اردیبهشت!$B$76:$B$257,C12,[1]اردیبهشت!$O$76:$O$257,B12) -> 0 | M12: در حال انجام | N12: =L12*(500000*1.5) -> 0
A13: 10 | B13: U نگهدارنده | C13: ساب کلاچ | D13: جهان ترمز | E13: 20 | F13: جدید | G13: درخواست ساخت | J13: 1405/02/03 | L13: =SUMIFS([1]اردیبهشت!$AD$76:$AD$257,[1]اردیبهشت!$C$76:$C$257,"قطعه نو",[1]اردیبهشت!$B$76:$B$257,C13,[1]اردیبهشت!$O$76:$O$257,B13) -> 0 | M13: در حال انجام | N13: =L13*(500000*1.5) -> 0
A14: 11 | B14: Shaft | C14: ساب کونیک | D14: جهان لنت | E14: 1 | F14: جدید | G14: درخواست ساخت | H14: 15656 | I14: 2508 | J14: 1405/02/05 | K14: 1405/02/06 | L14: =SUMIFS([1]اردیبهشت!$AD$76:$AD$257,[1]اردیبهشت!$C$76:$C$257,"قطعه نو",[1]اردیبهشت!$B$76:$B$257,C14,[1]اردیبهشت!$O$76:$O$257,B14) -> 0 | M14: تحویل | N14: =L14*(500000*1.5) -> 0
A15: 12 | B15: pin | C15: فرز 7103 | D15: قالب سازی | E15: 1 | F15: جدید | G15: درخواست ساخت | I15: 7103 | J15: 1405/02/06 | K15: 1405/02/06 | L15: =SUMIFS([1]اردیبهشت!$AD$76:$AD$257,[1]اردیبهشت!$C$76:$C$257,"قطعه نو",[1]اردیبهشت!$B$76:$B$257,C15,[1]اردیبهشت!$O$76:$O$257,B15) -> 0 | M15: تحویل | N15: =L15*(500000*1.5) -> 0
A16: 13 | B16: گوه | C16: ویوینگ | D16: جهان ترمز | E16: 1 | F16: جدید | G16: درخواست ساخت | H16: 14578 | J16: 1405/02/05 | K16: 1405/02/05 | L16: =SUMIFS([1]اردیبهشت!$AD$76:$AD$257,[1]اردیبهشت!$C$76:$C$257,"قطعه نو",[1]اردیبهشت!$B$76:$B$257,C16,[1]اردیبهشت!$O$76:$O$257,B16) -> 0 | M16: تحویل | N16: =L16*(500000*1.5) -> 0
A17: 14 | B17: Bush | C17: ویوینگ | D17: جهان ترمز | E17: 2 | F17: جدید | G17: درخواست ساخت | H17: 15589 | J17: 1405/02/07 | K17: 1405/02/07 | L17: =SUMIFS([1]اردیبهشت!$AD$76:$AD$257,[1]اردیبهشت!$C$76:$C$257,"قطعه نو",[1]اردیبهشت!$B$76:$B$257,C17,[1]اردیبهشت!$O$76:$O$257,B17) -> 0 | M17: تحویل | N17: =L17*(500000*1.5) -> 0
A18: 15 | B18: pin | C18: پرچ زنی | D18: جهان لنت | E18: 1 | F18: تعمیری | G18: اصلاح | J18: 1405/02/05 | K18: 1405/02/05 | L18: =SUMIFS([1]اردیبهشت!$AD$76:$AD$257,[1]اردیبهشت!$C$76:$C$257,"قطعه تعمیری",[1]اردیبهشت!$B$76:$B$257,C18,[1]اردیبهشت!$O$76:$O$257,B18) -> 0 | M18: تحویل | N18: =L18*(500000*1.5) -> 0
A19: 16 | B19: مهره سرجک | C19: پرس پخت | D19: جهان ترمز | E19: 1 | F19: تعمیری | G19: اصلاح | J19: 1405/02/05 | K19: 1405/02/06 | L19: =SUMIFS([1]اردیبهشت!$AD$76:$AD$257,[1]اردیبهشت!$C$76:$C$257,"قطعه تعمیری",[1]اردیبهشت!$B$76:$B$257,C19,[1]اردیبهشت!$O$76:$O$257,B19) -> 0 | M19: تحویل | N19: =L19*(500000*1.5) -> 0
A20: 17 | B20: Shaft | C20: دریل سوراخکاری | D20: جهان لنت | E20: 1 | F20: تعمیری | G20: اصلاح | H20: 15657 | J20: 1405/02/06 | K20: 1405/02/06 | L20: =SUMIFS([1]اردیبهشت!$AD$76:$AD$257,[1]اردیبهشت!$C$76:$C$257,"قطعه تعمیری",[1]اردیبهشت!$B$76:$B$257,C20,[1]اردیبهشت!$O$76:$O$257,B20) -> 0 | M20: تحویل | N20: =L20*(500000*1.5) -> 0
A21: 18 | B21: Shaft | C21: دستگاه پشم فلز آلمانی | D21: تولید پشم فلز | E21: 1 | F21: تعمیری | G21: اصلاح Shaft 3 متری | J21: 1405/01/31 | K21: 1405/02/07 | L21: =SUMIFS([1]اردیبهشت!$AD$76:$AD$257,[1]اردیبهشت!$C$76:$C$257,"قطعه تعمیری",[1]اردیبهشت!$B$76:$B$257,C21,[1]اردیبهشت!$O$76:$O$257,B21)+12 -> 12 | M21: تحویل | N21: =L21*(500000*1.5) -> 9000000
A22: 19 | B22: Shaft | C22: دستگاه ساب سمباده ای | D22: جهان لنت | E22: 1 | F22: تعمیری | G22: اصلاح Shaft توپی | J22: 1405/02/06 | K22: 1405/02/06 | L22: =SUMIFS([1]اردیبهشت!$AD$76:$AD$257,[1]اردیبهشت!$C$76:$C$257,"قطعه تعمیری",[1]اردیبهشت!$B$76:$B$257,C22,[1]اردیبهشت!$O$76:$O$257,B22) -> 0 | M22: تحویل | N22: =L22*(500000*1.5) -> 0
A23: 20 | B23: غلطک | C23: ساب کلاچ | D23: جهان ترمز | E23: 8 | F23: تعمیری | G23: برداشتن لاستیک دور غلطک | H23: 15588 | J23: 1405/02/07 | K23: 1405/02/07 | L23: =SUMIFS([1]اردیبهشت!$AD$76:$AD$257,[1]اردیبهشت!$C$76:$C$257,"قطعه تعمیری",[1]اردیبهشت!$B$76:$B$257,C23,[1]اردیبهشت!$O$76:$O$257,B23) -> 0 | M23: تحویل | N23: =L23*(500000*1.5) -> 0
A24: 21 | B24: پیچ توپی بلند | C24: لیفتراک | D24: نت | E24: 1 | F24: تعمیری | G24: تراش پیچ | H24: 16153 | I24: 2 | J24: 1405/02/07 | K24: 1405/02/07 | L24: =SUMIFS([1]اردیبهشت!$AD$76:$AD$257,[1]اردیبهشت!$C$76:$C$257,"قطعه تعمیری",[1]اردیبهشت!$B$76:$B$257,C24,[1]اردیبهشت!$O$76:$O$257,B24) -> 0 | M24: تحویل | N24: =L24*(500000*1.5) -> 0
A25: 22 | B25: پیچ رگلاتور گاز | C25: لیفتراک | D25: نت | E25: 1 | F25: تعمیری | G25: درآوردن پیچ | H25: 16152 | I25: 4 | J25: 1405/02/07 | K25: 1405/02/07 | L25: =SUMIFS([1]اردیبهشت!$AD$76:$AD$257,[1]اردیبهشت!$C$76:$C$257,"قطعه تعمیری",[1]اردیبهشت!$B$76:$B$257,C25,[1]اردیبهشت!$O$76:$O$257,B25) -> 0 | M25: تحویل | N25: =L25*(500000*1.5) -> 0
A26: 23 | B26: پین عقب اکسل | C26: لیفتراک | D26: نت | E26: 2 | F26: تعمیری | G26: روتراشی | H26: 16154 | I26: 2 | J26: 1405/02/09 | K26: 1405/02/09 | L26: =SUMIFS([1]اردیبهشت!$AD$76:$AD$257,[1]اردیبهشت!$C$76:$C$257,"قطعه تعمیری",[1]اردیبهشت!$B$76:$B$257,C26,[1]اردیبهشت!$O$76:$O$257,B26) -> 0 | M26: تحویل | N26: =L26*(500000*1.5) -> 0
A27: 24 | B27: Shaft | C27: ویوینگ | D27: جهان ترمز | E27: 1 | F27: تعمیری | G27: اصلاح | H27: 14584 | I27: 1 | J27: 1405/02/07 | K27: 1405/02/10 | L27: =SUMIFS([1]اردیبهشت!$AD$76:$AD$257,[1]اردیبهشت!$C$76:$C$257,"قطعه تعمیری",[1]اردیبهشت!$B$76:$B$257,C27,[1]اردیبهشت!$O$76:$O$257,B27) -> 0 | M27: تحویل | N27: =L27*(500000*1.5) -> 0
B28: مجموع | C28: √ | D28: جدید | E28: =SUMIFS(E4:E27,F4:F27,D28,M4:M27,"تحویل") -> 20 | I28: Total | J28: جدید | K28: =SUMIFS(E4:E27,F4:F27,J28) -> 47 | L28: =SUM(L4:L27) -> 20 | N28: =SUM(N4:N27) -> 15000000
C29: √ | D29: تعمیری | E29: =SUMIFS(E4:E27,F4:F27,D29,M4:M27,"تحویل") -> 18 | J29: تعمیری | K29: =SUMIFS(E5:E27,F5:F27,J29) -> 18

Sheet 7
A1: قطعات تعمیری و ساخته شده | M1: Date | N1: 1405
M2: weeks | N2: 7
B3: نام قطعه | C3: دستگاه / قالب | D3: درخواست کننده | E3: تعداد درخواست | F3: نو ع قطعه | G3: علت ساخت / تعمیر | H3: شماره نامه | I3: کد دستگاه | J3: تاریخ شروع | K3: تاریخ تحویل | L3: مقدار نفر ساعت کار شده | M3: عملیات در حال انجام | N3: هزینه ساخت/تعمیر (تومان)
A4: 1 | B4: Shaft | C4: برش جمعی جدید | D4: جهان لنت | E4: 1 | F4: جدید | G4: درخواست ساخت | H4: 14046 | J4: 1405/02/15 | L4: =SUMIFS([1]اردیبهشت!$AF$258:$AF$408,[1]اردیبهشت!$C$258:$C$408,"قطعه نو",[1]اردیبهشت!$B$258:$B$408,C4,[1]اردیبهشت!$P$258:$P$408,B4) -> 3 | M4: در حال انجام | N4: =L4*(500000*1.5) -> 2250000
A5: 2 | B5: عقب پژو 405 | C5: پین عقب پژو 405 | D5: جهان لنت | E5: 1 | F5: جدید | G5: درخواست ساخت | J5: 1405/02/07 | L5: =SUMIFS([1]اردیبهشت!$AF$258:$AF$408,[1]اردیبهشت!$C$258:$C$408,"قطعه نو",[1]اردیبهشت!$B$258:$B$408,C5,[1]اردیبهشت!$P$258:$P$408,B5) -> 30 | M5: در حال انجام | N5: =L5*(500000*1.5) -> 22500000
A6: 3 | B6: تسمه | C6: تسمه تست کششی | D6: آزمایشگاه | E6: 2 | F6: جدید | G6: درخواست ساخت | J6: 1405/02/17 | L6: =SUMIFS([1]اردیبهشت!$AF$258:$AF$408,[1]اردیبهشت!$C$258:$C$408,"قطعه نو",[1]اردیبهشت!$B$258:$B$408,C6,[1]اردیبهشت!$P$258:$P$408,B6) -> 8 | M6: در حال انجام | N6: =L6*(500000*1.5) -> 6000000
A7: 4 | B7: Shaft | C7: دستگاه پشم فلز آلمانی | D7: تولید پشم فلز | E7: 8 | F7: جدید | G7: درخواست ساخت | H7: 04/د/13047 | J7: 1404/12/02 | L7: =SUMIFS([1]اردیبهشت!$AF$258:$AF$408,[1]اردیبهشت!$C$258:$C$408,"قطعه نو",[1]اردیبهشت!$B$258:$B$408,C7,[1]اردیبهشت!$P$258:$P$408,B7) -> 3 | M7: در حال انجام | N7: =L7*(500000*1.5) -> 2250000
A8: 5 | B8: تسمه | C8: دستگاه مهر زنی | D8: جهان ترمز | E8: 2 | F8: جدید | G8: خرابی نگهدارنده | H8: 15413 | I8: 4203 4204 | J8: 1405/01/24 | K8: 1405/02/18 | L8: =SUMIFS([1]اردیبهشت!$AF$258:$AF$408,[1]اردیبهشت!$C$258:$C$408,"قطعه نو",[1]اردیبهشت!$B$258:$B$408,C8,[1]اردیبهشت!$P$258:$P$408,B8) -> 1.5 | M8: تحویل | N8: =L8*(500000*1.5) -> 1125000
A9: 6 | B9: U نگهدارنده | C9: ساب کلاچ | D9: جهان ترمز | E9: 20 | F9: جدید | G9: درخواست ساخت | J9: 1405/02/03 | L9: =SUMIFS([1]اردیبهشت!$AF$258:$AF$408,[1]اردیبهشت!$C$258:$C$408,"قطعه نو",[1]اردیبهشت!$B$258:$B$408,C9,[1]اردیبهشت!$P$258:$P$408,B9) -> 5 | M9: در حال انجام | N9: =L9*(500000*1.5) -> 3750000
A10: 7 | B10: واسطه سنگ | C10: ساب | D10: جهان لنت | E10: 2 | F10: جدید | G10: درخواست ساخت | H10: 15667 | J10: 1405/02/13 | K10: 1405/02/16 | L10: =SUMIFS([1]اردیبهشت!$AF$258:$AF$408,[1]اردیبهشت!$C$258:$C$408,"قطعه نو",[1]اردیبهشت!$B$258:$B$408,C10,[1]اردیبهشت!$P$258:$P$408,B10) -> 0 | M10: تحویل | N10: =L10*(500000*1.5) -> 0
A11: 8 | B11: پیچ | C11: ساب | D11: جهان لنت | E11: 1 | F11: جدید | G11: درخواست ساخت | H11: 15667 | J11: 1405/02/13 | K11: 1405/02/16 | L11: =SUMIFS([1]اردیبهشت!$AF$258:$AF$408,[1]اردیبهشت!$C$258:$C$408,"قطعه نو",[1]اردیبهشت!$B$258:$B$408,C11,[1]اردیبهشت!$P$258:$P$408,B11) -> 2 | M11: تحویل | N11: =L11*(500000*1.5) -> 1500000
A12: 9 | B12: فیکسچر خم | C12: لنت دنیای مس | D12: جهان لنت | E12: 1 | F12: جدید | G12: درخواست ساخت | J12: 1405/02/14 | L12: =SUMIFS([1]اردیبهشت!$AF$258:$AF$408,[1]اردیبهشت!$C$258:$C$408,"قطعه نو",[1]اردیبهشت!$B$258:$B$408,C12,[1]اردیبهشت!$P$258:$P$408,B12) -> 32 | M12: در حال انجام | N12: =L12*(500000*1.5) -> 24000000
A13: 10 | B13: Bush | C13: میکس چینی | D13: جهان لنت | E13: 1 | F13: جدید | G13: درخواست ساخت | H13: 15666 | J13: 1405/02/12 | K13: 1405/02/13 | L13: =SUMIFS([1]اردیبهشت!$AF$258:$AF$408,[1]اردیبهشت!$C$258:$C$408,"قطعه نو",[1]اردیبهشت!$B$258:$B$408,C13,[1]اردیبهشت!$P$258:$P$408,B13) -> 3.3333333 | M13: تحویل | N13: =L13*(500000*1.5) -> 2500000
A14: 11 | B14: Mandrel | C14: ابزار زنی | D14: جهان لنت | E14: 1 | F14: تعمیری | G14: خرابی Mandrel | H14: 15035 | J14: 1405/02/15 | K14: 1405/02/17 | L14: =SUMIFS([1]اردیبهشت!$AF$258:$AF$408,[1]اردیبهشت!$C$258:$C$408,"قطعه تعمیری",[1]اردیبهشت!$B$258:$B$408,C14,[1]اردیبهشت!$P$258:$P$408,B14) -> 2.5 | M14: تحویل | N14: =L14*(500000*1.5) -> 1875000
A15: 12 | B15: Shaft | C15: آسیاب پشم فلز | D15: تولید پشم فلز | E15: 1 | F15: تعمیری | G15: اصلاحShaftروتور | H15: 15591 | J15: 1405/02/16 | K15: 1405/02/16 | L15: =SUMIFS([1]اردیبهشت!$AF$258:$AF$408,[1]اردیبهشت!$C$258:$C$408,"قطعه تعمیری",[1]اردیبهشت!$B$258:$B$408,C15,[1]اردیبهشت!$P$258:$P$408,B15) -> 2.5 | M15: تحویل | N15: =L15*(500000*1.5) -> 1875000
A16: 13 | B16: فولی | C16: آغشته کاری | D16: جهان ترمز | E16: 1 | F16: تعمیری | G16: تراش | J16: 1405/02/15 | K16: 1405/02/16 | L16: =SUMIFS([1]اردیبهشت!$AF$258:$AF$408,[1]اردیبهشت!$C$258:$C$408,"قطعه تعمیری",[1]اردیبهشت!$B$258:$B$408,C16,[1]اردیبهشت!$P$258:$P$408,B16) -> 2 | M16: تحویل | N16: =L16*(500000*1.5) -> 1500000
A17: 14 | B17: تیغه | C17: برش جمعی عقب | D17: جهان لنت | E17: 5 | F17: تعمیری | G17: اصلاح | H17: 15862 | I17: 3207 | J17: 1405/02/14 | K17: 1405/02/14 | L17: =SUMIFS([1]اردیبهشت!$AF$258:$AF$408,[1]اردیبهشت!$C$258:$C$408,"قطعه تعمیری",[1]اردیبهشت!$B$258:$B$408,C17,[1]اردیبهشت!$P$258:$P$408,B17) -> 2.5 | M17: تحویل | N17: =L17*(500000*1.5) -> 1875000
A18: 15 | B18: فیکسچر پیکان | C18: دریل سوراخکاری | D18: جهان ترمز | E18: 1 | F18: تعمیری | G18: اصلاح | J18: 1405/02/14 | K18: 1405/02/14 | L18: =SUMIFS([1]اردیبهشت!$AF$258:$AF$408,[1]اردیبهشت!$C$258:$C$408,"قطعه تعمیری",[1]اردیبهشت!$B$258:$B$408,C18,[1]اردیبهشت!$P$258:$P$408,B18) -> 2 | M18: تحویل | N18: =L18*(500000*1.5) -> 1500000
A19: 16 | B19: Shaft | C19: دستگاه پشم فلز | D19: تولید پشم فلز | E19: 5 | F19: تعمیری | G19: اصلاح | H19: 15670 | J19: 1405/02/16 | L19: =SUMIFS([1]اردیبهشت!$AF$258:$AF$408,[1]اردیبهشت!$C$258:$C$408,"قطعه تعمیری",[1]اردیبهشت!$B$258:$B$408,C19,[1]اردیبهشت!$P$258:$P$408,B19) -> 2 | M19: در حال انجام | N19: =L19*(500000*1.5) -> 1500000
A20: 17 | B20: مسی | C20: سری نقطه جوش | D20: جهان لنت | E20: 6 | F20: تعمیری | G20: اصلاح | J20: 1405/02/14 | K20: 1405/02/15 | L20: =SUMIFS([1]اردیبهشت!$AF$258:$AF$408,[1]اردیبهشت!$C$258:$C$408,"قطعه تعمیری",[1]اردیبهشت!$B$258:$B$408,C20,[1]اردیبهشت!$P$258:$P$408,B20) -> 5.6666667 | M20: تحویل | N20: =L20*(500000*1.5) -> 4250000
A21: 18 | B21: واسطه سنگ | C21: سنگ ساب | D21: جهان لنت | E21: 1 | F21: تعمیری | G21: اصلاح | J21: 1405/02/12 | K21: 1405/02/12 | L21: =SUMIFS([1]اردیبهشت!$AF$258:$AF$408,[1]اردیبهشت!$C$258:$C$408,"قطعه تعمیری",[1]اردیبهشت!$B$258:$B$408,C21,[1]اردیبهشت!$P$258:$P$408,B21) -> 0 | M21: تحویل | N21: =L21*(500000*1.5) -> 0
A22: 19 | B22: Shaft | C22: ویوینگ | D22: جهان ترمز | E22: 1 | F22: تعمیری | G22: اصلاح | H22: 14586 | I22: 6503 | J22: 1405/02/13 | K22: 1405/02/16 | L22: =SUMIFS([1]اردیبهشت!$AF$258:$AF$408,[1]اردیبهشت!$C$258:$C$408,"قطعه تعمیری",[1]اردیبهشت!$B$258:$B$408,C22,[1]اردیبهشت!$P$258:$P$408,B22) -> 3.6666667 | M22: در حال انجام | N22: =L22*(500000*1.5) -> 2750000
A23: 20 | B23: پیچ | C23: ویوینگ | D23: جهان ترمز | E23: 1 | F23: تعمیری | G23: اصلاح | H23: 14586 | I23: 6503 | J23: 1405/02/13 | K23: 1405/02/16 | L23: =SUMIFS([1]اردیبهشت!$AF$258:$AF$408,[1]اردیبهشت!$C$258:$C$408,"قطعه تعمیری",[1]اردیبهشت!$B$258:$B$408,C23,[1]اردیبهشت!$P$258:$P$408,B23) -> 2 | M23: تحویل | N23: =L23*(500000*1.5) -> 1500000
A25: 21 | L25: =SUMIFS([1]اردیبهشت!$AF$258:$AF$408,[1]اردیبهشت!$C$258:$C$408,"قطعه تعمیری",[1]اردیبهشت!$B$258:$B$408,C25,[1]اردیبهشت!$P$258:$P$408,B25) -> 0 | N25: =L25*(500000*1.5) -> 0
B26: مجموع | C26: √ | D26: جدید | E26: =SUMIFS(E4:E25,F4:F25,D26,M4:M25,"تحویل") -> 6 | I26: Total | J26: جدید | K26: =SUMIFS(E4:E25,F4:F25,J26) -> 39 | L26: =SUM(L4:L25) -> 112.66667 | N26: =SUM(N4:N25) -> 84500000
C27: √ | D27: تعمیری | E27: =SUMIFS(E4:E25,F4:F25,D27,M4:M25,"تحویل") -> 17 | J27: تعمیری | K27: =SUMIFS(E5:E25,F5:F25,J27) -> 23

Sheet 8
A1: قطعات تعمیری و ساخته شده | M1: Date | N1: 1405
M2: weeks | N2: 8
B3: نام قطعه | C3: دستگاه / قالب | D3: درخواست کننده | E3: تعداد درخواست | F3: نو ع قطعه | G3: علت ساخت / تعمیر | H3: شماره نامه | I3: کد دستگاه | J3: تاریخ شروع | K3: تاریخ تحویل | L3: مقدار نفر ساعت کار شده | M3: عملیات در حال انجام | N3: هزینه ساخت/تعمیر (تومان)
A4: 1 | B4: عقب پژو 405 | C4: پین عقب پژو 405 | D4: جهان لنت | E4: 1 | F4: جدید | G4: درخواست ساخت | J4: 1405/02/07 | L4: =SUMIFS([1]اردیبهشت!$AF$409:$AF$648,[1]اردیبهشت!$C$409:$C$648,"قطعه نو",[1]اردیبهشت!$B$409:$B$648,C4,[1]اردیبهشت!$P$409:$P$648,B4) -> 26 | M4: در حال انجام | N4: =L4*(500000*1.5) -> 19500000
A5: 2 | B5: U نگهدارنده | C5: ساب کلاچ | D5: جهان ترمز | E5: 20 | F5: جدید | G5: درخواست ساخت | J5: 1405/02/03 | L5: =SUMIFS([1]اردیبهشت!$AF$409:$AF$648,[1]اردیبهشت!$C$409:$C$648,"قطعه نو",[1]اردیبهشت!$B$409:$B$648,C5,[1]اردیبهشت!$P$409:$P$648,B5) -> 4 | M5: در حال انجام | N5: =L5*(500000*1.5) -> 3000000
A6: 3 | B6: فیکسچر خم | C6: لنت دنیای مس | D6: جهان لنت | E6: 1 | F6: جدید | G6: درخواست ساخت | J6: 1405/02/14 | L6: =SUMIFS([1]اردیبهشت!$AF$409:$AF$648,[1]اردیبهشت!$C$409:$C$648,"قطعه نو",[1]اردیبهشت!$B$409:$B$648,C6,[1]اردیبهشت!$P$409:$P$648,B6) -> 40 | M6: در حال انجام | N6: =L6*(500000*1.5) -> 30000000
A7: 4 | B7: ابزار پیچ و مهره | C7: ابزار زنی | D7: جهان لنت | E7: 300 | F7: جدید | G7: درخواست ساخت | H7: 1197/د/05 | J7: 1405/02/24 | L7: =SUMIFS([1]اردیبهشت!$AF$409:$AF$648,[1]اردیبهشت!$C$409:$C$648,"قطعه نو",[1]اردیبهشت!$B$409:$B$648,C7,[1]اردیبهشت!$P$409:$P$648,B7) -> 6 | M7: در حال انجام | N7: =L7*(500000*1.5) -> 4500000
A8: 5 | B8: مهره | C8: پرس پخت | D8: جهان لنت | E8: 1 | F8: جدید | G8: درخواست ساخت | J8: 1405/02/22 | L8: =SUMIFS([1]اردیبهشت!$AF$409:$AF$648,[1]اردیبهشت!$C$409:$C$648,"قطعه نو",[1]اردیبهشت!$B$409:$B$648,C8,[1]اردیبهشت!$P$409:$P$648,B8) -> 4 | M8: تحویل | N8: =L8*(500000*1.5) -> 3000000
A9: 6 | B9: Shaft | C9: پرس پخت | D9: جهان ترمز | E9: 1 | F9: جدید | G9: شکستن Shaft | H9: 14589 | I9: 2063 | J9: 1405/02/23 | L9: =SUMIFS([1]اردیبهشت!$AF$409:$AF$648,[1]اردیبهشت!$C$409:$C$648,"قطعه نو",[1]اردیبهشت!$B$409:$B$648,C9,[1]اردیبهشت!$P$409:$P$648,B9) -> 6 | M9: در حال انجام | N9: =L9*(500000*1.5) -> 4500000
A10: 7 | B10: شانه | C10: دستگاه پشم فلز آلمانی | D10: پشم فلز | E10: 60 | F10: جدید | G10: درخواست ساخت | J10: 1405/02/19 | L10: =SUMIFS([1]اردیبهشت!$AF$409:$AF$648,[1]اردیبهشت!$C$409:$C$648,"قطعه نو",[1]اردیبهشت!$B$409:$B$648,C10,[1]اردیبهشت!$P$409:$P$648,B10) -> 50 | M10: در حال انجام | N10: =L10*(500000*1.5) -> 37500000
A11: 8 | B11: Shaft | C11: دستگاه پشم فلز | D11: پشم فلز | E11: 1 | F11: جدید | G11: درخواست ساخت | H11: 15670 | J11: 1405/02/19 | K11: 1405/02/25 | L11: =SUMIFS([1]اردیبهشت!$AF$409:$AF$648,[1]اردیبهشت!$C$409:$C$648,"قطعه نو",[1]اردیبهشت!$B$409:$B$648,C11,[1]اردیبهشت!$P$409:$P$648,B11) -> 2 | M11: تحویل | N11: =L11*(500000*1.5) -> 1500000
A12: 9 | B12: زیر پایه | C12: دستگاه پشم فلز | D12: پشم فلز | E12: 1 | F12: جدید | G12: درخواست ساخت | H12: 15670 | J12: 1405/02/19 | K12: 1405/02/25 | L12: =SUMIFS([1]اردیبهشت!$AF$409:$AF$648,[1]اردیبهشت!$C$409:$C$648,"قطعه نو",[1]اردیبهشت!$B$409:$B$648,C12,[1]اردیبهشت!$P$409:$P$648,B12) -> 3 | M12: تحویل | N12: =L12*(500000*1.5) -> 2250000
A13: 10 | B13: فلانچ بزرگ | C13: دستگاه پشم فلز | D13: پشم فلز | E13: 1 | F13: جدید | G13: درخواست ساخت | H13: 15670 | J13: 1405/02/19 | K13: 1405/02/25 | L13: =SUMIFS([1]اردیبهشت!$AF$409:$AF$648,[1]اردیبهشت!$C$409:$C$648,"قطعه نو",[1]اردیبهشت!$B$409:$B$648,C13,[1]اردیبهشت!$P$409:$P$648,B13) -> 4 | M13: تحویل | N13: =L13*(500000*1.5) -> 3000000
A14: 11 | B14: کوبلینگ | C14: دستگاه پشم فلز | D14: پشم فلز | E14: 1 | F14: جدید | G14: درخواست ساخت | H14: 15670 | J14: 1405/02/19 | K14: 1405/02/25 | L14: =SUMIFS([1]اردیبهشت!$AF$409:$AF$648,[1]اردیبهشت!$C$409:$C$648,"قطعه نو",[1]اردیبهشت!$B$409:$B$648,C14,[1]اردیبهشت!$P$409:$P$648,B14) -> 8 | M14: تحویل | N14: =L14*(500000*1.5) -> 6000000
A15: 12 | B15: روبند | C15: دستگاه ساب | D15: جهان لنت | E15: 1 | F15: جدید | G15: درخواست ساخت | J15: 1405/02/25 | L15: =SUMIFS([1]اردیبهشت!$AF$409:$AF$648,[1]اردیبهشت!$C$409:$C$648,"قطعه نو",[1]اردیبهشت!$B$409:$B$648,C15,[1]اردیبهشت!$P$409:$P$648,B15) -> 7 | M15: در حال انجام | N15: =L15*(500000*1.5) -> 5250000
A16: 13 | B16: واسطه سنگ | C16: دستگاه سنگ پشم فلز آلمانی | D16: پشم فلز | E16: 2 | F16: جدید | G16: درخواست ساخت | J16: 1405/02/20 | K16: 1405/02/25 | L16: =SUMIFS([1]اردیبهشت!$AF$409:$AF$648,[1]اردیبهشت!$C$409:$C$648,"قطعه نو",[1]اردیبهشت!$B$409:$B$648,C16,[1]اردیبهشت!$P$409:$P$648,B16) -> 2 | M16: تحویل | N16: =L16*(500000*1.5) -> 1500000
A17: 14 | B17: پولی تسمه | C17: دستگاه مهر زنی | D17: جهان ترمز | E17: 2 | F17: جدید | G17: خرابی نگهدارنده | H17: 15413 | I17: 4203 4204 | J17: 1405/02/14 | K17: 1405/02/25 | L17: =SUMIFS([1]اردیبهشت!$AF$409:$AF$648,[1]اردیبهشت!$C$409:$C$648,"قطعه نو",[1]اردیبهشت!$B$409:$B$648,C17,[1]اردیبهشت!$P$409:$P$648,B17) -> 1 | M17: تحویل | N17: =L17*(500000*1.5) -> 750000
A18: 15 | B18: پنجره ای | C18: ساب کونیک | D18: جهان لنت | E18: 1 | F18: جدید | G18: درخواست ساخت | J18: 1405/02/19 | K18: 1405/02/25 | L18: =SUMIFS([1]اردیبهشت!$AF$409:$AF$648,[1]اردیبهشت!$C$409:$C$648,"قطعه نو",[1]اردیبهشت!$B$409:$B$648,C18,[1]اردیبهشت!$P$409:$P$648,B18) -> 9 | M18: تحویل | N18: =L18*(500000*1.5) -> 6750000
A19: 16 | B19: فیکسچر خم | C19: لنت دنیای مس | D19: جهان لنت | E19: 1 | F19: جدید | G19: درخواست ساخت | J19: 1405/02/21 | L19: =SUMIFS([1]اردیبهشت!$AF$409:$AF$648,[1]اردیبهشت!$C$409:$C$648,"قطعه نو",[1]اردیبهشت!$B$409:$B$648,C19,[1]اردیبهشت!$P$409:$P$648,B19) -> 40 | M19: در حال انجام | N19: =L19*(500000*1.5) -> 30000000
A20: 17 | B20: Bush | C20: ویوینگ | D20: جهان ترمز | E20: 1 | F20: جدید | G20: درخواست ساخت | J20: 1405/02/20 | K20: 1405/02/25 | L20: =SUMIFS([1]اردیبهشت!$AF$409:$AF$648,[1]اردیبهشت!$C$409:$C$648,"قطعه نو",[1]اردیبهشت!$B$409:$B$648,C20,[1]اردیبهشت!$P$409:$P$648,B20) -> 6.5 | M20: تحویل | N20: =L20*(500000*1.5) -> 4875000
A21: 18 | B21: pin | C21: ویوینگ | D21: جهان ترمز | E21: 1 | F21: جدید | G21: درخواست ساخت | J21: 1405/02/20 | K21: 1405/02/25 | L21: =SUMIFS([1]اردیبهشت!$AF$409:$AF$648,[1]اردیبهشت!$C$409:$C$648,"قطعه نو",[1]اردیبهشت!$B$409:$B$648,C21,[1]اردیبهشت!$P$409:$P$648,B21) -> 1.5 | M21: تحویل | N21: =L21*(500000*1.5) -> 1125000
A22: 19 | B22: واشر لنگری | C22: ویوینگ | D22: جهان ترمز | E22: 1 | F22: جدید | G22: درخواست ساخت | H22: 15592 | J22: 1405/02/20 | K22: 1405/02/25 | L22: =SUMIFS([1]اردیبهشت!$AF$409:$AF$648,[1]اردیبهشت!$C$409:$C$648,"قطعه نو",[1]اردیبهشت!$B$409:$B$648,C22,[1]اردیبهشت!$P$409:$P$648,B22) -> 7.5 | M22: تحویل | N22: =L22*(500000*1.5) -> 5625000
A23: 20 | B23: Mandrel | C23: ابزار زنی | D23: جهان لنت | E23: 2 | F23: تعمیری | G23: اصلاح | J23: 1405/02/20 | K23: 1405/02/21 | L23: =SUMIFS([1]اردیبهشت!$AF$409:$AF$648,[1]اردیبهشت!$C$409:$C$648,"قطعه تعمیری",[1]اردیبهشت!$B$409:$B$648,C23,[1]اردیبهشت!$P$409:$P$648,B23) -> 1.5 | M23: تحویل | N23: =L23*(500000*1.5) -> 1125000
A24: 21 | B24: Shaft | C24: آسیاب پشم فلز | D24: پشم فلز | E24: 1 | F24: تعمیری | G24: اصلاح | H24: 15591 | J24: 1405/02/19 | K24: 1405/02/20 | L24: =SUMIFS([1]اردیبهشت!$AF$409:$AF$648,[1]اردیبهشت!$C$409:$C$648,"قطعه تعمیری",[1]اردیبهشت!$B$409:$B$648,C24,[1]اردیبهشت!$P$409:$P$648,B24) -> 1 | M24: تحویل | N24: =L24*(500000*1.5) -> 750000
A25: 22 | B25: پولی تسمه | C25: آغشته کاری | D25: جهان ترمز | E25: 1 | F25: تعمیری | G25: اصلاح | H25: 15687 | J25: 1405/02/23 | K25: 1405/02/25 | L25: =SUMIFS([1]اردیبهشت!$AF$409:$AF$648,[1]اردیبهشت!$C$409:$C$648,"قطعه تعمیری",[1]اردیبهشت!$B$409:$B$648,C25,[1]اردیبهشت!$P$409:$P$648,"*") -> 3 | M25: تحویل | N25: =L25*(500000*1.5) -> 2250000
A26: 23 | B26: Bush | C26: برش جمعی عقب | D26: جهان لنت | E26: 1 | F26: تعمیری | G26: اصلاح | J26: 1405/02/23 | K26: 1405/02/23 | L26: =SUMIFS([1]اردیبهشت!$AF$409:$AF$648,[1]اردیبهشت!$C$409:$C$648,"قطعه تعمیری",[1]اردیبهشت!$B$409:$B$648,C26,[1]اردیبهشت!$P$409:$P$648,B26) -> 1 | M26: تحویل | N26: =L26*(500000*1.5) -> 750000
A27: 24 | B27: تیغه | C27: تیغ فرز | D27: تراشکاری | E27: 20 | F27: تعمیری | G27: اصلاح | J27: 1405/02/21 | K27: 1405/02/22 | L27: =SUMIFS([1]اردیبهشت!$AF$409:$AF$648,[1]اردیبهشت!$C$409:$C$648,"قطعه تعمیری",[1]اردیبهشت!$B$409:$B$648,C27,[1]اردیبهشت!$P$409:$P$648,B27) -> 5 | M27: تحویل | N27: =L27*(500000*1.5) -> 3750000
A28: 25 | B28: صفحه پخت | C28: دستگاه پرس پخت | D28: جهان لنت | E28: 1 | F28: تعمیری | G28: اصلاح | H28: 15681 | J28: 1405/02/21 | K28: 1405/02/22 | L28: =SUMIFS([1]اردیبهشت!$AF$409:$AF$648,[1]اردیبهشت!$C$409:$C$648,"قطعه تعمیری",[1]اردیبهشت!$B$409:$B$648,C28,[1]اردیبهشت!$P$409:$P$648,B28) -> 11 | M28: تحویل | N28: =L28*(500000*1.5) -> 8250000
A29: 26 | B29: میز | C29: دستگاه ساب کلاچ | D29: جهان ترمز | E29: 2 | F29: تعمیری | G29: اصلاح | H29: 11143 14587 | I29: 2904 | J29: 1405/02/19 | K29: 1405/02/25 | L29: =SUMIFS([1]اردیبهشت!$AF$409:$AF$648,[1]اردیبهشت!$C$409:$C$648,"قطعه تعمیری",[1]اردیبهشت!$B$409:$B$648,C29,[1]اردیبهشت!$P$409:$P$648,B29) -> 15.5 | M29: در حال انجام | N29: =L29*(500000*1.5) -> 11625000
A30: 27 | B30: مسی | C30: سری نقطه جوش | D30: جهان لنت | E30: 10 | F30: تعمیری | G30: اصلاح | J30: 1405/02/19 | K30: 1405/02/23 | L30: =SUMIFS([1]اردیبهشت!$AF$409:$AF$648,[1]اردیبهشت!$C$409:$C$648,"قطعه تعمیری",[1]اردیبهشت!$B$409:$B$648,C30,[1]اردیبهشت!$P$409:$P$648,B30) -> 5 | M30: تحویل | N30: =L30*(500000*1.5) -> 3750000
A31: 28 | B31: قلم | C31: قلم پین L90 | D31: تراشکاری | E31: 1 | F31: تعمیری | G31: اصلاح | J31: 1405/02/19 | K31: 1405/02/19 | L31: =SUMIFS([1]اردیبهشت!$AF$409:$AF$648,[1]اردیبهشت!$C$409:$C$648,"قطعه تعمیری",[1]اردیبهشت!$B$409:$B$648,C31,[1]اردیبهشت!$P$409:$P$648,B31) -> 2 | M31: تحویل | N31: =L31*(500000*1.5) -> 1500000
A32: 29 | B32: قلم | C32: قلم پین پژو 405 | D32: تراشکاری | E32: 1 | F32: تعمیری | G32: اصلاح | J32: 1405/02/19 | K32: 1405/02/19 | L32: =SUMIFS([1]اردیبهشت!$AF$409:$AF$648,[1]اردیبهشت!$C$409:$C$648,"قطعه تعمیری",[1]اردیبهشت!$B$409:$B$648,C32,[1]اردیبهشت!$P$409:$P$648,B32) -> 2 | M32: تحویل | N32: =L32*(500000*1.5) -> 1500000
A33: 30 | B33: پروانه | C33: کولر | D33: جهان لنت | E33: 2 | F33: تعمیری | G33: اصلاح | J33: 1405/02/22 | K33: 1405/02/23 | L33: =SUMIFS([1]اردیبهشت!$AF$409:$AF$648,[1]اردیبهشت!$C$409:$C$648,"قطعه تعمیری",[1]اردیبهشت!$B$409:$B$648,C33,[1]اردیبهشت!$P$409:$P$648,"*") -> 4.5 | M33: تحویل | N33: =L33*(500000*1.5) -> 3375000
A34: 31 | B34: لنت | C34: لنت فولاد خراسان | D34: جهان لنت | E34: 4 | F34: تعمیری | G34: اصلاح | J34: 1405/02/22 | K34: 1405/02/22 | L34: =SUMIFS([1]اردیبهشت!$AF$409:$AF$648,[1]اردیبهشت!$C$409:$C$648,"قطعه تعمیری",[1]اردیبهشت!$B$409:$B$648,C34,[1]اردیبهشت!$P$409:$P$648,B34) -> 4.95 | M34: تحویل | N34: =L34*(500000*1.5) -> 3712500
A35: 32 | B35: Bush | C35: ویوینگ | D35: جهان ترمز | E35: 1 | F35: تعمیری | G35: اصلاح | H35: 15593 | I35: 6401 | J35: 1405/02/23 | K35: 1405/02/23 | L35: =SUMIFS([1]اردیبهشت!$AF$409:$AF$648,[1]اردیبهشت!$C$409:$C$648,"قطعه تعمیری",[1]اردیبهشت!$B$409:$B$648,C35,[1]اردیبهشت!$P$409:$P$648,B35) -> 2 | M35: تحویل | N35: =L35*(500000*1.5) -> 1500000
A36: 33 | L36: =SUMIFS([1]اردیبهشت!$AF$409:$AF$648,[1]اردیبهشت!$C$409:$C$648,"قطعه تعمیری",[1]اردیبهشت!$B$409:$B$648,C36,[1]اردیبهشت!$P$409:$P$648,B36) -> 0 | N36: =L36*(500000*1.5) -> 0
A37: 34 | L37: =SUMIFS([1]اردیبهشت!$AF$409:$AF$648,[1]اردیبهشت!$C$409:$C$648,"قطعه تعمیری",[1]اردیبهشت!$B$409:$B$648,C37,[1]اردیبهشت!$P$409:$P$648,B37) -> 0 | N37: =L37*(500000*1.5) -> 0
B38: مجموع | C38: √ | D38: جدید | E38: =SUMIFS(E4:E37,F4:F37,D38,M4:M37,"تحویل") -> 13 | I38: Total | J38: جدید | K38: =SUMIFS(E4:E37,F4:F37,J38) -> 398 | L38: =SUM(L4:L37) -> 285.95 | N38: =SUM(N4:N37) -> 214462500
C39: √ | D39: تعمیری | E39: =SUMIFS(E4:E37,F4:F37,D39,M4:M37,"تحویل") -> 45 | J39: تعمیری | K39: =SUMIFS(E5:E37,F5:F37,J39) -> 47

Sheet 9
A1: قطعات تعمیری و ساخته شده | M1: Date | N1: 1405
M2: weeks | N2: 9
B3: نام قطعه | C3: دستگاه / قالب | D3: درخواست کننده | E3: تعداد درخواست | F3: نو ع قطعه | G3: علت ساخت / تعمیر | H3: شماره نامه | I3: کد دستگاه | J3: تاریخ شروع | K3: تاریخ تحویل | L3: مقدار نفر ساعت کار شده | M3: عملیات در حال انجام | N3: هزینه ساخت/تعمیر (تومان)
A4: 1 | B4: عقب پژو 405 | C4: پین عقب پژو 405 | D4: جهان لنت | E4: 1 | F4: جدید | G4: درخواست ساخت | J4: 1405/02/07 | L4: =SUMIFS([1]اردیبهشت!$AF$617:$AF$805,[1]اردیبهشت!$C$617:$C$805,"قطعه نو",[1]اردیبهشت!$B$617:$B$805,C4,[1]اردیبهشت!$P$617:$P$805,B4) -> 26 | M4: در حال انجام | N4: =L4*(500000*1.5) -> 19500000
A5: 2 | B5: U نگهدارنده | C5: ساب کلاچ | D5: جهان ترمز | E5: 20 | F5: جدید | G5: درخواست ساخت | J5: 1405/02/03 | K5: 1405/02/26 | L5: =SUMIFS([1]اردیبهشت!$AF$617:$AF$805,[1]اردیبهشت!$C$617:$C$805,"قطعه نو",[1]اردیبهشت!$B$617:$B$805,C5,[1]اردیبهشت!$P$617:$P$805,B5) -> 4 | M5: تحویل | N5: =L5*(500000*1.5) -> 3000000
A6: 3 | B6: فیکسچر خم | C6: لنت دنیای مس | D6: جهان لنت | E6: 1 | F6: جدید | G6: درخواست ساخت | J6: 1405/02/14 | L6: =SUMIFS([1]اردیبهشت!$AF$617:$AF$805,[1]اردیبهشت!$C$617:$C$805,"قطعه نو",[1]اردیبهشت!$B$617:$B$805,C6,[1]اردیبهشت!$P$617:$P$805,B6) -> 4 | M6: در حال انجام | N6: =L6*(500000*1.5) -> 3000000
A7: 4 | B7: ابزار پیچ و مهره | C7: ابزار زنی | D7: جهان لنت | E7: 300 | F7: جدید | G7: درخواست ساخت | H7: 1197/د/05 | J7: 1405/02/24 | L7: =SUMIFS([1]اردیبهشت!$AF$617:$AF$805,[1]اردیبهشت!$C$617:$C$805,"قطعه نو",[1]اردیبهشت!$B$617:$B$805,C7,[1]اردیبهشت!$P$617:$P$805,"*") -> 9 | M7: در حال انجام | N7: =L7*(500000*1.5) -> 6750000
A8: 5 | B8: مهره | C8: پرس پخت | D8: جهان لنت | E8: 1 | F8: جدید | G8: درخواست ساخت | H8: 15561 | I8: 2064 | J8: 1405/02/22 | K8: 1405/03/01 | L8: =SUMIFS([1]اردیبهشت!$AF$617:$AF$805,[1]اردیبهشت!$C$617:$C$805,"قطعه نو",[1]اردیبهشت!$B$617:$B$805,C8,[1]اردیبهشت!$P$617:$P$805,"*") -> 8 | M8: تحویل | N8: =L8*(500000*1.5) -> 6000000
A9: 6 | B9: شانه | C9: دستگاه پشم فلز آلمانی | D9: پشم فلز | E9: 8 | F9: جدید | G9: درخواست ساخت | H9: 04/د/13047 | J9: 1404/12/20 | K9: 1405/03/01 | L9: =SUMIFS([1]اردیبهشت!$AF$617:$AF$805,[1]اردیبهشت!$C$617:$C$805,"قطعه نو",[1]اردیبهشت!$B$617:$B$805,C9,[1]اردیبهشت!$P$617:$P$805,B9) -> 79.5 | M9: تحویل | N9: =L9*(500000*1.5) -> 59625000
A10: 7 | B10: روبند | C10: دستگاه ساب | D10: جهان لنت | E10: 1 | F10: جدید | G10: درخواست ساخت | J10: 1405/02/25 | K10: 1405/02/25 | L10: =SUMIFS([1]اردیبهشت!$AF$617:$AF$805,[1]اردیبهشت!$C$617:$C$805,"قطعه نو",[1]اردیبهشت!$B$617:$B$805,C10,[1]اردیبهشت!$P$617:$P$805,B10) -> 7 | M10: تحویل | N10: =L10*(500000*1.5) -> 5250000
A11: 8 | B11: Bush | C11: ویوینگ | D11: جهان ترمز | E11: 1 | F11: جدید | G11: درخواست ساخت | J11: 1405/02/21 | K11: 1405/02/31 | L11: =SUMIFS([1]اردیبهشت!$AF$617:$AF$805,[1]اردیبهشت!$C$617:$C$805,"قطعه نو",[1]اردیبهشت!$B$617:$B$805,C11,[1]اردیبهشت!$P$617:$P$805,B11) -> 2 | M11: تحویل | N11: =L11*(500000*1.5) -> 1500000
A12: 9 | B12: بوش نگهدارنده | C12: برش جمعی عقب ریو | D12: جهان لنت | E12: 1 | F12: جدید | G12: درخواست ساخت | H12: 14046 | J12: 1404/12/19 | L12: =SUMIFS([1]اردیبهشت!$AF$617:$AF$805,[1]اردیبهشت!$C$617:$C$805,"قطعه نو",[1]اردیبهشت!$B$617:$B$805,C12,[1]اردیبهشت!$P$617:$P$805,B12)+3 -> 7 | M12: در حال انجام | N12: =L12*(500000*1.5) -> 5250000
A13: 10 | B13: Bush | C13: دریل ابزار زنی | D13: جهان لنت | E13: 1 | F13: جدید | G13: درخواست ساخت | H13: 15557 | J13: 1405/02/28 | K13: 1405/02/30 | L13: =SUMIFS([1]اردیبهشت!$AF$617:$AF$805,[1]اردیبهشت!$C$617:$C$805,"قطعه نو",[1]اردیبهشت!$B$617:$B$805,C13,[1]اردیبهشت!$P$617:$P$805,"*") -> 2 | M13: تحویل | N13: =L13*(500000*1.5) -> 1500000
A14: 11 | B14: لنگی | C14: دستگاه پشم فلز چینی | D14: پشم فلز | E14: 8 | F14: جدید | G14: درخواست ساخت | H14: 04/د/13047 | J14: 1404/12/20 | L14: =SUMIFS([1]اردیبهشت!$AF$617:$AF$805,[1]اردیبهشت!$C$617:$C$805,"قطعه نو",[1]اردیبهشت!$B$617:$B$805,C14,[1]اردیبهشت!$P$617:$P$805,B14) -> 16 | M14: در حال انجام | N14: =L14*(500000*1.5) -> 12000000
A15: 12 | B15: مهره | C15: ساب کونیک | D15: جهان لنت | E15: 1 | F15: جدید | G15: درخواست ساخت | H15: 15564 | I15: 2504 | J15: 1405/02/31 | L15: =SUMIFS([1]اردیبهشت!$AF$617:$AF$805,[1]اردیبهشت!$C$617:$C$805,"قطعه نو",[1]اردیبهشت!$B$617:$B$805,C15,[1]اردیبهشت!$P$617:$P$805,"*")+5 -> 7 | M15: در حال انجام | N15: =L15*(500000*1.5) -> 5250000
A16: 13 | B16: گیج پیکان | C16: کنترل شعاع عقب | D16: آزمایشگاه | E16: 1 | F16: جدید | G16: درخواست ساخت | J16: 1405/02/27 | K16: 1405/02/31 | L16: =SUMIFS([1]اردیبهشت!$AF$617:$AF$805,[1]اردیبهشت!$C$617:$C$805,"قطعه نو",[1]اردیبهشت!$B$617:$B$805,C16,[1]اردیبهشت!$P$617:$P$805,B16) -> 7.6666667 | M16: تحویل | N16: =L16*(500000*1.5) -> 5750000
A17: 14 | B17: Shaft همزن | C17: آغشته کاری | D17: جهان ترمز | E17: 1 | F17: تعمیری | G17: خرابی شافت | H17: 15560 | I17: 6504 | J17: 1405/02/29 | K17: 1405/02/31 | L17: =SUMIFS([1]اردیبهشت!$AF$617:$AF$805,[1]اردیبهشت!$C$617:$C$805,"قطعه تعمیری",[1]اردیبهشت!$B$617:$B$805,C17,[1]اردیبهشت!$P$617:$P$805,B17) -> 4 | M17: تحویل | N17: =L17*(500000*1.5) -> 3000000
A18: 15 | B18: برنجی | C18: بمبوری | D18: جهان لنت | E18: 4 | F18: تعمیری | G18: اصلاح | J18: 1405/02/30 | L18: =SUMIFS([1]اردیبهشت!$AF$617:$AF$805,[1]اردیبهشت!$C$617:$C$805,"قطعه تعمیری",[1]اردیبهشت!$B$617:$B$805,C18,[1]اردیبهشت!$P$617:$P$805,B18)+3 -> 21.5 | M18: در حال انجام | N18: =L18*(500000*1.5) -> 16125000
A19: 16 | B19: روبند | C19: دستگاه ساب | D19: جهان لنت | E19: 1 | F19: تعمیری | G19: اصلاح | J19: 1405/02/30 | K19: 1405/02/31 | L19: =SUMIFS([1]اردیبهشت!$AF$617:$AF$805,[1]اردیبهشت!$C$617:$C$805,"قطعه تعمیری",[1]اردیبهشت!$B$617:$B$805,C19,[1]اردیبهشت!$P$617:$P$805,B19) -> 16 | M19: تحویل | N19: =L19*(500000*1.5) -> 12000000
A20: 17 | B20: میز | C20: دستگاه ساب کلاچ | D20: جهان ترمز | E20: 1 | F20: تعمیری | G20: اصلاح | H20: 11143 | I20: 2904 | J20: 1405/02/26 | K20: 1405/02/27 | L20: =SUMIFS([1]اردیبهشت!$AF$617:$AF$805,[1]اردیبهشت!$C$617:$C$805,"قطعه تعمیری",[1]اردیبهشت!$B$617:$B$805,C20,[1]اردیبهشت!$P$617:$P$805,B20) -> 5.5 | M20: تحویل | N20: =L20*(500000*1.5) -> 4125000
A21: 18 | B21: توپی | C21: ساب الماسه | D21: جهان لنت | E21: 1 | F21: تعمیری | G21: اصلاح | H21: 15690 | I21: 2510 | J21: 1405/02/28 | K21: 1405/02/28 | L21: =SUMIFS([1]اردیبهشت!$AF$617:$AF$805,[1]اردیبهشت!$C$617:$C$805,"قطعه تعمیری",[1]اردیبهشت!$B$617:$B$805,C21,[1]اردیبهشت!$P$617:$P$805,B21) -> 2.5 | M21: تحویل | N21: =L21*(500000*1.5) -> 1875000
A22: 19 | B22: Shaft | C22: ساب کونیک | D22: جهان ترمز | E22: 1 | F22: تعمیری | G22: اصلاح | H22: 15691 | I22: 2511 | J22: 1405/02/29 | K22: 1405/02/31 | L22: =SUMIFS([1]اردیبهشت!$AF$617:$AF$805,[1]اردیبهشت!$C$617:$C$805,"قطعه تعمیری",[1]اردیبهشت!$B$617:$B$805,C22,[1]اردیبهشت!$P$617:$P$805,B22) -> 10.5 | M22: تحویل | N22: =L22*(500000*1.5) -> 7875000
A23: 20 | B23: تیغه | C23: ویوینگ | D23: جهان ترمز | E23: 1 | F23: تعمیری | G23: اصلاح | J23: 1405/02/31 | K23: 1405/03/01 | L23: =SUMIFS([1]اردیبهشت!$AF$617:$AF$805,[1]اردیبهشت!$C$617:$C$805,"قطعه تعمیری",[1]اردیبهشت!$B$617:$B$805,C23,[1]اردیبهشت!$P$617:$P$805,B23) -> 4 | M23: تحویل | N23: =L23*(500000*1.5) -> 3000000
A24: 21 | N24: =L24*(500000*1.5) -> 0
B25: مجموع | C25: √ | D25: جدید | E25: =SUMIFS(E4:E24,F4:F24,D25,M4:M24,"تحویل") -> 33 | I25: Total | J25: جدید | K25: =SUMIFS(E4:E24,F4:F24,J25) -> 345 | L25: =SUM(L4:L24) -> 243.16667 | N25: =SUM(N4:N24) -> 182375000
C26: √ | D26: تعمیری | E26: =SUMIFS(E4:E24,F4:F24,D26,M4:M24,"تحویل") -> 6 | J26: تعمیری | K26: =SUMIFS(E5:E24,F5:F24,J26) -> 10

Sheet 10
A1: قطعات تعمیری و ساخته شده | M1: Date | N1: 1405
M2: weeks | N2: 10
B3: نام قطعه | C3: دستگاه / قالب | D3: درخواست کننده | E3: تعداد درخواست | F3: نو ع قطعه | G3: علت ساخت / تعمیر | H3: شماره نامه | I3: کد دستگاه | J3: تاریخ شروع | K3: تاریخ تحویل | L3: مقدار نفر ساعت کار شده | M3: عملیات در حال انجام | N3: هزینه ساخت/تعمیر (تومان)
A4: 1 | B4: لنگی | C4: دستگاه پشم فلز چینی | D4: پودر فلز | E4: 8 | F4: جدید | G4: درخواست ساخت | H4: 04/د/13047 | J4: 1404/12/20 | L4: =SUMIFS([1]خرداد!$AF$2:$AF$140,[1]خرداد!$C$2:$C$140,"قطعه نو",[1]خرداد!$B$2:$B$140,C4,[1]خرداد!$P$2:$P$140,B4) -> 20.166667 | M4: در حال انجام | N4: =L4*(500000*1.5) -> 15125000
A5: 2 | B5: مهره | C5: برش جمعی عقب ریو | D5: جهان لنت | E5: 1 | F5: جدید | G5: درخواست ساخت | H5: 14046 | J5: 1404/12/19 | L5: =SUMIFS([1]خرداد!$AF$2:$AF$140,[1]خرداد!$C$2:$C$140,"قطعه نو",[1]خرداد!$B$2:$B$140,C5,[1]خرداد!$P$2:$P$140,B5) -> 13.333333 | M5: در حال انجام | N5: =L5*(500000*1.5) -> 10000000
A6: 3 | B6: عقب L90 معمولی | C6: پین عقب L90 معمولی | D6: برنامه ریزی تولید | E6: 8000 | F6: جدید | G6: درخواست ساخت | J6: 1405/03/04 | K6: 1405/03/09 | L6: =SUMIFS([1]خرداد!$AF$2:$AF$140,[1]خرداد!$C$2:$C$140,"قطعه نو",[1]خرداد!$B$2:$B$140,C6,[1]خرداد!$P$2:$P$140,B6) -> 22.5 | M6: تحویل | N6: =L6*(500000*1.5) -> 16875000
A7: 4 | B7: کلمپ | C7: ابزار زنی | D7: جهان لنت | E7: 300 | F7: جدید | G7: درخواست ساخت | H7: 1197/د/05 | J7: 1405/02/24 | L7: =SUMIFS([1]خرداد!$AF$2:$AF$140,[1]خرداد!$C$2:$C$140,"قطعه نو",[1]خرداد!$B$2:$B$140,C7,[1]خرداد!$P$2:$P$140,B7) -> 64 | M7: در حال انجام | N7: =L7*(500000*1.5) -> 48000000
A8: 5 | B8: مهره | C8: ساب کونیک | D8: جهان لنت | E8: 1 | F8: جدید | G8: درخواست ساخت | H8: 15564 | I8: 2504 | J8: 1405/02/31 | K8: 1405/03/03 | L8: =SUMIFS([1]خرداد!$AF$2:$AF$140,[1]خرداد!$C$2:$C$140,"قطعه نو",[1]خرداد!$B$2:$B$140,C8,[1]خرداد!$P$2:$P$140,B8) -> 6 | M8: تحویل | N8: =L8*(500000*1.5) -> 4500000
A9: 6 | B9: برنجی | C9: بمبوری | D9: جهان لنت | E9: 4 | F9: تعمیری | G9: اصلاح | J9: 1405/02/30 | L9: =SUMIFS([1]خرداد!$AF$2:$AF$140,[1]خرداد!$C$2:$C$140,"قطعه تعمیری",[1]خرداد!$B$2:$B$140,C9,[1]خرداد!$P$2:$P$140,B9) -> 18.5 | M9: در حال انجام | N9: =L9*(500000*1.5) -> 13875000
A10: 7 | B10: Shaft | C10: دستگاه پرس 600 تن | D10: جهان لنت | E10: 4 | F10: تعمیری | G10: اصلاح | J10: 1405/03/03 | L10: =SUMIFS([1]خرداد!$AF$2:$AF$140,[1]خرداد!$C$2:$C$140,"قطعه تعمیری",[1]خرداد!$B$2:$B$140,C10,[1]خرداد!$P$2:$P$140,B10) -> 15 | M10: در حال انجام | N10: =L10*(500000*1.5) -> 11250000
A11: 8 | B11: Shaft | C11: دستگاه پرس پخت | D11: جهان لنت | E11: 1 | F11: تعمیری | G11: اصلاح | H11: 15685 | I11: 2025 | J11: 1405/03/05 | K11: 1405/03/05 | L11: =SUMIFS([1]خرداد!$AF$2:$AF$140,[1]خرداد!$C$2:$C$140,"قطعه تعمیری",[1]خرداد!$B$2:$B$140,C11,[1]خرداد!$P$2:$P$140,B11) -> 3 | M11: تحویل | N11: =L11*(500000*1.5) -> 2250000
A12: 9 | B12: Shaft | C12: دستگاه پشم فلز | D12: پودر فلز | E12: 1 | F12: تعمیری | G12: اصلاح | H12: 15597 | J12: 1405/03/04 | K12: 1405/03/05 | L12: =SUMIFS([1]خرداد!$AF$2:$AF$140,[1]خرداد!$C$2:$C$140,"قطعه تعمیری",[1]خرداد!$B$2:$B$140,C12,[1]خرداد!$P$2:$P$140,B12) -> 9 | M12: تحویل | N12: =L12*(500000*1.5) -> 6750000
A13: 10 | B13: توپی | C13: دستگاه ساب الماسه | D13: جهان لنت | E13: 1 | F13: تعمیری | G13: اصلاح | H13: 15692 | I13: 2506 | J13: 1405/03/04 | K13: 1405/03/07 | L13: =SUMIFS([1]خرداد!$AF$2:$AF$140,[1]خرداد!$C$2:$C$140,"قطعه تعمیری",[1]خرداد!$B$2:$B$140,C13,[1]خرداد!$P$2:$P$140,B13) -> 8.5 | M13: تحویل | N13: =L13*(500000*1.5) -> 6375000
A14: 11 | B14: غلطک | C14: ساب سمباده ای | D14: جهان لنت | E14: 1 | F14: تعمیری | G14: اصلاح | H14: 15976 | I14: 2511 | J14: 1405/03/02 | K14: 1405/03/03 | L14: =SUMIFS([1]خرداد!$AF$2:$AF$140,[1]خرداد!$C$2:$C$140,"قطعه تعمیری",[1]خرداد!$B$2:$B$140,C14,[1]خرداد!$P$2:$P$140,"*") -> 4.5 | M14: تحویل | N14: =L14*(500000*1.5) -> 3375000
A15: 12 | B15: مسی | C15: سری نقطه جوش | D15: جهان لنت | E15: 8 | F15: تعمیری | G15: اصلاح | J15: 1405/03/03 | K15: 1405/03/03 | L15: =SUMIFS([1]خرداد!$AF$2:$AF$140,[1]خرداد!$C$2:$C$140,"قطعه تعمیری",[1]خرداد!$B$2:$B$140,C15,[1]خرداد!$P$2:$P$140,B15) -> 1 | M15: تحویل | N15: =L15*(500000*1.5) -> 750000
A16: 13 | B16: شابلون | C16: شابلون پراید دیسکی | D16: جهان لنت | E16: 1 | F16: تعمیری | G16: اصلاح | H16: 2418/د/05 | J16: 1405/03/03 | K16: 1405/03/03 | L16: =SUMIFS([1]خرداد!$AF$2:$AF$140,[1]خرداد!$C$2:$C$140,"قطعه تعمیری",[1]خرداد!$B$2:$B$140,C16,[1]خرداد!$P$2:$P$140,B16) -> 1.75 | M16: تحویل | N16: =L16*(500000*1.5) -> 1312500
A17: 14 | B17: شابلون | C17: شابلون پژو 405 دیسکی | D17: جهان لنت | E17: 1 | F17: تعمیری | G17: اصلاح | H17: 2418/د/05 | J17: 1405/03/03 | K17: 1405/03/03 | L17: =SUMIFS([1]خرداد!$AF$2:$AF$140,[1]خرداد!$C$2:$C$140,"قطعه تعمیری",[1]خرداد!$B$2:$B$140,C17,[1]خرداد!$P$2:$P$140,B17) -> 1.8333333 | M17: تحویل | N17: =L17*(500000*1.5) -> 1375000
A18: 15 | B18: قلم | C18: قلم پین L90 | D18: قالب سازی | E18: 1 | F18: تعمیری | G18: اصلاح | J18: 1405/03/05 | K18: 1405/03/05 | L18: =SUMIFS([1]خرداد!$AF$2:$AF$140,[1]خرداد!$C$2:$C$140,"قطعه تعمیری",[1]خرداد!$B$2:$B$140,C18,[1]خرداد!$P$2:$P$140,B18) -> 2 | M18: تحویل | N18: =L18*(500000*1.5) -> 1500000
A19: 16 | B19: پین | C19: لیفتراک | D19: ت.خودرو | E19: 2 | F19: تعمیری | G19: اصلاح | H19: 15596 | J19: 1405/03/02 | K19: 1405/03/02 | L19: =SUMIFS([1]خرداد!$AF$2:$AF$140,[1]خرداد!$C$2:$C$140,"قطعه تعمیری",[1]خرداد!$B$2:$B$140,C19,[1]خرداد!$P$2:$P$140,B19) -> 5 | M19: تحویل | N19: =L19*(500000*1.5) -> 3750000
A20: 17 | B20: تیغه | C20: ویوینگ | D20: جهان ترمز | E20: 5 | F20: تعمیری | G20: اصلاح | J20: 1405/03/03 | L20: =SUMIFS([1]خرداد!$AF$2:$AF$140,[1]خرداد!$C$2:$C$140,"قطعه تعمیری",[1]خرداد!$B$2:$B$140,C20,[1]خرداد!$P$2:$P$140,B20) -> 28 | M20: در حال انجام | N20: =L20*(500000*1.5) -> 21000000
A21: 18 | B21: Shaft | C21: ویوینگ | D21: جهان ترمز | E21: 1 | F21: تعمیری | G21: اصلاح | J21: 1405/03/03 | K21: 1405/03/05 | L21: =SUMIFS([1]خرداد!$AF$2:$AF$140,[1]خرداد!$C$2:$C$140,"قطعه تعمیری",[1]خرداد!$B$2:$B$140,C21,[1]خرداد!$P$2:$P$140,B21) -> 3 | M21: تحویل | N21: =L21*(500000*1.5) -> 2250000
A22: 19 | B22: پیچ راهنما | C22: ویوینگ | D22: جهان ترمز | E22: 3 | F22: تعمیری | G22: اصلاح | J22: 1405/03/03 | K22: 1405/03/05 | L22: =SUMIFS([1]خرداد!$AF$2:$AF$140,[1]خرداد!$C$2:$C$140,"قطعه تعمیری",[1]خرداد!$B$2:$B$140,C22,[1]خرداد!$P$2:$P$140,B22) -> 5 | M22: تحویل | N22: =L22*(500000*1.5) -> 3750000
B23: مجموع | C23: √ | D23: جدید | E23: =SUMIFS(E4:E22,F4:F22,D23,M4:M22,"تحویل") -> 8001 | I23: Total | J23: جدید | K23: =SUMIFS(E4:E22,F4:F22,J23) -> 8310 | L23: =SUM(L4:L22) -> 232.08333 | N23: =SUM(N4:N22) -> 174062500
C24: √ | D24: تعمیری | E24: =SUMIFS(E4:E22,F4:F22,D24,M4:M22,"تحویل") -> 21 | J24: تعمیری | K24: =SUMIFS(E5:E22,F5:F22,J24) -> 34

Sheet 11
A1: قطعات تعمیری و ساخته شده | M1: Date | N1: 1405
M2: weeks | N2: 11
B3: نام قطعه | C3: دستگاه / قالب | D3: درخواست کننده | E3: تعداد درخواست | F3: نو ع قطعه | G3: علت ساخت / تعمیر | H3: شماره نامه | I3: کد دستگاه | J3: تاریخ شروع | K3: تاریخ تحویل | L3: مقدار نفر ساعت کار شده | M3: عملیات در حال انجام | N3: هزینه ساخت/تعمیر (تومان)
A4: 1 | B4: تسمه | C4: ابزار زنی | D4: جهان لنت | E4: 300 | F4: جدید | G4: درخواست ساخت | H4: 1197/د/05 | J4: 1405/02/24 | L4: =SUMIFS([1]خرداد!$AF$141:$AF$261,[1]خرداد!$C$141:$C$261,"قطعه نو",[1]خرداد!$B$141:$B$261,C4,[1]خرداد!$P$141:$P$261,B4) -> 43.5 | M4: در حال انجام | N4: =L4*(500000*1.5) -> 32625000
A5: 2 | B5: Bush | C5: آغشته کاری | D5: جهان ترمز | E5: 1 | F5: جدید | G5: درخواست ساخت | H5: 15572 | I5: 6502 | J5: 1405/02/09 | L5: =SUMIFS([1]خرداد!$AF$141:$AF$261,[1]خرداد!$C$141:$C$261,"قطعه نو",[1]خرداد!$B$141:$B$261,C5,[1]خرداد!$P$141:$P$261,B5) -> 5 | M5: در حال انجام | N5: =L5*(500000*1.5) -> 3750000
A6: 3 | B6: Matrix | C6: پرس 50 تن | D6: جهان لنت/پرس | E6: 1 | F6: جدید | G6: شکستگی | H6: 1708 | I6: 6007 | J6: 1405/03/12 | L6: =SUMIFS([1]خرداد!$AF$141:$AF$261,[1]خرداد!$C$141:$C$261,"قطعه نو",[1]خرداد!$B$141:$B$261,C6,[1]خرداد!$P$141:$P$261,B6) -> 6 | M6: در حال انجام | N6: =L6*(500000*1.5) -> 4500000
A7: 4 | B7: Shaft | C7: پرس پخت کلاچ | D7: جهان ترمز | E7: 1 | F7: جدید | G7: درخواست ساخت | H7: 15573 | I7: 2064 | J7: 1405/03/10 | K7: 1405/03/10 | L7: =SUMIFS([1]خرداد!$AF$141:$AF$261,[1]خرداد!$C$141:$C$261,"قطعه نو",[1]خرداد!$B$141:$B$261,C7,[1]خرداد!$P$141:$P$261,B7) -> 4 | M7: تحویل | N7: =L7*(500000*1.5) -> 3000000
A8: 5 | B8: عقب L90 معمولی | C8: پین عقب L90 معمولی | D8: برنامه ریزی تولید | E8: 1000 | F8: جدید | G8: درخواست ساخت | J8: 1405/03/09 | K8: 1405/03/11 | L8: =SUMIFS([1]خرداد!$AF$141:$AF$261,[1]خرداد!$C$141:$C$261,"قطعه نو",[1]خرداد!$B$141:$B$261,C8,[1]خرداد!$P$141:$P$261,B8) -> 15 | M8: تحویل | N8: =L8*(500000*1.5) -> 11250000
A9: 6 | B9: عقب ریو | C9: پین عقب ریو | D9: برنامه ریزی تولید | E9: 1000 | F9: جدید | G9: درخواست ساخت | J9: 1405/03/12 | L9: =SUMIFS([1]خرداد!$AF$141:$AF$261,[1]خرداد!$C$141:$C$261,"قطعه نو",[1]خرداد!$B$141:$B$261,C9,[1]خرداد!$P$141:$P$261,B9) -> 15 | M9: در حال انجام | N9: =L9*(500000*1.5) -> 11250000
A10: 7 | B10: راهنما | C10: دریل یزدخواستی کلاچ | D10: جهان ترمز | E10: 6 | F10: جدید | G10: درخواست ساخت | J10: 1405/03/11 | L10: =SUMIFS([1]خرداد!$AF$141:$AF$261,[1]خرداد!$C$141:$C$261,"قطعه نو",[1]خرداد!$B$141:$B$261,C10,[1]خرداد!$P$141:$P$261,B10) -> 16.5 | M10: در حال انجام | N10: =L10*(500000*1.5) -> 12375000
A11: 8 | B11: روبند | C11: دستگاه CNC | D11: قالب سازی | E11: 8 | F11: جدید | G11: درخواست ساخت | J11: 1405/03/09 | K11: 1405/03/12 | L11: =SUMIFS([1]خرداد!$AF$141:$AF$261,[1]خرداد!$C$141:$C$261,"قطعه نو",[1]خرداد!$B$141:$B$261,C11,[1]خرداد!$P$141:$P$261,B11) -> 12 | M11: تحویل | N11: =L11*(500000*1.5) -> 9000000
A12: 9 | B12: لنگی | C12: دستگاه پشم فلز چینی | D12: پودر فلز | E12: 8 | F12: جدید | G12: درخواست ساخت | H12: 04/د/13047 | J12: 1404/12/20 | L12: =SUMIFS([1]خرداد!$AF$141:$AF$261,[1]خرداد!$C$141:$C$261,"قطعه نو",[1]خرداد!$B$141:$B$261,C12,[1]خرداد!$P$141:$P$261,"*") -> 67 | M12: در حال انجام | N12: =L12*(500000*1.5) -> 50250000
A13: 10 | B13: پولکی | C13: دستگاه ساب الماسه | D13: جهان لنت | E13: 1 | F13: جدید | G13: درخواست ساخت | H13: 15577 | J13: 1405/03/11 | K13: 1405/03/11 | L13: =SUMIFS([1]خرداد!$AF$141:$AF$261,[1]خرداد!$C$141:$C$261,"قطعه نو",[1]خرداد!$B$141:$B$261,C13,[1]خرداد!$P$141:$P$261,B13) -> 4 | M13: تحویل | N13: =L13*(500000*1.5) -> 3000000
A14: 11 | B14: نگهدارنده U | C14: ساب کلاچ | D14: جهان ترمز | E14: 20 | F14: جدید | G14: درخواست ساخت | J14: 1405/03/10 | L14: =SUMIFS([1]خرداد!$AF$141:$AF$261,[1]خرداد!$C$141:$C$261,"قطعه نو",[1]خرداد!$B$141:$B$261,C14,[1]خرداد!$P$141:$P$261,B14) -> 19 | M14: در حال انجام | N14: =L14*(500000*1.5) -> 14250000
A15: 12 | B15: کانورتور | C15: صنایع مس | D15: برنامه ریزی تولید | E15: 8 | F15: جدید | G15: درخواست ساخت | J15: 1405/03/10 | L15: =SUMIFS([1]خرداد!$AF$141:$AF$261,[1]خرداد!$C$141:$C$261,"قطعه نو",[1]خرداد!$B$141:$B$261,C15,[1]خرداد!$P$141:$P$261,B15) -> 25.333333 | M15: در حال انجام | N15: =L15*(500000*1.5) -> 19000000
A16: 13 | B16: سنبه | C16: ابزار زنی | D16: جهان لنت | E16: 1 | F16: تعمیری | G16: اصلاح | H16: 15568 | J16: 1405/03/09 | K16: 1405/03/09 | L16: =SUMIFS([1]خرداد!$AF$141:$AF$261,[1]خرداد!$C$141:$C$261,"قطعه تعمیری",[1]خرداد!$B$141:$B$261,C16,[1]خرداد!$P$141:$P$261,B16) -> 2 | M16: تحویل | N16: =L16*(500000*1.5) -> 1500000
A17: 14 | B17: جای خار | C17: آغشته کاری | D17: جهان ترمز | E17: 1 | F17: تعمیری | G17: اصلاح | H17: 15560 | I17: 6504 | J17: 1405/03/09 | K17: 1405/03/09 | L17: =SUMIFS([1]خرداد!$AF$141:$AF$261,[1]خرداد!$C$141:$C$261,"قطعه تعمیری",[1]خرداد!$B$141:$B$261,C17,[1]خرداد!$P$141:$P$261,B17) -> 12 | M17: تحویل | N17: =L17*(500000*1.5) -> 9000000
A18: 15 | B18: تیغه | C18: برش جمعی عقب پیکان | D18: جهان لنت | E18: 1 | F18: تعمیری | G18: اصلاح | H18: 15895 | I18: 3207 | J18: 1405/03/10 | K18: 1405/03/10 | L18: =SUMIFS([1]خرداد!$AF$141:$AF$261,[1]خرداد!$C$141:$C$261,"قطعه تعمیری",[1]خرداد!$B$141:$B$261,C18,[1]خرداد!$P$141:$P$261,B18) -> 1.5 | M18: تحویل | N18: =L18*(500000*1.5) -> 1125000
A19: 16 | B19: برنجی | C19: بمبوری | D19: جهان لنت | E19: 4 | F19: تعمیری | G19: اصلاح | J19: 1405/02/30 | K19: 1405/03/12 | L19: =SUMIFS([1]خرداد!$AF$141:$AF$261,[1]خرداد!$C$141:$C$261,"قطعه تعمیری",[1]خرداد!$B$141:$B$261,C19,[1]خرداد!$P$141:$P$261,B19) -> 14 | M19: تحویل | N19: =L19*(500000*1.5) -> 10500000
A20: 17 | B20: تیغه | C20: دستگاه CNC | D20: قالب سازی | E20: 12 | F20: تعمیری | G20: اصلاح | J20: 1405/03/10 | K20: 1405/03/10 | L20: =SUMIFS([1]خرداد!$AF$141:$AF$261,[1]خرداد!$C$141:$C$261,"قطعه تعمیری",[1]خرداد!$B$141:$B$261,C20,[1]خرداد!$P$141:$P$261,B20) -> 9 | M20: تحویل | N20: =L20*(500000*1.5) -> 6750000
A21: 18 | B21: غلطک | C21: دستگاه بسته بندی | D21: جهان ترمز | E21: 1 | F21: تعمیری | G21: اصلاح | J21: 1405/03/09 | K21: 1405/03/09 | L21: =SUMIFS([1]خرداد!$AF$141:$AF$261,[1]خرداد!$C$141:$C$261,"قطعه تعمیری",[1]خرداد!$B$141:$B$261,C21,[1]خرداد!$P$141:$P$261,B21) -> 3 | M21: تحویل | N21: =L21*(500000*1.5) -> 2250000
A22: 19 | B22: لنت | C22: دستگاه پرس | D22: جهان لنت | E22: 13 | F22: تعمیری | G22: اصلاح | J22: 1405/03/09 | K22: 1405/03/09 | L22: =SUMIFS([1]خرداد!$AF$141:$AF$261,[1]خرداد!$C$141:$C$261,"قطعه تعمیری",[1]خرداد!$B$141:$B$261,C22,[1]خرداد!$P$141:$P$261,B22) -> 11 | M22: تحویل | N22: =L22*(500000*1.5) -> 8250000
A23: 20 | B23: بلوک | C23: دستگاه پرس 600 تن | D23: جهان لنت | E23: 4 | F23: تعمیری | G23: اصلاح | J23: 1405/03/03 | L23: =SUMIFS([1]خرداد!$AF$141:$AF$261,[1]خرداد!$C$141:$C$261,"قطعه تعمیری",[1]خرداد!$B$141:$B$261,C23,[1]خرداد!$P$141:$P$261,B23) -> 33 | M23: در حال انجام | N23: =L23*(500000*1.5) -> 24750000
A24: 21 | B24: Shaft | C24: دستگاه چسب زنی | D24: جهان لنت | E24: 1 | F24: تعمیری | G24: اصلاح | J24: 1405/03/11 | K24: 1405/03/12 | L24: =SUMIFS([1]خرداد!$AF$141:$AF$261,[1]خرداد!$C$141:$C$261,"قطعه تعمیری",[1]خرداد!$B$141:$B$261,C24,[1]خرداد!$P$141:$P$261,"*") -> 10 | M24: تحویل | N24: =L24*(500000*1.5) -> 7500000
A25: 22 | B25: کشویی | C25: دستگاه مهر زنی | D25: جهان ترمز | E25: 1 | F25: تعمیری | G25: اصلاح | J25: 1405/03/11 | L25: =SUMIFS([1]خرداد!$AF$141:$AF$261,[1]خرداد!$C$141:$C$261,"قطعه تعمیری",[1]خرداد!$B$141:$B$261,C25,[1]خرداد!$P$141:$P$261,B25) -> 29 | M25: در حال انجام | N25: =L25*(500000*1.5) -> 21750000
A26: 23 | B26: فلنچ | C26: ساب الماس | D26: جهان لنت | E26: 1 | F26: تعمیری | G26: اصلاح | J26: 1405/03/12 | K26: 1405/03/12 | L26: =SUMIFS([1]خرداد!$AF$141:$AF$261,[1]خرداد!$C$141:$C$261,"قطعه تعمیری",[1]خرداد!$B$141:$B$261,C26,[1]خرداد!$P$141:$P$261,B26) -> 1.5 | M26: تحویل | N26: =L26*(500000*1.5) -> 1125000
A27: 24 | B27: درام ساب | C27: ساب کونیک | D27: جهان لنت | E27: 1 | F27: تعمیری | G27: اصلاح | I27: 2504 | J27: 1405/03/12 | K27: 1405/03/12 | L27: =SUMIFS([1]خرداد!$AF$141:$AF$261,[1]خرداد!$C$141:$C$261,"قطعه تعمیری",[1]خرداد!$B$141:$B$261,C27,[1]خرداد!$P$141:$P$261,B27) -> 1 | M27: تحویل | N27: =L27*(500000*1.5) -> 750000
A28: 25 | B28: شابلون | C28: شابلون پژو 405 دیسکی | D28: جهان لنت | E28: 1 | F28: تعمیری | G28: اصلاح | H28: 2418/د/05 | J28: 1405/03/02 | K28: 1405/03/11 | L28: =SUMIFS([1]خرداد!$AF$141:$AF$261,[1]خرداد!$C$141:$C$261,"قطعه تعمیری",[1]خرداد!$B$141:$B$261,C28,[1]خرداد!$P$141:$P$261,B28) -> 5 | M28: تحویل | N28: =L28*(500000*1.5) -> 3750000
A29: 26 | B29: قیچی | C29: شرکت فرش | D29: پیمانکار /خارجی | E29: 12 | F29: تعمیری | G29: اصلاح | J29: 1405/03/10 | K29: 1405/03/11 | L29: =SUMIFS([1]خرداد!$AF$141:$AF$261,[1]خرداد!$C$141:$C$261,"قطعه تعمیری",[1]خرداد!$B$141:$B$261,C29,[1]خرداد!$P$141:$P$261,B29) -> 8 | M29: تحویل | N29: =L29*(500000*1.5) -> 6000000
A30: 27 | B30: قلم | C30: قلم ریو | D30: قالب سازی | E30: 1 | F30: تعمیری | G30: اصلاح | J30: 1405/03/11 | K30: 1405/03/11 | L30: =SUMIFS([1]خرداد!$AF$141:$AF$261,[1]خرداد!$C$141:$C$261,"قطعه تعمیری",[1]خرداد!$B$141:$B$261,C30,[1]خرداد!$P$141:$P$261,B30) -> 2 | M30: تحویل | N30: =L30*(500000*1.5) -> 1500000
A31: 28 | B31: بوش | C31: کولر سالن | D31: قالب سازی | E31: 1 | F31: تعمیری | G31: اصلاح | J31: 1405/03/10 | K31: 1405/03/10 | L31: =SUMIFS([1]خرداد!$AF$141:$AF$261,[1]خرداد!$C$141:$C$261,"قطعه تعمیری",[1]خرداد!$B$141:$B$261,C31,[1]خرداد!$P$141:$P$261,B31) -> 1.5 | M31: تحویل | N31: =L31*(500000*1.5) -> 1125000
A32: 29 | B32: Shaft | C32: ویوینگ | D32: جهان ترمز | E32: 1 | F32: تعمیری | G32: اصلاح | H32: 15575 | I32: 6406 | J32: 1405/03/03 | L32: =SUMIFS([1]خرداد!$AF$141:$AF$261,[1]خرداد!$C$141:$C$261,"قطعه تعمیری",[1]خرداد!$B$141:$B$261,C32,[1]خرداد!$P$141:$P$261,B32) -> 6.5 | M32: در حال انجام | N32: =L32*(500000*1.5) -> 4875000
A33: 30 | L33: =SUMIFS([1]خرداد!$AF$141:$AF$261,[1]خرداد!$C$141:$C$261,"قطعه تعمیری",[1]خرداد!$B$141:$B$261,C33,[1]خرداد!$P$141:$P$261,B33) -> 0 | N33: =L33*(500000*1.5) -> 0
B34: مجموع | C34: √ | D34: جدید | E34: =SUMIFS(E4:E33,F4:F33,D34,M4:M33,"تحویل") -> 1010 | J34: جدید | K34: =SUMIFS(E4:E33,F4:F33,J34) -> 2354 | L34: =SUMIFS(L4:L33,F4:F33,J34) -> 232.33333 | N34: =SUMIFS(N4:N33,F4:F33,J34) -> 174250000
C35: √ | D35: تعمیری | E35: =SUMIFS(E4:E33,F4:F33,D35,M4:M33,"تحویل") -> 51 | J35: تعمیری | K35: =SUMIFS(E5:E33,F5:F33,J35) -> 57 | L35: =SUMIFS(L5:L34,F5:F34,J35) -> 150 | N35: =SUMIFS(N5:N34,F5:F34,J35) -> 112500000
B36: Total | E36: =SUM(E34:E35) -> 1061 | K36: =SUM(K34:K35) -> 2411 | L36: =SUM(L34:L35) -> 382.33333 | N36: =SUM(N34:N35) -> 286750000

Sheet 12
A1: قطعات تعمیری و ساخته شده | M1: Date | N1: 1405
M2: weeks | N2: 12
B3: نام قطعه | C3: دستگاه / قالب | D3: درخواست کننده | E3: تعداد درخواست | F3: نو ع قطعه | G3: علت ساخت / تعمیر | H3: شماره نامه | I3: کد دستگاه | J3: تاریخ شروع | K3: تاریخ تحویل | L3: مقدار نفر ساعت کار شده | M3: عملیات در حال انجام | N3: هزینه ساخت/تعمیر (تومان)
A4: 1 | B4: تسمه | C4: ابزار زنی | D4: جهان لنت | E4: 300 | F4: جدید | G4: درخواست ساخت | H4: 1197/د/05 | J4: 1405/02/24 | L4: =SUMIFS([1]خرداد!$AF$262:$AF$385,[1]خرداد!$C$262:$C$385,"قطعه نو",[1]خرداد!$B$262:$B$385,C4,[1]خرداد!$P$262:$P$385,B4) -> 36 | M4: در حال انجام | N4: =L4*(500000*1.5) -> 27000000
A5: 2 | B5: Bush | C5: آغشته کاری | D5: جهان ترمز | E5: 1 | F5: جدید | G5: درخواست ساخت | H5: 15572 | I5: 6502 | J5: 1405/02/09 | K5: 1405/03/20 | L5: =SUMIFS([1]خرداد!$AF$262:$AF$385,[1]خرداد!$C$262:$C$385,"قطعه نو",[1]خرداد!$B$262:$B$385,C5,[1]خرداد!$P$262:$P$385,"*") -> 3 | M5: تحویل | N5: =L5*(500000*1.5) -> 2250000
A6: 3 | B6: Matrix | C6: پرس 50 تن | D6: جهان لنت/پرس | E6: 1 | F6: جدید | G6: شکستگی | H6: 1708 | I6: 6007 | J6: 1405/03/12 | L6: =SUMIFS([1]خرداد!$AF$262:$AF$385,[1]خرداد!$C$262:$C$385,"قطعه نو",[1]خرداد!$B$262:$B$385,C6,[1]خرداد!$P$262:$P$385,"*") -> 2 | M6: در حال انجام | N6: =L6*(500000*1.5) -> 1500000
A7: 4 | B7: کانورتور | C7: صنایع مس | D7: برنامه ریزی تولید | E7: 8 | F7: جدید | G7: درخواست ساخت | J7: 1405/03/10 | K7: 1405/03/20 | L7: =SUMIFS([1]خرداد!$AF$262:$AF$385,[1]خرداد!$C$262:$C$385,"قطعه نو",[1]خرداد!$B$262:$B$385,C7,[1]خرداد!$P$262:$P$385,B7) -> 46.5 | M7: تحویل | N7: =L7*(500000*1.5) -> 34875000
A8: 5 | B8: تسمه | C8: برش جمعی عقب ریو | D8: جهان لنت | E8: 1 | F8: جدید | G8: درخواست ساخت | H8: 14046 | J8: 1404/12/19 | L8: =SUMIFS([1]خرداد!$AF$262:$AF$385,[1]خرداد!$C$262:$C$385,"قطعه نو",[1]خرداد!$B$262:$B$385,C8,[1]خرداد!$P$262:$P$385,"*") -> 21 | M8: در حال انجام | N8: =L8*(500000*1.5) -> 15750000
A9: 6 | B9: عقب ریو | C9: پین عقب ریو | D9: برنامه ریزی تولید | E9: 9240 | F9: جدید | G9: درخواست ساخت | J9: 1405/03/12 | K9: 1405/03/20 | L9: =SUMIFS([1]خرداد!$AF$262:$AF$385,[1]خرداد!$C$262:$C$385,"قطعه نو",[1]خرداد!$B$262:$B$385,C9,[1]خرداد!$P$262:$P$385,B9) -> 33.5 | M9: تحویل | N9: =L9*(500000*1.5) -> 25125000
A10: 7 | B10: راهنما | C10: دریل یزدخواستی کلاچ | D10: جهان ترمز | E10: 6 | F10: جدید | G10: درخواست ساخت | J10: 1405/03/11 | L10: =SUMIFS([1]خرداد!$AF$262:$AF$385,[1]خرداد!$C$262:$C$385,"قطعه نو",[1]خرداد!$B$262:$B$385,C10,[1]خرداد!$P$262:$P$385,B10) -> 7.5 | M10: در حال انجام | N10: =L10*(500000*1.5) -> 5625000
A11: 8 | B11: Shaft | C11: دستگاه پشم فلز آلمانی | D11: پودر فلز | E11: 1 | F11: جدید | G11: درخواست ساخت | J11: 1405/03/20 | L11: =SUMIFS([1]خرداد!$AF$262:$AF$385,[1]خرداد!$C$262:$C$385,"قطعه نو",[1]خرداد!$B$262:$B$385,C11,[1]خرداد!$P$262:$P$385,B11) -> 2 | M11: در حال انجام | N11: =L11*(500000*1.5) -> 1500000
A12: 9 | B12: لنگی | C12: دستگاه پشم فلز چینی | D12: پودر فلز | E12: 8 | F12: جدید | G12: درخواست ساخت | H12: 04/د/13047 | J12: 1404/12/20 | L12: =SUMIFS([1]خرداد!$AF$262:$AF$385,[1]خرداد!$C$262:$C$385,"قطعه نو",[1]خرداد!$B$262:$B$385,C12,[1]خرداد!$P$262:$P$385,B12) -> 13.833333 | M12: در حال انجام | N12: =L12*(500000*1.5) -> 10375000
A13: 10 | B13: بوش راهنما | C13: ساب سمباده ای | D13: جهان ترمز | E13: 1 | F13: جدید | G13: درخواست ساخت | J13: 1404/12/20 | K13: 1404/12/20 | L13: =SUMIFS([1]خرداد!$AF$262:$AF$385,[1]خرداد!$C$262:$C$385,"قطعه نو",[1]خرداد!$B$262:$B$385,C13,[1]خرداد!$P$262:$P$385,B13) -> 1 | M13: تحویل | N13: =L13*(500000*1.5) -> 750000
A14: 11 | B14: نگهدارنده U | C14: ساب کلاچ | D14: جهان ترمز | E14: 20 | F14: جدید | G14: درخواست ساخت | J14: 1405/03/10 | L14: =SUMIFS([1]خرداد!$AF$262:$AF$385,[1]خرداد!$C$262:$C$385,"قطعه نو",[1]خرداد!$B$262:$B$385,C14,[1]خرداد!$P$262:$P$385,B14) -> 2 | M14: در حال انجام | N14: =L14*(500000*1.5) -> 1500000
A15: 12 | B15: Shaft | C15: کلمپ زنی | D15: جهان لنت | E15: 1 | F15: جدید | G15: درخواست ساخت | J15: 1404/12/20 | K15: 1404/12/20 | L15: =SUMIFS([1]خرداد!$AF$262:$AF$385,[1]خرداد!$C$262:$C$385,"قطعه نو",[1]خرداد!$B$262:$B$385,C15,[1]خرداد!$P$262:$P$385,"*") -> 0 | M15: تحویل | N15: =L15*(500000*1.5) -> 0
A16: 13 | B16: بلوک | C16: دستگاه پرس 600 تن | D16: جهان لنت | E16: 4 | F16: تعمیری | G16: اصلاح | J16: 1405/03/03 | L16: =SUMIFS([1]خرداد!$AF$262:$AF$385,[1]خرداد!$C$262:$C$385,"قطعه تعمیری",[1]خرداد!$B$262:$B$385,C16,[1]خرداد!$P$262:$P$385,B16) -> 21 | M16: در حال انجام | N16: =L16*(500000*1.5) -> 15750000
A17: 14 | B17: کوبلینگ | C17: دستگاه پشم فلز | D17: پودر فلز | E17: 1 | F17: تعمیری | G17: اصلاح | J17: 1405/03/16 | K17: 1405/03/16 | L17: =SUMIFS([1]خرداد!$AF$262:$AF$385,[1]خرداد!$C$262:$C$385,"قطعه تعمیری",[1]خرداد!$B$262:$B$385,C17,[1]خرداد!$P$262:$P$385,B17) -> 2 | M17: تحویل | N17: =L17*(500000*1.5) -> 1500000
A18: 15 | B18: شابلون | C18: دستگاه توزین مواد | D18: R&D | E18: 1 | F18: تعمیری | G18: اصلاح | J18: 1405/03/21 | K18: 1405/03/22 | L18: =SUMIFS([1]خرداد!$AF$262:$AF$385,[1]خرداد!$C$262:$C$385,"قطعه تعمیری",[1]خرداد!$B$262:$B$385,C18,[1]خرداد!$P$262:$P$385,B18) -> 14 | M18: تحویل | N18: =L18*(500000*1.5) -> 10500000
A19: 16 | B19: میز | C19: دستگاه ساب کلاچ | D19: جهان ترمز | E19: 2 | F19: تعمیری | G19: اصلاح | H19: 13043 | J19: 1405/03/17 | K19: 1405/03/18 | L19: =SUMIFS([1]خرداد!$AF$262:$AF$385,[1]خرداد!$C$262:$C$385,"قطعه تعمیری",[1]خرداد!$B$262:$B$385,C19,[1]خرداد!$P$262:$P$385,B19) -> 14.5 | M19: تحویل | N19: =L19*(500000*1.5) -> 10875000
A20: 17 | B20: دستگاه | C20: دستگاه مهر زنی | D20: جهان لنت | E20: 1 | F20: تعمیری | G20: اصلاح | J20: 1405/03/17 | L20: =SUMIFS([1]خرداد!$AF$262:$AF$385,[1]خرداد!$C$262:$C$385,"قطعه تعمیری",[1]خرداد!$B$262:$B$385,C20,[1]خرداد!$P$262:$P$385,"*") -> 37 | M20: در حال انجام | N20: =L20*(500000*1.5) -> 27750000
A21: 18 | B21: پیچ تنظیم | C21: ساب سمباده ای | D21: جهان ترمز | E21: 1 | F21: تعمیری | G21: اصلاح | H21: 15598 | I21: 2902 | J21: 1405/03/19 | K21: 1405/03/19 | L21: =SUMIFS([1]خرداد!$AF$262:$AF$385,[1]خرداد!$C$262:$C$385,"قطعه تعمیری",[1]خرداد!$B$262:$B$385,C21,[1]خرداد!$P$262:$P$385,B21) -> 2 | M21: تحویل | N21: =L21*(500000*1.5) -> 1500000
A22: 19 | B22: مسی | C22: سری نقطه جوش | D22: جهان لنت/پرس | E22: 8 | F22: تعمیری | G22: اصلاح | J22: 1405/03/17 | K22: 1405/03/17 | L22: =SUMIFS([1]خرداد!$AF$262:$AF$385,[1]خرداد!$C$262:$C$385,"قطعه تعمیری",[1]خرداد!$B$262:$B$385,C22,[1]خرداد!$P$262:$P$385,B22) -> 1 | M22: تحویل | N22: =L22*(500000*1.5) -> 750000
A23: 20 | B23: شابلون | C23: شابلون پراید دیسکی | D23: جهان لنت | E23: 1 | F23: تعمیری | G23: اصلاح | J23: 1405/03/16 | K23: 1405/03/16 | L23: =SUMIFS([1]خرداد!$AF$262:$AF$385,[1]خرداد!$C$262:$C$385,"قطعه تعمیری",[1]خرداد!$B$262:$B$385,C23,[1]خرداد!$P$262:$P$385,B23) -> 4.5 | M23: تحویل | N23: =L23*(500000*1.5) -> 3375000
A24: 21 | B24: میز | C24: کلمپ زنی | D24: جهان لنت | E24: 1 | F24: تعمیری | G24: اصلاح | J24: 1405/03/17 | K24: 1405/03/20 | L24: =SUMIFS([1]خرداد!$AF$262:$AF$385,[1]خرداد!$C$262:$C$385,"قطعه تعمیری",[1]خرداد!$B$262:$B$385,C24,[1]خرداد!$P$262:$P$385,B24) -> 0 | M24: تحویل | N24: =L24*(500000*1.5) -> 0
A25: 22 | B25: پیچ و کورسها | C25: ویوینگ | D25: جهان ترمز | E25: 1 | F25: تعمیری | G25: اصلاح | H25: 15581 | I25: 6401 | J25: 1405/03/19 | K25: 1405/03/19 | L25: =SUMIFS([1]خرداد!$AF$262:$AF$385,[1]خرداد!$C$262:$C$385,"قطعه تعمیری",[1]خرداد!$B$262:$B$385,C25,[1]خرداد!$P$262:$P$385,B25) -> 2 | M25: تحویل | N25: =L25*(500000*1.5) -> 1500000
A26: 23 | L26: =SUMIFS([1]خرداد!$AF$262:$AF$385,[1]خرداد!$C$262:$C$385,"قطعه تعمیری",[1]خرداد!$B$262:$B$385,C26,[1]خرداد!$P$262:$P$385,B26) -> 0 | N26: =L26*(500000*1.5) -> 0
B27: مجموع | C27: √ | D27: جدید | E27: =SUMIFS(E4:E26,F4:F26,D27,M4:M26,"تحویل") -> 9251 | I27: Total | J27: جدید | K27: =SUMIFS(E4:E26,F4:F26,J27) -> 9588 | L27: =SUMIFS(L4:L26,F4:F26,J27) -> 168.33333 | N27: =SUMIFS(N4:N26,F4:F26,J27) -> 126250000
C28: √ | D28: تعمیری | E28: =SUMIFS(E4:E26,F4:F26,D28,M4:M26,"تحویل") -> 16 | J28: تعمیری | K28: =SUMIFS(E5:E26,F5:F26,J28) -> 21 | L28: =SUMIFS(L5:L27,F5:F27,J28) -> 98 | N28: =SUMIFS(N5:N27,F5:F27,J28) -> 73500000
B29: Total | E29: =E27+E28 -> 9267 | K29: =K27+K28 -> 9609 | L29: =L27+L28 -> 266.33333 | N29: =N27+N28 -> 199750000

Sheet 13
A1: قطعات تعمیری و ساخته شده | M1: Date | N1: 1405
M2: weeks | N2: 13
B3: نام قطعه | C3: دستگاه / قالب | D3: درخواست کننده | E3: تعداد درخواست | F3: نو ع قطعه | G3: علت ساخت / تعمیر | H3: شماره نامه | I3: کد دستگاه | J3: تاریخ شروع | K3: تاریخ تحویل | L3: مقدار نفر ساعت کار شده | M3: عملیات در حال انجام | N3: هزینه ساخت/تعمیر (تومان)
A4: 1 | B4: تسمه | C4: ابزار زنی | D4: جهان لنت | E4: 300 | F4: جدید | G4: درخواست ساخت | H4: 1197/د/05 | J4: 1405/02/24 | L4: =SUMIFS([1]خرداد!$AF$386:$AF$618,[1]خرداد!$C$386:$C$618,"قطعه نو",[1]خرداد!$B$386:$B$618,C4,[1]خرداد!$P$386:$P$618,B4) -> 21 | M4: در حال انجام | N4: =L4*(500000*1.5) -> 15750000
A5: 2 | B5: آلستوم | C5: پین عقب آلستوم | D5: برنامه ریزی تولید | E5: 3730 | F5: جدید | G5: درخواست ساخت | J5: 1405/03/23 | K5: 1405/03/25 | L5: =SUMIFS([1]خرداد!$AF$386:$AF$618,[1]خرداد!$C$386:$C$618,"قطعه نو",[1]خرداد!$B$386:$B$618,C5,[1]خرداد!$P$386:$P$618,B5) -> 22.5 | M5: تحویل | N5: =L5*(500000*1.5) -> 16875000
A6: 3 | B6: عقب پژو 405 | C6: پین عقب پژو 405 | D6: برنامه ریزی تولید | E6: 50000 | F6: جدید | G6: درخواست ساخت | J6: 1405/03/26 | L6: =SUMIFS([1]خرداد!$AF$386:$AF$618,[1]خرداد!$C$386:$C$618,"قطعه نو",[1]خرداد!$B$386:$B$618,C6,[1]خرداد!$P$386:$P$618,B6) -> 22.5 | M6: در حال انجام | N6: =L6*(500000*1.5) -> 16875000
A7: 4 | B7: فیکسچر پیکان | C7: دریل یزدخواستی کلاچ | D7: تولید جهان ترمز | E7: 2 | F7: جدید | G7: درخواست ساخت | J7: 1405/03/11 | L7: =SUMIFS([1]خرداد!$AF$386:$AF$618,[1]خرداد!$C$386:$C$618,"قطعه نو",[1]خرداد!$B$386:$B$618,C7,[1]خرداد!$P$386:$P$618,B7) -> 40 | M7: در حال انجام | N7: =L7*(500000*1.5) -> 30000000
A8: 5 | B8: فیکسچر پراید | C8: دریل یزدخواستی کلاچ | D8: تولید جهان ترمز | E8: 2 | F8: جدید | G8: درخواست ساخت | J8: 1405/03/11 | L8: =SUMIFS([1]خرداد!$AF$386:$AF$618,[1]خرداد!$C$386:$C$618,"قطعه نو",[1]خرداد!$B$386:$B$618,C8,[1]خرداد!$P$386:$P$618,B8) -> 7.5 | M8: در حال انجام | N8: =L8*(500000*1.5) -> 5625000
A9: 6 | B9: فیکسچر پژو | C9: دریل یزدخواستی کلاچ | D9: تولید جهان ترمز | E9: 2 | F9: جدید | G9: درخواست ساخت | J9: 1405/03/11 | L9: =SUMIFS([1]خرداد!$AF$386:$AF$618,[1]خرداد!$C$386:$C$618,"قطعه نو",[1]خرداد!$B$386:$B$618,C9,[1]خرداد!$P$386:$P$618,"*") -> 63.5 | M9: در حال انجام | N9: =L9*(500000*1.5) -> 47625000
A10: 7 | B10: ابزار | C10: دستگاه CNC | D10: تراشکاری | E10: 1 | F10: جدید | G10: درخواست ساخت | J10: 1405/03/26 | K10: 1405/03/26 | L10: =SUMIFS([1]خرداد!$AF$386:$AF$618,[1]خرداد!$C$386:$C$618,"قطعه نو",[1]خرداد!$B$386:$B$618,C10,[1]خرداد!$P$386:$P$618,B10) -> 2 | M10: تحویل | N10: =L10*(500000*1.5) -> 1500000
A11: 8 | B11: Bush | C11: دستگاه پشم فلز | D11: تولید پودر فلز | E11: 10 | F11: جدید | G11: درخواست ساخت | J11: 1405/03/26 | K11: 1405/03/26 | L11: =SUMIFS([1]خرداد!$AF$386:$AF$618,[1]خرداد!$C$386:$C$618,"قطعه نو",[1]خرداد!$B$386:$B$618,C11,[1]خرداد!$P$386:$P$618,B11) -> 3 | M11: تحویل | N11: =L11*(500000*1.5) -> 2250000
A12: 9 | B12: تیغه | C12: دستگاه پشم فلز آلمانی | D12: تولید پودر فلز | E12: 3 | F12: جدید | G12: درخواست ساخت | J12: 1405/03/11 | L12: =SUMIFS([1]خرداد!$AF$386:$AF$618,[1]خرداد!$C$386:$C$618,"قطعه نو",[1]خرداد!$B$386:$B$618,C12,[1]خرداد!$P$386:$P$618,B12) -> 22 | M12: در حال انجام | N12: =L12*(500000*1.5) -> 16500000
A13: 10 | B13: لنگی | C13: دستگاه پشم فلز چینی | D13: تولید پودر فلز | E13: 5 | F13: جدید | G13: درخواست ساخت | J13: 1404/12/26 | L13: =SUMIFS([1]خرداد!$AF$386:$AF$618,[1]خرداد!$C$386:$C$618,"قطعه نو",[1]خرداد!$B$386:$B$618,C13,[1]خرداد!$P$386:$P$618,B13) -> 5.1666667 | M13: در حال انجام | N13: =L13*(500000*1.5) -> 3875000
A14: 11 | B14: Bush | C14: ساب سمباده ای | D14: تولید جهان لنت | E14: 2 | F14: جدید | G14: درخواست ساخت | J14: 1405/03/20 | K14: 1405/03/25 | L14: =SUMIFS([1]خرداد!$AF$386:$AF$618,[1]خرداد!$C$386:$C$618,"قطعه نو",[1]خرداد!$B$386:$B$618,C14,[1]خرداد!$P$386:$P$618,"*") -> 4 | M14: تحویل | N14: =L14*(500000*1.5) -> 3000000
A15: 12 | B15: قطعه | C15: کلمپ زنی | D15: تولید جهان لنت | E15: 1 | F15: جدید | G15: درخواست ساخت | J15: 1405/03/24 | K15: 1405/03/25 | L15: =SUMIFS([1]خرداد!$AF$386:$AF$618,[1]خرداد!$C$386:$C$618,"قطعه نو",[1]خرداد!$B$386:$B$618,C15,[1]خرداد!$P$386:$P$618,B15) -> 2 | M15: تحویل | N15: =L15*(500000*1.5) -> 1500000
A16: 13 | B16: نگهدارنده U | C16: نگهدارنده پلاک قالب | D16: م.قالب | E16: 100 | F16: جدید | G16: درخواست ساخت | J16: 1405/03/24 | L16: =SUMIFS([1]خرداد!$AF$386:$AF$618,[1]خرداد!$C$386:$C$618,"قطعه نو",[1]خرداد!$B$386:$B$618,C16,[1]خرداد!$P$386:$P$618,B16) -> 31 | M16: در حال انجام | N16: =L16*(500000*1.5) -> 23250000
A17: 14 | B17: فیکسچر | C17: ابزار زنی | D17: تولید جهان لنت | E17: 1 | F17: تعمیری | G17: اصلاح | H17: 15646 | J17: 1405/03/28 | K17: 1405/03/28 | L17: =SUMIFS([1]خرداد!$AF$386:$AF$618,[1]خرداد!$C$386:$C$618,"قطعه تعمیری",[1]خرداد!$B$386:$B$618,C17,[1]خرداد!$P$386:$P$618,B17) -> 1.5 | M17: تحویل | N17: =L17*(500000*1.5) -> 1125000
A18: 15 | B18: Shaft | C18: پرس پخت | D18: تولید جهان لنت | E18: 1 | F18: تعمیری | G18: تراش ، دنده زنی | H18: 15992 | I18: 2008 | J18: 1405/03/24 | K18: 1405/03/24 | L18: =SUMIFS([1]خرداد!$AF$386:$AF$618,[1]خرداد!$C$386:$C$618,"قطعه تعمیری",[1]خرداد!$B$386:$B$618,C18,[1]خرداد!$P$386:$P$618,B18) -> 2 | M18: تحویل | N18: =L18*(500000*1.5) -> 1500000
A19: 16 | B19: Shaft | C19: پرس پخت کلاچ | D19: تولید جهان ترمز | E19: 2 | F19: تعمیری | G19: تراش ، پیچ بری | J19: 1405/03/24 | K19: 1405/03/26 | L19: =SUMIFS([1]خرداد!$AF$386:$AF$618,[1]خرداد!$C$386:$C$618,"قطعه تعمیری",[1]خرداد!$B$386:$B$618,C19,[1]خرداد!$P$386:$P$618,"*") -> 7 | M19: تحویل | N19: =L19*(500000*1.5) -> 5250000
A20: 17 | B20: تیغه | C20: تیغ فرز | D20: تراشکاری | E20: 15 | F20: تعمیری | G20: وایر | J20: 1405/03/24 | K20: 1405/03/28 | L20: =SUMIFS([1]خرداد!$AF$386:$AF$618,[1]خرداد!$C$386:$C$618,"قطعه تعمیری",[1]خرداد!$B$386:$B$618,C20,[1]خرداد!$P$386:$P$618,B20) -> 9 | M20: تحویل | N20: =L20*(500000*1.5) -> 6750000
A21: 18 | B21: بلوک | C21: دستگاه پرس 600 تن | D21: تولید جهان لنت | E21: 4 | F21: تعمیری | G21: اصلاح 4 عدد بلوک | J21: 1405/03/24 | L21: =SUMIFS([1]خرداد!$AF$386:$AF$618,[1]خرداد!$C$386:$C$618,"قطعه تعمیری",[1]خرداد!$B$386:$B$618,C21,[1]خرداد!$P$386:$P$618,"*") -> 47 | M21: در حال انجام | N21: =L21*(500000*1.5) -> 35250000
A22: 19 | B22: Shaft | C22: دستگاه پرس پخت | D22: تولید جهان ترمز | E22: 1 | F22: تعمیری | G22: اصلاح | J22: 1405/03/28 | K22: 1405/03/28 | L22: =SUMIFS([1]خرداد!$AF$386:$AF$618,[1]خرداد!$C$386:$C$618,"قطعه تعمیری",[1]خرداد!$B$386:$B$618,C22,[1]خرداد!$P$386:$P$618,B22) -> 5.75 | M22: تحویل | N22: =L22*(500000*1.5) -> 4312500
A23: 20 | B23: شابلون | C23: دستگاه توزین مواد | D23: R&D | E23: 1 | F23: تعمیری | G23: اصلاح | J23: 1405/03/21 | K23: 1405/03/28 | L23: =SUMIFS([1]خرداد!$AF$386:$AF$618,[1]خرداد!$C$386:$C$618,"قطعه تعمیری",[1]خرداد!$B$386:$B$618,C23,[1]خرداد!$P$386:$P$618,B23) -> 1.5 | M23: تحویل | N23: =L23*(500000*1.5) -> 1125000
A24: 21 | B24: دستگاه | C24: دستگاه مهر زنی | D24: جهان لنت | E24: 1 | F24: تعمیری | G24: اصلاح | J24: 1405/03/17 | L24: =SUMIFS([1]خرداد!$AF$386:$AF$618,[1]خرداد!$C$386:$C$618,"قطعه تعمیری",[1]خرداد!$B$386:$B$618,C24,[1]خرداد!$P$386:$P$618,"*") -> 6.5 | M24: در حال انجام | N24: =L24*(500000*1.5) -> 4875000
A25: 22 | B25: مسی | C25: سری نقطه جوش | D25: تولید جهان لنت | E25: 8 | F25: تعمیری | G25: اصلاح | J25: 1405/03/24 | K25: 1405/03/24 | L25: =SUMIFS([1]خرداد!$AF$386:$AF$618,[1]خرداد!$C$386:$C$618,"قطعه تعمیری",[1]خرداد!$B$386:$B$618,C25,[1]خرداد!$P$386:$P$618,B25) -> 2 | M25: تحویل | N25: =L25*(500000*1.5) -> 1500000
A26: 22 | B26: قلم | C26: قلم پژو 405 | D26: تراشکاری | E26: 1 | F26: تعمیری | G26: اصلاح | J26: 1405/03/26 | K26: 1405/03/26 | L26: =SUMIFS([1]خرداد!$AF$386:$AF$618,[1]خرداد!$C$386:$C$618,"قطعه تعمیری",[1]خرداد!$B$386:$B$618,C26,[1]خرداد!$P$386:$P$618,B26) -> 5 | M26: تحویل | N26: =L26*(500000*1.5) -> 3750000
A27: 22 | B27: گوه | C27: ویوینگ | D27: تولید جهان ترمز | E27: 1 | F27: تعمیری | G27: اصلاح | H27: 15580 | I27: 6410 | J27: 1405/03/03 | L27: =SUMIFS([1]خرداد!$AF$386:$AF$618,[1]خرداد!$C$386:$C$618,"قطعه تعمیری",[1]خرداد!$B$386:$B$618,C27,[1]خرداد!$P$386:$P$618,B27) -> 2 | M27: در حال انجام | N27: =L27*(500000*1.5) -> 1500000
B28: مجموع | C28: √ | D28: جدید | E28: =SUMIFS(E4:E27,F4:F27,D28,M4:M27,"تحویل") -> 3744 | I28: Total | J28: جدید | K28: =SUMIFS(E4:E27,F4:F27,J28) -> 54158 | L28: =SUMIFS(L4:L27,F4:F27,J28) -> 246.16667 | N28: =SUMIFS(N4:N27,F4:F27,J28) -> 184625000
C29: √ | D29: تعمیری | E29: =SUMIFS(E4:E27,F4:F27,D29,M4:M27,"تحویل") -> 30 | J29: تعمیری | K29: =SUMIFS(E5:E27,F5:F27,J29) -> 36 | L29: =SUMIFS(L5:L28,F5:F28,J29) -> 89.25 | N29: =SUMIFS(N5:N28,F5:F28,J29) -> 66937500
B30: Total | E30: =E28+E29 -> 3774 | K30: =K28+K29 -> 54194 | L30: =L28+L29 -> 335.41667 | N30: =N28+N29 -> 251562500

Sheet 14
A1: قطعات تعمیری و ساخته شده | M1: Date | N1: 1405
M2: weeks | N2: 14
B3: نام قطعه | C3: دستگاه / قالب | D3: درخواست کننده | E3: تعداد درخواست | F3: نو ع قطعه | G3: علت ساخت / تعمیر | H3: شماره نامه | I3: کد دستگاه | J3: تاریخ شروع | K3: تاریخ تحویل | L3: مقدار نفر ساعت کار شده | M3: عملیات در حال انجام | N3: هزینه ساخت/تعمیر (تومان)
A4: 1 | B4: قطعات | C4: برش جمعی عقب ریو | D4: جهان لنت | E4: 1 | F4: جدید | G4: درخواست ساخت | H4: 14046 | J4: 1405/03/31 | L4: =SUMIFS([1]خرداد!$AF$619:$AF$690,[1]خرداد!$C$619:$C$690,"قطعه نو",[1]خرداد!$B$619:$B$690,C4,[1]خرداد!$P$619:$P$690,B4)+5 -> 10 | M4: در حال انجام | N4: =L4*(500000*1.5) -> 7500000
A5: 2 | B5: عقب پژو 405 | C5: پین عقب پژو 405 | D5: برنامه ریزی تولید | E5: 50000 | F5: جدید | G5: درخواست ساخت | J5: 1405/03/26 | L5: =SUMIFS([1]خرداد!$AF$619:$AF$690,[1]خرداد!$C$619:$C$690,"قطعه نو",[1]خرداد!$B$619:$B$690,C5,[1]خرداد!$P$619:$P$690,B5) -> 7.5 | M5: تحویل | N5: =L5*(500000*1.5) -> 5625000
A6: 3 | B6: فیکسچر پیکان | C6: دریل یزدخواستی کلاچ | D6: تولید جهان ترمز | E6: 2 | F6: جدید | G6: درخواست ساخت | J6: 1405/03/11 | L6: =SUMIFS([1]خرداد!$AF$619:$AF$690,[1]خرداد!$C$619:$C$690,"قطعه نو",[1]خرداد!$B$619:$B$690,C6,[1]خرداد!$P$619:$P$690,B6)+2.5 -> 21.5 | M6: در حال انجام | N6: =L6*(500000*1.5) -> 16125000
A7: 4 | B7: فیکسچر پراید | C7: دریل یزدخواستی کلاچ | D7: تولید جهان ترمز | E7: 2 | F7: جدید | G7: درخواست ساخت | J7: 1405/03/11 | L7: =SUMIFS([1]خرداد!$AF$619:$AF$690,[1]خرداد!$C$619:$C$690,"قطعه نو",[1]خرداد!$B$619:$B$690,C7,[1]خرداد!$P$619:$P$690,B7) -> 15.5 | M7: در حال انجام | N7: =L7*(500000*1.5) -> 11625000
A8: 5 | B8: فیکسچر پژو | C8: دریل یزدخواستی کلاچ | D8: تولید جهان ترمز | E8: 2 | F8: جدید | G8: درخواست ساخت | J8: 1405/03/11 | L8: =SUMIFS([1]تیر!$AF$2:$AF$690,[1]تیر!$C$2:$C$690,"قطعه نو",[1]تیر!$B$2:$B$690,C8,[1]تیر!$P$2:$P$690,B8) -> 42.333333 | M8: در حال انجام | N8: =L8*(500000*1.5) -> 31750000
A9: 6 | B9: لنگی | C9: دستگاه پشم فلز چینی | D9: تولید پودر فلز | E9: 5 | F9: جدید | G9: درخواست ساخت | J9: 1404/12/26 | L9: =SUMIFS([1]خرداد!$AF$619:$AF$690,[1]خرداد!$C$619:$C$690,"قطعه نو",[1]خرداد!$B$619:$B$690,C9,[1]خرداد!$P$619:$P$690,"*") -> 35.583333 | M9: در حال انجام | N9: =L9*(500000*1.5) -> 26687500
A10: 7 | B10: نگهدارنده U | C10: نگهدارنده پلاک قالب | D10: م.قالب | E10: 100 | F10: جدید | G10: درخواست ساخت | J10: 1405/03/24 | L10: =SUMIFS([1]خرداد!$AF$619:$AF$690,[1]خرداد!$C$619:$C$690,"قطعه نو",[1]خرداد!$B$619:$B$690,C10,[1]خرداد!$P$619:$P$690,B10)+14 -> 38 | M10: در حال انجام | N10: =L10*(500000*1.5) -> 28500000
A11: 8 | B11: قفل کن | C11: دستگاه مهر زنی | D11: تولید جهان ترمز | E11: 3 | F11: جدید | G11: درخواست ساخت | J11: 1405/04/01 | K11: 1405/04/02 | L11: =SUMIFS([1]تیر!$AF$2:$AF$690,[1]تیر!$C$2:$C$690,"قطعه نو",[1]تیر!$B$2:$B$690,C11,[1]تیر!$P$2:$P$690,"*") -> 7.3333333 | M11: تحویل | N11: =L11*(500000*1.5) -> 5500000
A12: 9 | B12: Shaft | C12: آغشته کاری | D12: تولید جهان ترمز | E12: 2 | F12: تعمیری | G12: تراش Shaft | J12: 1405/03/30 | K12: 1405/03/30 | L12: =SUMIFS([1]خرداد!$AF$619:$AF$690,[1]خرداد!$C$619:$C$690,"قطعه تعمیری",[1]خرداد!$B$619:$B$690,C12,[1]خرداد!$P$619:$P$690,B12) -> 3 | M12: تحویل | N12: =L12*(500000*1.5) -> 2250000
A13: 10 | B13: کلید فرمان | C13: دستگاه پرس | D13: تولید جهان ترمز | E13: 1 | F13: تعمیری | G13: سوراخکاری کلید | H13: 15741 | J13: 1405/03/30 | K13: 1405/03/30 | L13: =SUMIFS([1]خرداد!$AF$619:$AF$690,[1]خرداد!$C$619:$C$690,"قطعه تعمیری",[1]خرداد!$B$619:$B$690,C13,[1]خرداد!$P$619:$P$690,B13) -> 1 | M13: تحویل | N13: =L13*(500000*1.5) -> 750000
A14: 11 | B14: بلوک | C14: دستگاه پرس 600 تن | D14: تولید جهان لنت | E14: 4 | F14: تعمیری | G14: اصلاح 4 عدد بلوک | J14: 1405/03/24 | L14: =SUMIFS([1]خرداد!$AF$619:$AF$690,[1]خرداد!$C$619:$C$690,"قطعه تعمیری",[1]خرداد!$B$619:$B$690,C14,[1]خرداد!$P$619:$P$690,B14) -> 11 | M14: در حال انجام | N14: =L14*(500000*1.5) -> 8250000
A15: 12 | B15: Shaft | C15: دستگاه پشم فلز چینی | D15: تولید پودر فلز | E15: 12 | F15: تعمیری | G15: اصلاح 12 عدد لنگی | J15: 1405/03/30 | L15: =SUMIFS([1]خرداد!$AF$619:$AF$690,[1]خرداد!$C$619:$C$690,"قطعه تعمیری",[1]خرداد!$B$619:$B$690,C15,[1]خرداد!$P$619:$P$690,"*")+20 -> 34 | M15: در حال انجام | N15: =L15*(500000*1.5) -> 25500000
A16: 13 | B16: Shaft | C16: دستگاه ساب الماسه | D16: تولید جهان لنت | E16: 1 | F16: تعمیری | G16: اصلاح | J16: 1405/03/31 | K16: 1405/03/31 | L16: =SUMIFS([1]خرداد!$AF$619:$AF$690,[1]خرداد!$C$619:$C$690,"قطعه تعمیری",[1]خرداد!$B$619:$B$690,C16,[1]خرداد!$P$619:$P$690,"*") -> 3.5 | M16: تحویل | N16: =L16*(500000*1.5) -> 2625000
A17: 14 | B17: قطعه | C17: دستگاه مهر زنی | D17: تولید جهان ترمز | E17: 1 | F17: تعمیری | G17: اصلاح | J17: 1405/03/17 | K17: 1405/03/31 | L17: =SUMIFS([1]خرداد!$AF$619:$AF$690,[1]خرداد!$C$619:$C$690,"قطعه تعمیری",[1]خرداد!$B$619:$B$690,C17,[1]خرداد!$P$619:$P$690,B17) -> 3 | M17: تحویل | N17: =L17*(500000*1.5) -> 2250000
A18: 15 | B18: مسی | C18: سری نقطه جوش | D18: تولید جهان لنت | E18: 8 | F18: تعمیری | G18: اصلاح | J18: 1405/03/30 | K18: 1405/04/02 | L18: =SUMIFS([1]خرداد!$AF$619:$AF$690,[1]خرداد!$C$619:$C$690,"قطعه تعمیری",[1]خرداد!$B$619:$B$690,C18,[1]خرداد!$P$619:$P$690,B18)+4 -> 5 | M18: تحویل | N18: =L18*(500000*1.5) -> 3750000
A19: 16 | B19: واسطه جک | C19: دستگاه پرس پخت | D19: تولید جهان لنت | E19: 1 | F19: تعمیری | G19: پیچ بریدگی کفی | J19: 1405/04/01 | K19: 1405/04/02 | L19: =SUMIFS([1]تیر!$AF$2:$AF$690,[1]تیر!$C$2:$C$690,"قطعه تعمیری",[1]تیر!$B$2:$B$690,C19,[1]تیر!$P$2:$P$690,"*") -> 72.833333 | M19: تحویل | N19: =L19*(500000*1.5) -> 54625000
A20: 17 | B20: تیغه | C20: دستگاه چسب زنی | D20: تولید جهان لنت | E20: 10 | F20: تعمیری | G20: اصلاح | J20: 1405/04/01 | K20: 1405/04/02 | L20: =SUMIFS([1]تیر!$AF$2:$AF$690,[1]تیر!$C$2:$C$690,"قطعه تعمیری",[1]تیر!$B$2:$B$690,C20,[1]تیر!$P$2:$P$690,"*") -> 50 | M20: تحویل | N20: =L20*(500000*1.5) -> 37500000
A21: 18 | B21: Shaft | C21: ساب سمباده ای | D21: تولید جهان لنت | E21: 1 | F21: تعمیری | G21: اصلاح | H21: 15746 | I21: 2504 | J21: 1405/04/01 | K21: 1405/04/02 | L21: =SUMIFS([1]تیر!$AF$2:$AF$690,[1]تیر!$C$2:$C$690,"قطعه تعمیری",[1]تیر!$B$2:$B$690,C21,[1]تیر!$P$2:$P$690,"*") -> 6 | M21: تحویل | N21: =L21*(500000*1.5) -> 4500000
A22: 19 | B22: کاسه | C22: ماشین پژو پارس | D22: ت.خودرو | E22: 1 | F22: تعمیری | G22: اصلاح | J22: 1405/04/01 | K22: 1405/04/02 | L22: =SUMIFS([1]تیر!$AF$2:$AF$690,[1]تیر!$C$2:$C$690,"قطعه تعمیری",[1]تیر!$B$2:$B$690,C22,[1]تیر!$P$2:$P$690,"*") -> 0 | M22: تحویل | N22: =L22*(500000*1.5) -> 0
A23: 20 | B23: Bush | C23: موتور | D23: نت | E23: 1 | F23: تعمیری | G23: اصلاح درب موتور | H23: 15999 | J23: 1405/04/02 | K23: 1405/04/02 | L23: =SUMIFS([1]تیر!$AF$2:$AF$690,[1]تیر!$C$2:$C$690,"قطعه تعمیری",[1]تیر!$B$2:$B$690,C23,[1]تیر!$P$2:$P$690,"*") -> 4.5 | M23: تحویل | N23: =L23*(500000*1.5) -> 3375000
A24: 21 | F24: تعمیری | L24: =SUMIFS([1]خرداد!$AF$619:$AF$690,[1]خرداد!$C$619:$C$690,"قطعه تعمیری",[1]خرداد!$B$619:$B$690,C24,[1]خرداد!$P$619:$P$690,B24) -> 0 | N24: =L24*(500000*1.5) -> 0
B25: مجموع | C25: √ | D25: جدید | E25: =SUMIFS(E4:E24,F4:F24,D25,M4:M24,"تحویل") -> 50003 | I25: Total | J25: جدید | K25: =SUMIFS(E4:E24,F4:F24,J25) -> 50115 | L25: =SUMIFS(L4:L24,F4:F24,J25) -> 177.75 | N25: =SUMIFS(N4:N24,F4:F24,J25) -> 133312500
C26: √ | D26: تعمیری | E26: =SUMIFS(E4:E24,F4:F24,D26,M4:M24,"تحویل") -> 27 | J26: تعمیری | K26: =SUMIFS(E5:E24,F5:F24,J26) -> 43 | L26: =SUMIFS(L5:L25,F5:F25,J26) -> 193.83333 | N26: =SUMIFS(N5:N25,F5:F25,J26) -> 145375000
B27: Total | E27: =E25+E26 -> 50030 | K27: =K25+K26 -> 50158 | L27: =L25+L26 -> 371.58333 | N27: =N25+N26 -> 278687500

Sheet 15
A1: قطعات تعمیری و ساخته شده | M1: Date | N1: 1405
M2: weeks | N2: 15
B3: نام قطعه | C3: دستگاه / قالب | D3: درخواست کننده | E3: تعداد درخواست | F3: نو ع قطعه | G3: علت ساخت / تعمیر | H3: شماره نامه | I3: کد دستگاه | J3: تاریخ شروع | K3: تاریخ تحویل | L3: مقدار نفر ساعت کار شده | M3: عملیات در حال انجام | N3: هزینه ساخت/تعمیر (تومان)
A4: 1 | B4: فیکسچر پیکان | C4: دریل یزدخواستی کلاچ | D4: تولید جهان ترمز | E4: 2 | F4: جدید | G4: درخواست ساخت | J4: 1405/03/11 | L4: =SUMIFS([1]تیر!$AF$54:$AF$256,[1]تیر!$C$54:$C$256,"قطعه نو",[1]تیر!$B$54:$B$256,C4,[1]تیر!$P$54:$P$256,B4) -> 4.5 | M4: در حال انجام | N4: =SUMIFS([1]تیر!$AR$54:$AR$256,[1]تیر!$C$54:$C$256,"قطعه نو",[1]تیر!$B$54:$B$256,C4,[1]تیر!$P$54:$P$256,B4) -> 3375000
A5: 2 | B5: فیکسچر پراید | C5: دریل یزدخواستی کلاچ | D5: تولید جهان ترمز | E5: 2 | F5: جدید | G5: درخواست ساخت | J5: 1405/03/11 | L5: =SUMIFS([1]تیر!$AF$54:$AF$256,[1]تیر!$C$54:$C$256,"قطعه نو",[1]تیر!$B$54:$B$256,C5,[1]تیر!$P$54:$P$256,B5) -> 29.5 | M5: تحویل | N5: =SUMIFS([1]تیر!$AR$54:$AR$256,[1]تیر!$C$54:$C$256,"قطعه نو",[1]تیر!$B$54:$B$256,C5,[1]تیر!$P$54:$P$256,B5) -> 44250000
A6: 3 | B6: فیکسچر پژو | C6: دریل یزدخواستی کلاچ | D6: تولید جهان ترمز | E6: 2 | F6: جدید | G6: درخواست ساخت | J6: 1405/03/11 | L6: =SUMIFS([1]تیر!$AF$54:$AF$256,[1]تیر!$C$54:$C$256,"قطعه نو",[1]تیر!$B$54:$B$256,C6,[1]تیر!$P$54:$P$256,B6) -> 21 | M6: در حال انجام | N6: =SUMIFS([1]تیر!$AR$54:$AR$256,[1]تیر!$C$54:$C$256,"قطعه نو",[1]تیر!$B$54:$B$256,C6,[1]تیر!$P$54:$P$256,B6) -> 28125000
A7: 4 | B7: تفلون | C7: پایه پرچ لنت نیسان | D7: تولید جهان لنت | E7: 1 | F7: جدید | G7: درخواست ساخت | H7: ۰۵/د/۳۱۵۴ | J7: 1405/03/20 | L7: =SUMIFS([1]تیر!$AF$54:$AF$256,[1]تیر!$C$54:$C$256,"قطعه نو",[1]تیر!$B$54:$B$256,C7,[1]تیر!$P$54:$P$256,"*") -> 5 | M7: در حال انجام | N7: =SUMIFS([1]تیر!$AR$54:$AR$256,[1]تیر!$C$54:$C$256,"قطعه نو",[1]تیر!$B$54:$B$256,C7,[1]تیر!$P$54:$P$256,"*") -> 3750000
A8: 5 | B8: نگهدارنده U | C8: نگهدارنده پلاک قالب | D8: م.قالب | E8: 100 | F8: جدید | G8: درخواست ساخت | J8: 1405/03/24 | L8: =SUMIFS([1]تیر!$AF$54:$AF$256,[1]تیر!$C$54:$C$256,"قطعه نو",[1]تیر!$B$54:$B$256,C8,[1]تیر!$P$54:$P$256,B8) -> 26 | M8: در حال انجام | N8: =SUMIFS([1]تیر!$AR$54:$AR$256,[1]تیر!$C$54:$C$256,"قطعه نو",[1]تیر!$B$54:$B$256,C8,[1]تیر!$P$54:$P$256,B8) -> 19500000
A9: 6 | B9: تفلن | C9: دستگاه پرس 600 تن | D9: نت | E9: 4 | F9: جدید | G9: راه اتدازی میز پخت | J9: 1405/03/24 | L9: =SUMIFS([1]تیر!$AF$54:$AF$256,[1]تیر!$C$54:$C$256,"قطعه نو",[1]تیر!$B$54:$B$256,C9,[1]تیر!$P$54:$P$256,B9) -> 19 | M9: در حال انجام | N9: =SUMIFS([1]تیر!$AR$54:$AR$256,[1]تیر!$C$54:$C$256,"قطعه نو",[1]تیر!$B$54:$B$256,C9,[1]تیر!$P$54:$P$256,B9) -> 14250000
A10: 7 | B10: مهره | C10: لیفتراک | D10: نت | E10: 1 | F10: جدید | G10: درخواست ساخت | I10: 4 | J10: 1405/04/07 | K10: 1405/04/07 | L10: =SUMIFS([1]تیر!$AF$54:$AF$256,[1]تیر!$C$54:$C$256,"قطعه نو",[1]تیر!$B$54:$B$256,C10,[1]تیر!$P$54:$P$256,B10) -> 2.5 | M10: تحویل | N10: =SUMIFS([1]تیر!$AR$54:$AR$256,[1]تیر!$C$54:$C$256,"قطعه نو",[1]تیر!$B$54:$B$256,C10,[1]تیر!$P$54:$P$256,B10) -> 1875000
A11: 8 | B11: Shaft | C11: آغشته کاری | D11: تولید جهان ترمز | E11: 1 | F11: تعمیری | G11: تراش Shaft | H11: 15548 | J11: 1405/04/07 | K11: 1405/04/07 | L11: =SUMIFS([1]تیر!$AF$54:$AF$256,[1]تیر!$C$54:$C$256,"قطعه تعمیری",[1]تیر!$B$54:$B$256,C11,[1]تیر!$P$54:$P$256,B11) -> 2 | M11: تحویل | N11: =SUMIFS([1]تیر!$AR$54:$AR$256,[1]تیر!$C$54:$C$256,"قطعه تعمیری",[1]تیر!$B$54:$B$256,C11,[1]تیر!$P$54:$P$256,B11) -> 1500000
A12: 9 | B12: تیغه | C12: برش جمعی عقب | D12: تولید جهان لنت | E12: 4 | F12: تعمیری | G12: اصلاح تیغه | H12: 16735 | I12: 3206 | J12: 1405/04/08 | K12: 1405/04/09 | L12: =SUMIFS([1]تیر!$AF$54:$AF$256,[1]تیر!$C$54:$C$256,"قطعه تعمیری",[1]تیر!$B$54:$B$256,C12,[1]تیر!$P$54:$P$256,B12) -> 0 | M12: تحویل | N12: =SUMIFS([1]تیر!$AR$54:$AR$256,[1]تیر!$C$54:$C$256,"قطعه تعمیری",[1]تیر!$B$54:$B$256,C12,[1]تیر!$P$54:$P$256,B12) -> 0
A13: 10 | B13: Shaft | C13: دستگاه پشم فلز چینی | D13: تولید پودر فلز | E13: 12 | F13: تعمیری | G13: اصلاح 12 عدد لنگی | J13: 1405/03/30 | K13: 1405/04/10 | L13: =SUMIFS([1]تیر!$AF$54:$AF$256,[1]تیر!$C$54:$C$256,"قطعه تعمیری",[1]تیر!$B$54:$B$256,C13,[1]تیر!$P$54:$P$256,"*") -> 4 | M13: تحویل | N13: =SUMIFS([1]تیر!$AR$54:$AR$256,[1]تیر!$C$54:$C$256,"قطعه تعمیری",[1]تیر!$B$54:$B$256,C13,[1]تیر!$P$54:$P$256,"*") -> 3000000
A14: 11 | B14: تخته لنت | C14: تخته لنت صنعتی | D14: تولید جهان لنت | E14: 1 | F14: تعمیری | G14: سوراخکاری | J14: 1405/04/06 | K14: 1405/04/06 | L14: =SUMIFS([1]تیر!$AF$54:$AF$256,[1]تیر!$C$54:$C$256,"قطعه تعمیری",[1]تیر!$B$54:$B$256,C14,[1]تیر!$P$54:$P$256,B14) -> 3 | M14: تحویل | N14: =SUMIFS([1]تیر!$AR$54:$AR$256,[1]تیر!$C$54:$C$256,"قطعه تعمیری",[1]تیر!$B$54:$B$256,C14,[1]تیر!$P$54:$P$256,B14) -> 2250000
A15: 12 | B15: Shaft | C15: دستگاه پرس پخت | D15: تولید جهان لنت | E15: 1 | F15: تعمیری | G15: اصلاح | H15: 16862 | I15: 2508 | J15: 1405/04/08 | K15: 1405/04/08 | L15: =SUMIFS([1]تیر!$AF$54:$AF$256,[1]تیر!$C$54:$C$256,"قطعه تعمیری",[1]تیر!$B$54:$B$256,C15,[1]تیر!$P$54:$P$256,"*") -> 16.5 | M15: تحویل | N15: =SUMIFS([1]تیر!$AR$54:$AR$256,[1]تیر!$C$54:$C$256,"قطعه تعمیری",[1]تیر!$B$54:$B$256,C15,[1]تیر!$P$54:$P$256,"*") -> 12375000
A16: 13 | B16: قطعه U | C16: دستگاه پشم فلز | D16: تولید پودر فلز | E16: 1 | F16: تعمیری | G16: اصلاح | J16: 1405/04/11 | K16: 1405/04/12 | L16: =SUMIFS([1]تیر!$AF$54:$AF$256,[1]تیر!$C$54:$C$256,"قطعه تعمیری",[1]تیر!$B$54:$B$256,C16,[1]تیر!$P$54:$P$256,B16) -> 8 | M16: تحویل | N16: =SUMIFS([1]تیر!$AR$54:$AR$256,[1]تیر!$C$54:$C$256,"قطعه تعمیری",[1]تیر!$B$54:$B$256,C16,[1]تیر!$P$54:$P$256,B16) -> 6000000
A17: 14 | B17: Shaft | C17: دستگاه پشم فلز آلمانی | D17: تولید پودر فلز | E17: 1 | F17: تعمیری | G17: اصلاح | H17: 16806 | J17: 1405/04/10 | K17: 1405/04/10 | L17: =SUMIFS([1]تیر!$AF$54:$AF$256,[1]تیر!$C$54:$C$256,"قطعه تعمیری",[1]تیر!$B$54:$B$256,C17,[1]تیر!$P$54:$P$256,B17) -> 2 | M17: تحویل | N17: =SUMIFS([1]تیر!$AR$54:$AR$256,[1]تیر!$C$54:$C$256,"قطعه تعمیری",[1]تیر!$B$54:$B$256,C17,[1]تیر!$P$54:$P$256,B17) -> 1500000
A18: 15 | B18: چرخ | C18: دستگاه جوشکاری | D18: تراشکاری | E18: 1 | F18: تعمیری | G18: اصلاح | J18: 1405/04/08 | K18: 1405/04/08 | L18: =SUMIFS([1]تیر!$AF$54:$AF$256,[1]تیر!$C$54:$C$256,"قطعه تعمیری",[1]تیر!$B$54:$B$256,C18,[1]تیر!$P$54:$P$256,B18) -> 2 | M18: تحویل | N18: =SUMIFS([1]تیر!$AR$54:$AR$256,[1]تیر!$C$54:$C$256,"قطعه تعمیری",[1]تیر!$B$54:$B$256,C18,[1]تیر!$P$54:$P$256,B18) -> 1500000
A19: 16 | B19: تیغه | C19: دستگاه چسب زنی | D19: تولید جهان لنت | E19: 10 | F19: تعمیری | G19: اصلاح | J19: 1405/03/11 | K19: 1405/04/09 | L19: =SUMIFS([1]تیر!$AF$54:$AF$256,[1]تیر!$C$54:$C$256,"قطعه تعمیری",[1]تیر!$B$54:$B$256,C19,[1]تیر!$P$54:$P$256,B19) -> 40 | M19: تحویل | N19: =SUMIFS([1]تیر!$AR$54:$AR$256,[1]تیر!$C$54:$C$256,"قطعه تعمیری",[1]تیر!$B$54:$B$256,C19,[1]تیر!$P$54:$P$256,B19) -> 30000000
A20: 17 | B20: تیغه | C20: دستگاه فرز | D20: تراشکاری | E20: 10 | F20: تعمیری | G20: اصلاح | J20: 1405/04/09 | K20: 1405/04/09 | L20: =SUMIFS([1]تیر!$AF$54:$AF$256,[1]تیر!$C$54:$C$256,"قطعه تعمیری",[1]تیر!$B$54:$B$256,C20,[1]تیر!$P$54:$P$256,B20) -> 6 | M20: تحویل | N20: =SUMIFS([1]تیر!$AR$54:$AR$256,[1]تیر!$C$54:$C$256,"قطعه تعمیری",[1]تیر!$B$54:$B$256,C20,[1]تیر!$P$54:$P$256,B20) -> 4500000
A21: 18 | B21: قطعه | C21: دستگاه مهر زنی | D21: تولید جهان ترمز | E21: 1 | F21: تعمیری | G21: اصلاح | J21: 1405/03/11 | K21: 1405/04/10 | L21: =SUMIFS([1]تیر!$AF$54:$AF$256,[1]تیر!$C$54:$C$256,"قطعه تعمیری",[1]تیر!$B$54:$B$256,C21,[1]تیر!$P$54:$P$256,B21) -> 3 | M21: تحویل | N21: =SUMIFS([1]تیر!$AR$54:$AR$256,[1]تیر!$C$54:$C$256,"قطعه تعمیری",[1]تیر!$B$54:$B$256,C21,[1]تیر!$P$54:$P$256,B21) -> 2250000
A22: 19 | B22: Shaft | C22: ساب سمباده ای | D22: تولید جهان لنت | E22: 1 | F22: تعمیری | G22: اصلاح | H22: 15749 | I22: 2508 | J22: 1405/04/07 | K22: 1405/04/09 | L22: =SUMIFS([1]تیر!$AF$54:$AF$256,[1]تیر!$C$54:$C$256,"قطعه تعمیری",[1]تیر!$B$54:$B$256,C22,[1]تیر!$P$54:$P$256,B22) -> 6 | M22: تحویل | N22: =SUMIFS([1]تیر!$AR$54:$AR$256,[1]تیر!$C$54:$C$256,"قطعه تعمیری",[1]تیر!$B$54:$B$256,C22,[1]تیر!$P$54:$P$256,B22) -> 4500000
A23: 20 | B23: توپی | C23: ساب کونیک | D23: تولید جهان لنت | E23: 1 | F23: تعمیری | G23: اصلاح | H23: 16807 | I23: 2508 | J23: 1405/04/09 | K23: 1405/04/10 | L23: =SUMIFS([1]تیر!$AF$54:$AF$256,[1]تیر!$C$54:$C$256,"قطعه تعمیری",[1]تیر!$B$54:$B$256,C23,[1]تیر!$P$54:$P$256,B23) -> 4 | M23: تحویل | N23: =SUMIFS([1]تیر!$AR$54:$AR$256,[1]تیر!$C$54:$C$256,"قطعه تعمیری",[1]تیر!$B$54:$B$256,C23,[1]تیر!$P$54:$P$256,B23) -> 3000000
A24: 21 | B24: مسی | C24: سری نقطه جوش | D24: تولید جهان لنت | E24: 8 | F24: تعمیری | G24: اصلاح | J24: 1405/04/11 | K24: 1405/04/11 | L24: =SUMIFS([1]تیر!$AF$54:$AF$256,[1]تیر!$C$54:$C$256,"قطعه تعمیری",[1]تیر!$B$54:$B$256,C24,[1]تیر!$P$54:$P$256,B24) -> 2 | M24: تحویل | N24: =SUMIFS([1]تیر!$AR$54:$AR$256,[1]تیر!$C$54:$C$256,"قطعه تعمیری",[1]تیر!$B$54:$B$256,C24,[1]تیر!$P$54:$P$256,B24) -> 1500000
A25: 22 | B25: متروکوبل | C25: شیرینگ | D25: تولید جهان لنت | E25: 1 | F25: تعمیری | G25: اصلاح | H25: 16510 | J25: 1405/04/11 | K25: 1405/04/11 | L25: =SUMIFS([1]تیر!$AF$54:$AF$256,[1]تیر!$C$54:$C$256,"قطعه تعمیری",[1]تیر!$B$54:$B$256,C25,[1]تیر!$P$54:$P$256,B25) -> 0.5 | M25: تحویل | N25: =SUMIFS([1]تیر!$AR$54:$AR$256,[1]تیر!$C$54:$C$256,"قطعه تعمیری",[1]تیر!$B$54:$B$256,C25,[1]تیر!$P$54:$P$256,B25) -> 375000
A26: 23 | B26: صفحه | C26: ویوینگ | D26: تولید جهان ترمز | E26: 1 | F26: تعمیری | G26: اصلاح | J26: 1405/04/10 | K26: 1405/04/10 | L26: =SUMIFS([1]تیر!$AF$54:$AF$256,[1]تیر!$C$54:$C$256,"قطعه تعمیری",[1]تیر!$B$54:$B$256,C26,[1]تیر!$P$54:$P$256,B26) -> 1 | M26: تحویل | N26: =SUMIFS([1]تیر!$AR$54:$AR$256,[1]تیر!$C$54:$C$256,"قطعه تعمیری",[1]تیر!$B$54:$B$256,C26,[1]تیر!$P$54:$P$256,B26) -> 750000
B27: مجموع | C27: √ | D27: جدید | E27: =SUMIFS(E4:E26,F4:F26,D27,M4:M26,"تحویل") -> 3 | I27: Total | J27: جدید | K27: =SUMIFS(E4:E26,F4:F26,J27) -> 112 | L27: =SUMIFS(L4:L26,F4:F26,J27) -> 107.5 | N27: =SUMIFS(N4:N26,F4:F26,J27) -> 115125000
C28: √ | D28: تعمیری | E28: =SUMIFS(E4:E26,F4:F26,D28,M4:M26,"تحویل") -> 55 | J28: تعمیری | K28: =SUMIFS(E5:E26,F5:F26,J28) -> 55 | L28: =SUMIFS(L5:L27,F5:F27,J28) -> 100 | N28: =SUMIFS(N5:N27,F5:F27,J28) -> 75000000
B29: Total | E29: =E27+E28 -> 58 | K29: =K27+K28 -> 167 | L29: =L27+L28 -> 207.5 | N29: =N27+N28 -> 190125000

Sheet 16
A1: قطعات تعمیری و ساخته شده | M1: Date | N1: 1405
M2: weeks | N2: 16
B3: نام قطعه | C3: دستگاه / قالب | D3: درخواست کننده | E3: تعداد درخواست | F3: نو ع قطعه | G3: علت ساخت / تعمیر | H3: شماره نامه | I3: کد دستگاه | J3: تاریخ شروع | K3: تاریخ تحویل | L3: مقدار نفر ساعت کار شده | M3: عملیات در حال انجام | N3: هزینه ساخت/تعمیر (تومان)
A4: 1 | B4: فیکسچر | C4: پایه پرچ لنت نیسان | D4: تولید ج.لنت | E4: 1 | F4: جدید | G4: خرابی نمونه اولیه | H4: ۰۵/د/۳۱۵۴ | J4: 1404/04/13 | L4: =SUMIFS([1]تیر!$AF$257:$AF$458,[1]تیر!$C$257:$C$458,"قطعه نو",[1]تیر!$B$257:$B$458,C4,[1]تیر!$P$257:$P$458,"*") -> 19 | M4: درحال انجام | N4: =SUMIFS([1]تیر!$AR$257:$AR$458,[1]تیر!$C$257:$C$458,"قطعه نو",[1]تیر!$B$257:$B$458,C4,[1]تیر!$P$257:$P$458,B4) -> 14250000
A5: 2 | B5: تفلن | C5: دستگاه پرس 600 تن | D5: نت | E5: 4 | F5: جدید | G5: راه اتدازی میز پخت | J5: 1405/03/24 | L5: =SUMIFS([1]تیر!$AF$257:$AF$458,[1]تیر!$C$257:$C$458,"قطعه نو",[1]تیر!$B$257:$B$458,C5,[1]تیر!$P$257:$P$458,"*")-3 -> 39 | M5: درحال انجام | N5: =SUMIFS([1]تیر!$AR$257:$AR$458,[1]تیر!$C$257:$C$458,"قطعه نو",[1]تیر!$B$257:$B$458,C5,[1]تیر!$P$257:$P$458,B5) -> 1500000
A6: 3 | B6: دسته | C6: دستگاه سوپر دریل | D6: قالبسازی | E6: 1 | F6: جدید | G6: خرابی نمونه اولیه | J6: 1404/04/13 | K6: 1404/04/13 | L6: =SUMIFS([1]تیر!$AF$257:$AF$458,[1]تیر!$C$257:$C$458,"قطعه نو",[1]تیر!$B$257:$B$458,C6,[1]تیر!$P$257:$P$458,"*") -> 2 | M6: تحویل | N6: =SUMIFS([1]تیر!$AR$257:$AR$458,[1]تیر!$C$257:$C$458,"قطعه نو",[1]تیر!$B$257:$B$458,C6,[1]تیر!$P$257:$P$458,B6) -> 1500000
A7: 4 | B7: Bush | C7: ساب الماسه | D7: جهان لنت | E7: 3 | F7: جدید | G7: در خواست ساخت | H7: 16813 | J7: 1405/04/15 | K7: 1405/04/18 | L7: =SUMIFS([1]تیر!$AF$257:$AF$458,[1]تیر!$C$257:$C$458,"قطعه نو",[1]تیر!$B$257:$B$458,C7,[1]تیر!$P$257:$P$458,"*")+3 -> 6 | M7: درحال انجام | N7: =SUMIFS([1]تیر!$AR$257:$AR$458,[1]تیر!$C$257:$C$458,"قطعه نو",[1]تیر!$B$257:$B$458,C7,[1]تیر!$P$257:$P$458,B7) -> 2250000
A8: 5 | B8: صفحه | C8: سوراخکاری پیلسان | D8: جهان لنت | E8: 1 | F8: جدید | G8: در خواست ساخت | J8: 1405/04/16 | L8: =SUMIFS([1]تیر!$AF$257:$AF$458,[1]تیر!$C$257:$C$458,"قطعه نو",[1]تیر!$B$257:$B$458,C8,[1]تیر!$P$257:$P$458,"*") -> 29.5 | M8: درحال انجام | N8: =SUMIFS([1]تیر!$AR$257:$AR$458,[1]تیر!$C$257:$C$458,"قطعه نو",[1]تیر!$B$257:$B$458,C8,[1]تیر!$P$257:$P$458,B8) -> 1500000
A9: 6 | B9: صفحه | C9: صفحه قالب یدک 700*500*65 | D9: تراشکاری | E9: 1 | F9: جدید | J9: 1405/04/16 | L9: =SUMIFS([1]تیر!$AF$257:$AF$458,[1]تیر!$C$257:$C$458,"قطعه نو",[1]تیر!$B$257:$B$458,C9,[1]تیر!$P$257:$P$458,"*")-5 -> 52 | M9: درحال انجام | N9: =SUMIFS([1]تیر!$AR$257:$AR$458,[1]تیر!$C$257:$C$458,"قطعه نو",[1]تیر!$B$257:$B$458,C9,[1]تیر!$P$257:$P$458,B9) -> 42750000
A10: 7 | B10: Shaft | C10: ویوینگ | D10: جهان ترمز | E10: 1 | F10: جدید | G10: در خواست ساخت | H10: 16811 | I10: 6408 | J10: 1405/04/16 | K10: 1405/04/18 | L10: =SUMIFS([1]تیر!$AF$257:$AF$458,[1]تیر!$C$257:$C$458,"قطعه نو",[1]تیر!$B$257:$B$458,C10,[1]تیر!$P$257:$P$458,"*") -> 20.5 | M10: تحویل | N10: =SUMIFS([1]تیر!$AR$257:$AR$458,[1]تیر!$C$257:$C$458,"قطعه نو",[1]تیر!$B$257:$B$458,C10,[1]تیر!$P$257:$P$458,B10) -> 5625000
A11: 8 | B11: فیکسچر پراید | C11: دریل یزدخواستی کلاچ | D11: جهان ترمز | E11: 1 | F11: جدید | G11: درخواست ساخت | J11: 1405/03/11 | K11: 1405/04/15 | L11: =SUMIFS([1]تیر!$AF$257:$AF$458,[1]تیر!$C$257:$C$458,"قطعه نو",[1]تیر!$B$257:$B$458,C11,[1]تیر!$P$257:$P$458,"*")+5 -> 5 | M11: تحویل | N11: =SUMIFS([1]تیر!$AR$257:$AR$458,[1]تیر!$C$257:$C$458,"قطعه نو",[1]تیر!$B$257:$B$458,C11,[1]تیر!$P$257:$P$458,B11)+6886365 -> 6886365
A12: 9 | B12: فیکسچر | C12: پرچ ریو | D12: جهان لنت | E12: 1 | F12: تعمیری | G12: اصلاح | J12: 1405/04/16 | K12: 1405/04/18 | L12: =SUMIFS([1]تیر!$AF$257:$AF$458,[1]تیر!$C$257:$C$458,"قطعه تعمیری",[1]تیر!$B$257:$B$458,C12,[1]تیر!$P$257:$P$458,"*") -> 22 | M12: تحویل | N12: =SUMIFS([1]تیر!$AR$257:$AR$458,[1]تیر!$C$257:$C$458,"قطعه تعمیری",[1]تیر!$B$257:$B$458,C12,[1]تیر!$P$257:$P$458,"*") -> 16500000
A13: 10 | B13: تخته لنت | C13: تخته لنت صنعتی | D13: جهان لنت | E13: 1 | F13: تعمیری | G13: سوراخکاری | J13: 1405/04/06 | K13: 1404/04/13 | L13: =SUMIFS([1]تیر!$AF$257:$AF$458,[1]تیر!$C$257:$C$458,"قطعه تعمیری",[1]تیر!$B$257:$B$458,C13,[1]تیر!$P$257:$P$458,"*") -> 1.5 | M13: تحویل | N13: =SUMIFS([1]تیر!$AR$257:$AR$458,[1]تیر!$C$257:$C$458,"قطعه تعمیری",[1]تیر!$B$257:$B$458,C13,[1]تیر!$P$257:$P$458,"*") -> 1125000
A14: 11 | B14: تیغه | C14: دستگاه برش جمعی | D14: جهان لنت | E14: 2 | F14: تعمیری | G14: اصلاح | H14: 16750 | I14: 3001 | J14: 1405/04/17 | K14: 1405/04/17 | L14: =SUMIFS([1]تیر!$AF$257:$AF$458,[1]تیر!$C$257:$C$458,"قطعه تعمیری",[1]تیر!$B$257:$B$458,C14,[1]تیر!$P$257:$P$458,"*") -> 2 | M14: تحویل | N14: =SUMIFS([1]تیر!$AR$257:$AR$458,[1]تیر!$C$257:$C$458,"قطعه تعمیری",[1]تیر!$B$257:$B$458,C14,[1]تیر!$P$257:$P$458,"*") -> 1500000
A15: 12 | B15: طبقه | C15: دستگاه پرس پخت | D15: جهان لنت | E15: 1 | F15: تعمیری | G15: اصلاح | J15: 1404/04/13 | L15: =SUMIFS([1]تیر!$AF$257:$AF$458,[1]تیر!$C$257:$C$458,"قطعه تعمیری",[1]تیر!$B$257:$B$458,C15,[1]تیر!$P$257:$P$458,"*") -> 36.333333 | M15: درحال انجام | N15: =SUMIFS([1]تیر!$AR$257:$AR$458,[1]تیر!$C$257:$C$458,"قطعه تعمیری",[1]تیر!$B$257:$B$458,C15,[1]تیر!$P$257:$P$458,"*") -> 27250000
A16: 13 | B16: شانه | C16: دستگاه پشم فلز | D16: جهان لنت | E16: 20 | F16: تعمیری | G16: اصلاح | J16: 1404/04/13 | L16: =SUMIFS([1]تیر!$AF$257:$AF$458,[1]تیر!$C$257:$C$458,"قطعه تعمیری",[1]تیر!$B$257:$B$458,C16,[1]تیر!$P$257:$P$458,"*") -> 135 | M16: درحال انجام | N16: =SUMIFS([1]تیر!$AR$257:$AR$458,[1]تیر!$C$257:$C$458,"قطعه تعمیری",[1]تیر!$B$257:$B$458,C16,[1]تیر!$P$257:$P$458,"*") -> 101250000
A17: 14 | B17: Shaft | C17: ساب الماسه | D17: جهان لنت | E17: 1 | F17: تعمیری | G17: اصلاح | H17: 16814 | J17: 1404/04/13 | K17: 1404/04/14 | L17: =SUMIFS([1]تیر!$AF$257:$AF$458,[1]تیر!$C$257:$C$458,"قطعه تعمیری",[1]تیر!$B$257:$B$458,C17,[1]تیر!$P$257:$P$458,B17) -> 3 | M17: تحویل | N17: =SUMIFS([1]تیر!$AR$257:$AR$458,[1]تیر!$C$257:$C$458,"قطعه تعمیری",[1]تیر!$B$257:$B$458,C17,[1]تیر!$P$257:$P$458,B17) -> 2250000
A18: 15 | B18: پیچ | C18: ساب الماسه | D18: جهان لنت | E18: 3 | F18: تعمیری | G18: اصلاح | H18: 16813 | J18: 1404/04/13 | K18: 1404/04/13 | L18: =SUMIFS([1]تیر!$AF$257:$AF$458,[1]تیر!$C$257:$C$458,"قطعه تعمیری",[1]تیر!$B$257:$B$458,C18,[1]تیر!$P$257:$P$458,B18) -> 1 | M18: تحویل | N18: =SUMIFS([1]تیر!$AR$257:$AR$458,[1]تیر!$C$257:$C$458,"قطعه تعمیری",[1]تیر!$B$257:$B$458,C18,[1]تیر!$P$257:$P$458,B18) -> 750000
A19: 16 | B19: Shaft | C19: ساب داخل | D19: جهان لنت | E19: 1 | F19: تعمیری | G19: اصلاح | H19: 16864 | J19: 1405/04/18 | L19: =SUMIFS([1]تیر!$AF$257:$AF$458,[1]تیر!$C$257:$C$458,"قطعه تعمیری",[1]تیر!$B$257:$B$458,C19,[1]تیر!$P$257:$P$458,B19) -> 2 | M19: درحال انجام | N19: =SUMIFS([1]تیر!$AR$257:$AR$458,[1]تیر!$C$257:$C$458,"قطعه تعمیری",[1]تیر!$B$257:$B$458,C19,[1]تیر!$P$257:$P$458,"*") -> 1500000
A20: 17 | B20: مسی | C20: سری نقطه جوش | D20: پرس | E20: 8 | F20: تعمیری | G20: اصلاح | J20: 1405/04/16 | K20: 1405/04/16 | L20: =SUMIFS([1]تیر!$AF$257:$AF$458,[1]تیر!$C$257:$C$458,"قطعه تعمیری",[1]تیر!$B$257:$B$458,C20,[1]تیر!$P$257:$P$458,B20) -> 2 | M20: تحویل | N20: =SUMIFS([1]تیر!$AR$257:$AR$458,[1]تیر!$C$257:$C$458,"قطعه تعمیری",[1]تیر!$B$257:$B$458,C20,[1]تیر!$P$257:$P$458,"*") -> 1500000
A21: 18 | B21: فلانچ | C21: قالب خشاب زنی | D21: جهان ترمز | E21: 1 | F21: تعمیری | G21: تراش | J21: 1405/04/18 | K21: 1405/04/18 | L21: =SUMIFS([1]تیر!$AF$257:$AF$458,[1]تیر!$C$257:$C$458,"قطعه تعمیری",[1]تیر!$B$257:$B$458,C21,[1]تیر!$P$257:$P$458,B21) -> 1 | M21: تحویل | N21: =SUMIFS([1]تیر!$AR$257:$AR$458,[1]تیر!$C$257:$C$458,"قطعه تعمیری",[1]تیر!$B$257:$B$458,C21,[1]تیر!$P$257:$P$458,"*") -> 750000
A22: 19 | B22: Bush | C22: لیفتراک | D22: ت.خودرو | E22: 1 | F22: تعمیری | G22: تراش | J22: 1405/04/16 | K22: 1405/04/16 | L22: =SUMIFS([1]تیر!$AF$257:$AF$458,[1]تیر!$C$257:$C$458,"قطعه تعمیری",[1]تیر!$B$257:$B$458,C22,[1]تیر!$P$257:$P$458,B22) -> 2 | M22: تحویل | N22: =SUMIFS([1]تیر!$AR$257:$AR$458,[1]تیر!$C$257:$C$458,"قطعه تعمیری",[1]تیر!$B$257:$B$458,C22,[1]تیر!$P$257:$P$458,B22) -> 1500000
A23: 20 | B23: Shaft | C23: لیفتراک | D23: ت.خودرو | E23: 3 | F23: تعمیری | G23: فرزکاری | J23: 1405/04/18 | K23: 1405/04/18 | L23: =SUMIFS([1]تیر!$AF$257:$AF$458,[1]تیر!$C$257:$C$458,"قطعه تعمیری",[1]تیر!$B$257:$B$458,C23,[1]تیر!$P$257:$P$458,B23) -> 3 | M23: تحویل | N23: =SUMIFS([1]تیر!$AR$257:$AR$458,[1]تیر!$C$257:$C$458,"قطعه تعمیری",[1]تیر!$B$257:$B$458,C23,[1]تیر!$P$257:$P$458,"*") -> 3750000
A24: 21 | B24: Shaft | C24: موتور | D24: نت | E24: 1 | F24: تعمیری | G24: اصلاح | H24: 15999 | J24: 1405/04/13 | K24: 1405/04/13 | L24: =SUMIFS([1]تیر!$AF$257:$AF$458,[1]تیر!$C$257:$C$458,"قطعه تعمیری",[1]تیر!$B$257:$B$458,C24,[1]تیر!$P$257:$P$458,B24) -> 1 | M24: تحویل | N24: =SUMIFS([1]تیر!$AR$257:$AR$458,[1]تیر!$C$257:$C$458,"قطعه تعمیری",[1]تیر!$B$257:$B$458,C24,[1]تیر!$P$257:$P$458,"*") -> 750000
A25: 22 | B25: Shaft | C25: همزن مواد | D25: جهان ترمز | E25: 1 | F25: تعمیری | G25: اصلاح | H25: 16809 | J25: 1405/04/14 | K25: 1405/04/14 | L25: =SUMIFS([1]تیر!$AF$257:$AF$458,[1]تیر!$C$257:$C$458,"قطعه تعمیری",[1]تیر!$B$257:$B$458,C25,[1]تیر!$P$257:$P$458,B25) -> 2 | M25: تحویل | N25: =SUMIFS([1]تیر!$AR$257:$AR$458,[1]تیر!$C$257:$C$458,"قطعه تعمیری",[1]تیر!$B$257:$B$458,C25,[1]تیر!$P$257:$P$458,"*") -> 1500000
A26: 23 | B26: لنگری | C26: ویوینگ | D26: جهان ترمز | E26: 1 | F26: تعمیری | G26: اصلاح | H26: 16810 | J26: 1405/04/14 | K26: 1405/04/15 | L26: =SUMIFS([1]تیر!$AF$257:$AF$458,[1]تیر!$C$257:$C$458,"قطعه تعمیری",[1]تیر!$B$257:$B$458,C26,[1]تیر!$P$257:$P$458,"*") -> 5 | M26: تحویل | N26: =SUMIFS([1]تیر!$AR$257:$AR$458,[1]تیر!$C$257:$C$458,"قطعه تعمیری",[1]تیر!$B$257:$B$458,C26,[1]تیر!$P$257:$P$458,"*") -> 3750000
B27: مجموع | C27: √ | D27: جدید | E27: =SUMIFS(E4:E26,F4:F26,D27,M4:M26,"تحویل") -> 3 | I27: Total | J27: جدید | K27: =SUMIFS(E4:E26,F4:F26,J27) -> 13 | L27: =SUMIFS(L4:L26,F4:F26,J27) -> 173 | N27: =SUMIFS(N4:N26,F4:F26,J27) -> 76261365
C28: √ | D28: تعمیری | E28: =SUMIFS(E4:E26,F4:F26,D28,M4:M26,"تحویل") -> 24 | J28: تعمیری | K28: =SUMIFS(E5:E26,F5:F26,J28) -> 46 | L28: =SUMIFS(L5:L27,F5:F27,J28) -> 218.83333 | N28: =SUMIFS(N5:N27,F5:F27,J28) -> 165625000
B29: Total | E29: =E27+E28 -> 27 | K29: =K27+K28 -> 59 | L29: =L27+L28 -> 391.83333 | N29: =N27+N28 -> 241886365

Sheet 17
A1: قطعات تعمیری و ساخته شده | M1: Date | N1: 1405
M2: weeks | N2: 17
B3: نام قطعه | C3: دستگاه / قالب | D3: درخواست کننده | E3: تعداد درخواست | F3: نو ع قطعه | G3: علت ساخت / تعمیر | H3: شماره نامه | I3: کد دستگاه | J3: تاریخ شروع | K3: تاریخ تحویل | L3: مقدار نفر ساعت کار شده | M3: عملیات در حال انجام | N3: هزینه ساخت/تعمیر (تومان)
A4: 1 | B4: صفحه | C4: صفحه قالب یدک 700*500*65 | D4: تراشکاری | E4: 1 | F4: جدید | J4: 1405/04/16 | L4: =SUMIFS([1]تیر!$AF$459:$AF$633,[1]تیر!$C$459:$C$633,"قطعه نو",[1]تیر!$B$459:$B$633,C4,[1]تیر!$P$459:$P$633,"*") -> 21.166667 | M4: درحال انجام | N4: =SUMIFS([1]تیر!$AR$459:$AR$633,[1]تیر!$C$459:$C$633,"قطعه نو",[1]تیر!$B$459:$B$633,C4,[1]تیر!$P$459:$P$633,B4) -> 15875000
A5: 2 | B5: تفلن | C5: دستگاه پرس 600 تن | D5: نت | E5: 4 | F5: جدید | G5: راه اتدازی میز پخت | J5: 1405/03/24 | L5: =SUMIFS([1]تیر!$AF$459:$AF$633,[1]تیر!$C$459:$C$633,"قطعه نو",[1]تیر!$B$459:$B$633,C5,[1]تیر!$P$459:$P$633,"*") -> 6 | M5: درحال انجام | N5: =SUMIFS([1]تیر!$AR$459:$AR$633,[1]تیر!$C$459:$C$633,"قطعه نو",[1]تیر!$B$459:$B$633,C5,[1]تیر!$P$459:$P$633,B5) -> 1500000
A6: 3 | B6: mini Shaft | C6: ویوینگ | D6: جهان ترمز | E6: 1 | F6: جدید | G6: در خواست ساخت | H6: 16823 | I6: 6408 | J6: 1405/04/23 | K6: 1405/04/23 | L6: =SUMIFS([1]تیر!$AF$459:$AF$633,[1]تیر!$C$459:$C$633,"قطعه نو",[1]تیر!$B$459:$B$633,C6,[1]تیر!$P$459:$P$633,$B$6) -> 1 | M6: تحویل | N6: =SUMIFS([1]تیر!$AR$459:$AR$633,[1]تیر!$C$459:$C$633,"قطعه نو",[1]تیر!$B$459:$B$633,C6,[1]تیر!$P$459:$P$633,B6) -> 750000
A7: 4 | B7: فیکسچر پراید | C7: دریل یزدخواستی کلاچ | D7: جهان ترمز | E7: 1 | F7: جدید | G7: درخواست ساخت | J7: 1405/03/11 | L7: =SUMIFS([1]تیر!$AF$459:$AF$633,[1]تیر!$C$459:$C$633,"قطعه نو",[1]تیر!$B$459:$B$633,C7,[1]تیر!$P$459:$P$633,"*") -> 5.5 | M7: درحال انجام | N7: =SUMIFS([1]تیر!$AR$459:$AR$633,[1]تیر!$C$459:$C$633,"قطعه نو",[1]تیر!$B$459:$B$633,C7,[1]تیر!$P$459:$P$633,"*") -> 8250000
A8: 5 | B8: مهره | C8: دستگاه پرس پخت | D8: جهان لنت | E8: 1 | F8: جدید | G8: درخواست ساخت | J8: 1405/04/21 | K8: 1405/04/21 | L8: =SUMIFS([1]تیر!$AF$459:$AF$633,[1]تیر!$C$459:$C$633,"قطعه نو",[1]تیر!$B$459:$B$633,C8,[1]تیر!$P$459:$P$633,"*") -> 2 | M8: تحویل | N8: =SUMIFS([1]تیر!$AR$459:$AR$633,[1]تیر!$C$459:$C$633,"قطعه نو",[1]تیر!$B$459:$B$633,C8,[1]تیر!$P$459:$P$633,B8) -> 1500000
A9: 6 | B9: Bush | C9: ویوینگ | D9: جهان ترمز | E9: 1 | F9: جدید | G9: در خواست ساخت | H9: 16823 | I9: 6408 | J9: 1405/04/23 | K9: 1405/04/23 | L9: =SUMIFS([1]تیر!$AF$459:$AF$633,[1]تیر!$C$459:$C$633,"قطعه نو",[1]تیر!$B$459:$B$633,C9,[1]تیر!$P$459:$P$633,B9) -> 7.5 | M9: تحویل | N9: =SUMIFS([1]تیر!$AR$459:$AR$633,[1]تیر!$C$459:$C$633,"قطعه نو",[1]تیر!$B$459:$B$633,C9,[1]تیر!$P$459:$P$633,B9) -> 5625000
A10: 7 | B10: PIN | C10: ویوینگ | D10: جهان ترمز | E10: 1 | F10: جدید | G10: در خواست ساخت | H10: 16835 | I10: 6403 | J10: 1405/04/23 | K10: 1405/04/23 | L10: =SUMIFS([1]تیر!$AF$459:$AF$633,[1]تیر!$C$459:$C$633,"قطعه نو",[1]تیر!$B$459:$B$633,C10,[1]تیر!$P$459:$P$633,B10) -> 2 | M10: تحویل | N10: =SUMIFS([1]تیر!$AR$459:$AR$633,[1]تیر!$C$459:$C$633,"قطعه نو",[1]تیر!$B$459:$B$633,C10,[1]تیر!$P$459:$P$633,B10) -> 1500000
A11: 8 | B11: Big Shaft | C11: ویوینگ | D11: جهان ترمز | E11: 1 | F11: جدید | G11: در خواست ساخت | H11: 16824 | J11: 1405/04/23 | K11: 1405/04/23 | L11: =SUMIFS([1]تیر!$AF$459:$AF$633,[1]تیر!$C$459:$C$633,"قطعه نو",[1]تیر!$B$459:$B$633,C11,[1]تیر!$P$459:$P$633,B11) -> 1.5 | M11: تحویل | N11: =SUMIFS([1]تیر!$AR$459:$AR$633,[1]تیر!$C$459:$C$633,"قطعه نو",[1]تیر!$B$459:$B$633,C11,[1]تیر!$P$459:$P$633,B11) -> 1125000
A12: 9 | B12: صفحه | C12: ابزار زنی | D12: جهان لنت | E12: 1 | F12: تعمیری | G12: درخواست اصلاح | J12: 1405/04/22 | K12: 1405/04/23 | L12: =SUMIFS([1]تیر!$AF$459:$AF$633,[1]تیر!$C$459:$C$633,"قطعه تعمیری",[1]تیر!$B$459:$B$633,C12,[1]تیر!$P$459:$P$633,"*") -> 11 | M12: تحویل | N12: =SUMIFS([1]تیر!$AR$459:$AR$633,[1]تیر!$C$459:$C$633,"قطعه تعمیری",[1]تیر!$B$459:$B$633,C12,[1]تیر!$P$459:$P$633,"*") -> 8250000
A13: 10 | B13: پوسته یاتاقان | C13: آسیاب پشم فلز | D13: پودر فلز | E13: 1 | F13: تعمیری | G13: اصلاح | H13: 16816 | J13: 1405/04/20 | K13: 1405/04/21 | L13: =SUMIFS([1]تیر!$AF$459:$AF$633,[1]تیر!$C$459:$C$633,"قطعه تعمیری",[1]تیر!$B$459:$B$633,C13,[1]تیر!$P$459:$P$633,B13) -> 5.5 | M13: تحویل | N13: =SUMIFS([1]تیر!$AR$459:$AR$633,[1]تیر!$C$459:$C$633,"قطعه تعمیری",[1]تیر!$B$459:$B$633,C13,[1]تیر!$P$459:$P$633,B13) -> 4125000
A14: 11 | B14: پیستون تفلنی | C14: اهرم زنی | D14: جهان لنت | E14: 1 | F14: تعمیری | G14: اصلاح | H14: 16822 | J14: 1405/04/22 | L14: =SUMIFS([1]تیر!$AF$459:$AF$633,[1]تیر!$C$459:$C$633,"قطعه تعمیری",[1]تیر!$B$459:$B$633,C14,[1]تیر!$P$459:$P$633,B14) -> 2 | M14: درحال انجام | N14: =SUMIFS([1]تیر!$AR$459:$AR$633,[1]تیر!$C$459:$C$633,"قطعه تعمیری",[1]تیر!$B$459:$B$633,C14,[1]تیر!$P$459:$P$633,B14) -> 1500000
A15: 12 | B15: تیغه | C15: برش دستی | D15: جهان لنت | E15: 1 | F15: تعمیری | G15: اصلاح | H15: 16960 | I15: 3201 | J15: 1405/04/23 | K15: 1405/04/23 | L15: =SUMIFS([1]تیر!$AF$459:$AF$633,[1]تیر!$C$459:$C$633,"قطعه تعمیری",[1]تیر!$B$459:$B$633,C15,[1]تیر!$P$459:$P$633,B15) -> 3 | M15: تحویل | N15: =SUMIFS([1]تیر!$AR$459:$AR$633,[1]تیر!$C$459:$C$633,"قطعه تعمیری",[1]تیر!$B$459:$B$633,C15,[1]تیر!$P$459:$P$633,B15) -> 2250000
A16: 13 | B16: طبقه | C16: دستگاه پرس پخت | D16: جهان لنت | E16: 1 | F16: تعمیری | G16: اصلاح | J16: 1405/04/20 | K16: 1405/04/20 | L16: =SUMIFS([1]تیر!$AF$459:$AF$633,[1]تیر!$C$459:$C$633,"قطعه تعمیری",[1]تیر!$B$459:$B$633,C16,[1]تیر!$P$459:$P$633,B16) -> 2.5 | M16: تحویل | N16: =SUMIFS([1]تیر!$AR$459:$AR$633,[1]تیر!$C$459:$C$633,"قطعه تعمیری",[1]تیر!$B$459:$B$633,C16,[1]تیر!$P$459:$P$633,B16) -> 1875000
A17: 14 | B17: Shaft | C17: دستگاه پرس پخت | D17: جهان لنت | E17: 1 | F17: تعمیری | G17: اصلاح جا بلبرینگ موتور | H17: 16893 | J17: 1405/04/20 | K17: 1405/04/21 | L17: =SUMIFS([1]تیر!$AF$459:$AF$633,[1]تیر!$C$459:$C$633,"قطعه تعمیری",[1]تیر!$B$459:$B$633,C17,[1]تیر!$P$459:$P$633,B17) -> 4 | M17: NC برون سپاری | N17: =SUMIFS([1]تیر!$AR$459:$AR$633,[1]تیر!$C$459:$C$633,"قطعه تعمیری",[1]تیر!$B$459:$B$633,C17,[1]تیر!$P$459:$P$633,B17) -> 3000000
A18: 15 | B18: سرجک | C18: دستگاه پرس پخت | D18: جهان لنت | E18: 1 | F18: تعمیری | G18: اصلاح | H18: 16834 | I18: 2062 | J18: 1405/04/21 | K18: 1405/04/22 | L18: =SUMIFS([1]تیر!$AF$459:$AF$633,[1]تیر!$C$459:$C$633,"قطعه تعمیری",[1]تیر!$B$459:$B$633,C18,[1]تیر!$P$459:$P$633,B18) -> 4 | M18: تحویل | N18: =SUMIFS([1]تیر!$AR$459:$AR$633,[1]تیر!$C$459:$C$633,"قطعه تعمیری",[1]تیر!$B$459:$B$633,C18,[1]تیر!$P$459:$P$633,B18) -> 3000000
A19: 16 | B19: واسطه | C19: دستگاه پشم فلز | D19: پودر فلز | E19: 1 | F19: تعمیری | G19: اصلاح | J19: 1405/04/23 | L19: =SUMIFS([1]تیر!$AF$459:$AF$633,[1]تیر!$C$459:$C$633,"قطعه تعمیری",[1]تیر!$B$459:$B$633,C19,[1]تیر!$P$459:$P$633,B19) -> 1 | M19: درحال انجام | N19: =SUMIFS([1]تیر!$AR$459:$AR$633,[1]تیر!$C$459:$C$633,"قطعه تعمیری",[1]تیر!$B$459:$B$633,C19,[1]تیر!$P$459:$P$633,B19) -> 750000
A20: 17 | B20: رنده | C20: دستگاه پشم فلز | D20: پودر فلز | E20: 8 | F20: تعمیری | G20: اصلاح | J20: 1405/04/20 | K20: 1405/04/26 | L20: =SUMIFS([1]تیر!$AF$459:$AF$633,[1]تیر!$C$459:$C$633,"قطعه تعمیری",[1]تیر!$B$459:$B$633,C20,[1]تیر!$P$459:$P$633,"*") -> 39 | M20: تحویل | N20: =SUMIFS([1]تیر!$AR$459:$AR$633,[1]تیر!$C$459:$C$633,"قطعه تعمیری",[1]تیر!$B$459:$B$633,C20,[1]تیر!$P$459:$P$633,"*") -> 29250000
A21: 18 | B21: میز | C21: دستگاه ساب سمباده ای | D21: جهان ترمز | E21: 1 | F21: تعمیری | G21: تابیدگی | H21: 16820 | I21: 2905 | J21: 1405/04/23 | K21: 1405/04/23 | L21: =SUMIFS([1]تیر!$AF$459:$AF$633,[1]تیر!$C$459:$C$633,"قطعه تعمیری",[1]تیر!$B$459:$B$633,C21,[1]تیر!$P$459:$P$633,B21) -> 11 | M21: تحویل | N21: =SUMIFS([1]تیر!$AR$459:$AR$633,[1]تیر!$C$459:$C$633,"قطعه تعمیری",[1]تیر!$B$459:$B$633,C21,[1]تیر!$P$459:$P$633,B21) -> 8250000
A22: 19 | B22: مسی | C22: سری نقطه جوش | D22: جهان لنت | E22: 16 | F22: تعمیری | G22: اصلاح | J22: 1405/04/23 | K22: 1405/04/24 | L22: =SUMIFS([1]تیر!$AF$459:$AF$633,[1]تیر!$C$459:$C$633,"قطعه تعمیری",[1]تیر!$B$459:$B$633,C22,[1]تیر!$P$459:$P$633,B22) -> 6.5 | M22: تحویل | N22: =SUMIFS([1]تیر!$AR$459:$AR$633,[1]تیر!$C$459:$C$633,"قطعه تعمیری",[1]تیر!$B$459:$B$633,C22,[1]تیر!$P$459:$P$633,B22) -> 4875000
A23: 20 | B23: سوپاپ | C23: سوپاپ کلاچ | D23: جهان ترمز | E23: 50 | F23: تعمیری | G23: اصلاح | J23: 1405/04/20 | K23: 1405/04/20 | L23: =SUMIFS([1]تیر!$AF$459:$AF$633,[1]تیر!$C$459:$C$633,"قطعه تعمیری",[1]تیر!$B$459:$B$633,C23,[1]تیر!$P$459:$P$633,B23) -> 2 | M23: تحویل | N23: =SUMIFS([1]تیر!$AR$459:$AR$633,[1]تیر!$C$459:$C$633,"قطعه تعمیری",[1]تیر!$B$459:$B$633,C23,[1]تیر!$P$459:$P$633,B23) -> 1500000
A24: 21 | B24: قطعه | C24: قطعه کار سلمانی | D24: سلمانی / درآمد | E24: 4 | F24: تعمیری | G24: سوراخکاری | J24: 1405/04/21 | K24: 1405/04/22 | L24: =SUMIFS([1]تیر!$AF$459:$AF$633,[1]تیر!$C$459:$C$633,"قطعه تعمیری",[1]تیر!$B$459:$B$633,C24,[1]تیر!$P$459:$P$633,B24) -> 12 | M24: تحویل | N24: =SUMIFS([1]تیر!$AR$459:$AR$633,[1]تیر!$C$459:$C$633,"قطعه تعمیری",[1]تیر!$B$459:$B$633,C24,[1]تیر!$P$459:$P$633,B24) -> 9000000
A25: 22 | B25: Bush | C25: ویوینگ | D25: جهان ترمز | E25: 1 | F25: تعمیری | G25: اصلاح | J25: 1405/04/23 | K25: 1405/04/23 | L25: =SUMIFS([1]تیر!$AF$459:$AF$633,[1]تیر!$C$459:$C$633,"قطعه تعمیری",[1]تیر!$B$459:$B$633,C25,[1]تیر!$P$459:$P$633,B25) -> 2 | M25: تحویل | N25: =SUMIFS([1]تیر!$AR$459:$AR$633,[1]تیر!$C$459:$C$633,"قطعه تعمیری",[1]تیر!$B$459:$B$633,C25,[1]تیر!$P$459:$P$633,B25) -> 1500000
A26: 23 | B26: نافی | C26: ویوینگ | D26: جهان ترمز | E26: 1 | F26: تعمیری | G26: اصلاح | J26: 1405/04/24 | K26: 1405/04/25 | L26: =SUMIFS([1]تیر!$AF$459:$AF$633,[1]تیر!$C$459:$C$633,"قطعه تعمیری",[1]تیر!$B$459:$B$633,C26,[1]تیر!$P$459:$P$633,B26) -> 12.5 | M26: تحویل | N26: =SUMIFS([1]تیر!$AR$459:$AR$633,[1]تیر!$C$459:$C$633,"قطعه تعمیری",[1]تیر!$B$459:$B$633,C26,[1]تیر!$P$459:$P$633,B26) -> 9375000
B27: تحولی | C27: √ | D27: جدید | E27: =SUMIFS(E4:E26,F4:F26,D27,M4:M26,"تحویل") -> 5 | I27: Total | J27: جدید | K27: =SUMIFS(E4:E26,F4:F26,J27) -> 11 | L27: =SUMIFS(L4:L26,F4:F26,J27) -> 46.666667 | N27: =SUMIFS(N4:N26,F4:F26,J27) -> 36125000
C28: √ | D28: تعمیری | E28: =SUMIFS(E4:E26,F4:F26,D28,M4:M26,"تحویل") -> 86 | J28: تعمیری | K28: =SUMIFS(E5:E26,F5:F26,J28) -> 89 | L28: =SUMIFS(L5:L27,F5:F27,J28) -> 118 | N28: =SUMIFS(N5:N27,F5:F27,J28) -> 88500000
B29: Total | E29: =E27+E28 -> 91 | K29: =K27+K28 -> 100 | L29: =L27+L28 -> 164.66667 | N29: =N27+N28 -> 124625000

Sheet 18
A1: قطعات تعمیری و ساخته شده | M1: Date | N1: 1405
M2: weeks | N2: 18
B3: نام قطعه | C3: دستگاه / قالب | D3: درخواست کننده | E3: تعداد درخواست | F3: نو ع قطعه | G3: علت ساخت / تعمیر | H3: شماره نامه | I3: کد دستگاه | J3: تاریخ شروع | K3: تاریخ تحویل | L3: مقدار نفر ساعت کار شده | M3: عملیات در حال انجام | N3: هزینه ساخت/تعمیر (تومان)
A4: 1 | B4: فیکسچر پراید | C4: دریل یزدخواستی کلاچ | D4: جهان ترمز | E4: 1 | F4: جدید | G4: درخواست ساخت | J4: 1405/03/11 | L4: =SUMIFS([1]تیر!$AF$633:$AF$800,[1]تیر!$C$633:$C$800,"قطعه نو",[1]تیر!$B$633:$B$800,C4,[1]تیر!$P$633:$P$800,"*")+1 -> 16.5 | M4: درحال انجام | N4: =SUMIFS([1]تیر!$AR$633:$AR$800,[1]تیر!$C$633:$C$800,"قطعه نو",[1]تیر!$B$633:$B$800,C4,[1]تیر!$P$633:$P$800,B4)+(L4*750000) -> 12375000
A5: 2 | B5: پیتسوله | C5: دستگاه پرس پخت | D5: جهان لنت | E5: 5 | F5: جدید | G5: درخواست ساخت | J5: 1405/04/30 | L5: =SUMIFS([1]تیر!$AF$633:$AF$800,[1]تیر!$C$633:$C$800,"قطعه نو",[1]تیر!$B$633:$B$800,C5,[1]تیر!$P$633:$P$800,"*") -> 4 | M5: درحال انجام | N5: =SUMIFS([1]تیر!$AR$633:$AR$800,[1]تیر!$C$633:$C$800,"قطعه نو",[1]تیر!$B$633:$B$800,C5,[1]تیر!$P$633:$P$800,B5) -> 3000000
A6: 3 | B6: روبند | C6: Hammer Mill Machine | D6: پودر فلز | E6: 7 | F6: جدید | G6: درخواست ساخت | J6: 1405/04/30 | L6: =SUMIFS([1]تیر!$AF$633:$AF$800,[1]تیر!$C$633:$C$800,"قطعه نو",[1]تیر!$B$633:$B$800,C6,[1]تیر!$P$633:$P$800,"*")+7.5 -> 46.5 | M6: درحال انجام | N6: =SUMIFS([1]تیر!$AR$633:$AR$800,[1]تیر!$C$633:$C$800,"قطعه نو",[1]تیر!$B$633:$B$800,C6,[1]تیر!$P$633:$P$800,B6)+(L6*750000) -> 34875000
A7: 4 | B7: فیکسچر | C7: پایه پرچ لنت نیسان | D7: جهان لنت | E7: 1 | F7: جدید | G7: درخواست ساخت | H7: ۰۵/د/۳۱۵۴ | J7: 1404/04/13 | L7: =SUMIFS([1]تیر!$AF$633:$AF$800,[1]تیر!$C$633:$C$800,"قطعه نو",[1]تیر!$B$633:$B$800,C7,[1]تیر!$P$633:$P$800,"*") -> 2 | M7: درحال انجام | N7: =SUMIFS([1]تیر!$AR$633:$AR$800,[1]تیر!$C$633:$C$800,"قطعه نو",[1]تیر!$B$633:$B$800,C7,[1]تیر!$P$633:$P$800,B7)+(L7*750000) -> 1500000
A8: 5 | B8: کوبلینگ | C8: دستگاه پشم فلز آلمانی | D8: پودر فلز | E8: 1 | F8: جدید | G8: درخواست ساخت | J8: 1405/04/28 | K8: 1405/04/28 | L8: =SUMIFS([1]تیر!$AF$633:$AF$800,[1]تیر!$C$633:$C$800,"قطعه نو",[1]تیر!$B$633:$B$800,C8,[1]تیر!$P$633:$P$800,"*") -> 3 | M8: تحویل | N8: =SUMIFS([1]تیر!$AR$633:$AR$800,[1]تیر!$C$633:$C$800,"قطعه نو",[1]تیر!$B$633:$B$800,C8,[1]تیر!$P$633:$P$800,B8)+(2*750000) -> 2250000
A9: 6 | B9: دسته | C9: دسته پران لنت | D9: جهان ترمز | E9: 2 | F9: جدید | G9: درخواست ساخت | J9: 1405/04/27 | K9: 1405/04/27 | L9: =SUMIFS([1]تیر!$AF$633:$AF$800,[1]تیر!$C$633:$C$800,"قطعه نو",[1]تیر!$B$633:$B$800,C9,[1]تیر!$P$633:$P$800,"*") -> 4 | M9: تحویل | N9: =SUMIFS([1]تیر!$AR$633:$AR$800,[1]تیر!$C$633:$C$800,"قطعه نو",[1]تیر!$B$633:$B$800,C9,[1]تیر!$P$633:$P$800,B9) -> 3000000
A10: 7 | B10: Mandrel | C10: سوراخکاری پیلسان | D10: پرس | E10: 1 | F10: جدید | G10: درخواست ساخت | J10: 1405/04/31 | L10: =SUMIFS([1]تیر!$AF$633:$AF$800,[1]تیر!$C$633:$C$800,"قطعه نو",[1]تیر!$B$633:$B$800,C10,[1]تیر!$P$633:$P$800,"*") -> 2 | M10: درحال انجام | N10: =SUMIFS([1]تیر!$AR$633:$AR$800,[1]تیر!$C$633:$C$800,"قطعه نو",[1]تیر!$B$633:$B$800,C10,[1]تیر!$P$633:$P$800,B10) -> 3000000
A11: 8 | B11: کوبلینگ | C11: Hammer Mill Machine | D11: پودر فلز | E11: 2 | F11: تعمیری | G11: اصلاح | H11: 16837 | J11: 1405/04/27 | K11: 1405/05/01 | L11: =SUMIFS([1]تیر!$AF$633:$AF$800,[1]تیر!$C$633:$C$800,"قطعه تعمیری",[1]تیر!$B$633:$B$800,C11,[1]تیر!$P$633:$P$800,"*")+8 -> 30.5 | M11: تحویل | N11: =SUMIFS([1]تیر!$AR$633:$AR$800,[1]تیر!$C$633:$C$800,"قطعه نو",[1]تیر!$B$633:$B$800,C11,[1]تیر!$P$633:$P$800,B11)+(L12*750000) -> 10500000
A12: 9 | B12: فیوز | C12: دستگاه پرس پخت | D12: جهان لنت | E12: 8 | F12: تعمیری | G12: اصلاح | J12: 1405/04/27 | L12: =SUMIFS([1]تیر!$AF$633:$AF$800,[1]تیر!$C$633:$C$800,"قطعه تعمیری",[1]تیر!$B$633:$B$800,C12,[1]تیر!$P$633:$P$800,B12)+4 -> 14 | M12: درحال انجام | N12: =SUMIFS([1]تیر!$AR$633:$AR$800,[1]تیر!$C$633:$C$800,"قطعه تعمیری",[1]تیر!$B$633:$B$800,C12,[1]تیر!$P$633:$P$800,B12) -> 7500000
A13: 10 | B13: نگهدارنده U | C13: دستگاه پشم فلز | D13: پودر فلز | E13: 1 | F13: تعمیری | G13: اصلاح | J13: 1405/04/31 | K13: 1405/05/01 | L13: =SUMIFS([1]تیر!$AF$633:$AF$800,[1]تیر!$C$633:$C$800,"قطعه تعمیری",[1]تیر!$B$633:$B$800,C13,[1]تیر!$P$633:$P$800,"*")+2 -> 7.75 | M13: تحویل | N13: =SUMIFS([1]تیر!$AR$633:$AR$800,[1]تیر!$C$633:$C$800,"قطعه تعمیری",[1]تیر!$B$633:$B$800,C13,[1]تیر!$P$633:$P$800,B13)+(L13*750000) -> 5812500
A14: 11 | B14: کوبلینگ | C14: دستگاه پشم فلز آلمانی | D14: پودر فلز | E14: 1 | F14: تعمیری | G14: اصلاح | J14: 1405/04/28 | K14: 1405/05/01 | L14: =SUMIFS([1]تیر!$AF$633:$AF$800,[1]تیر!$C$633:$C$800,"قطعه تعمیری",[1]تیر!$B$633:$B$800,C14,[1]تیر!$P$633:$P$800,"*") -> 11 | M14: تحویل | N14: =SUMIFS([1]تیر!$AR$633:$AR$800,[1]تیر!$C$633:$C$800,"قطعه تعمیری",[1]تیر!$B$633:$B$800,C14,[1]تیر!$P$633:$P$800,B14) -> 8250000
A15: 12 | B15: تیغه | C15: دستگاه فرز | D15: تراشکاری | E15: 5 | F15: تعمیری | G15: اصلاح | J15: 1405/04/27 | K15: 1405/04/31 | L15: =SUMIFS([1]تیر!$AF$633:$AF$800,[1]تیر!$C$633:$C$800,"قطعه تعمیری",[1]تیر!$B$633:$B$800,C15,[1]تیر!$P$633:$P$800,"*") -> 6 | M15: تحویل | N15: =SUMIFS([1]تیر!$AR$633:$AR$800,[1]تیر!$C$633:$C$800,"قطعه تعمیری",[1]تیر!$B$633:$B$800,C15,[1]تیر!$P$633:$P$800,B15) -> 4500000
A16: 13 | B16: مسی | C16: سری نقطه جوش | D16: جهان لنت | E16: 8 | F16: تعمیری | G16: اصلاح | J16: 1405/04/27 | K16: 1405/04/31 | L16: =SUMIFS([1]تیر!$AF$633:$AF$800,[1]تیر!$C$633:$C$800,"قطعه تعمیری",[1]تیر!$B$633:$B$800,C16,[1]تیر!$P$633:$P$800,"*")+1 -> 2 | M16: تحویل | N16: =SUMIFS([1]تیر!$AR$633:$AR$800,[1]تیر!$C$633:$C$800,"قطعه تعمیری",[1]تیر!$B$633:$B$800,C16,[1]تیر!$P$633:$P$800,B16) -> 750000
A17: 14 | B17: دولویی | C17: ویوینگ | D17: جهان ترمز | E17: 8 | F17: تعمیری | G17: اصلاح | J17: 1405/04/27 | K17: 1405/05/01 | L17: =SUMIFS([1]تیر!$AF$633:$AF$800,[1]تیر!$C$633:$C$800,"قطعه تعمیری",[1]تیر!$B$633:$B$800,C17,[1]تیر!$P$633:$P$800,"*")+6 -> 22.75 | M17: تحویل | N17: =SUMIFS([1]تیر!$AR$633:$AR$800,[1]تیر!$C$633:$C$800,"قطعه تعمیری",[1]تیر!$B$633:$B$800,C17,[1]تیر!$P$633:$P$800,B17) -> 9937500
A18: 15 | B18: قوطی | C18: رادیاتور آغشته کاری | D18: جهان ترمز | E18: 1 | F18: تعمیری | G18: اصلاح | H18: 16825 | J18: 1405/05/01 | K18: 1405/05/01 | L18: =SUMIFS([1]تیر!$AF$633:$AF$800,[1]تیر!$C$633:$C$800,"قطعه تعمیری",[1]تیر!$B$633:$B$800,C18,[1]تیر!$P$633:$P$800,"*")+1 -> 1 | M18: تحویل | N18: =SUMIFS([1]مرداد!$AR$1:$AR$28,[1]مرداد!$C$1:$C$28,"قطعه تعمیری",[1]مرداد!$B$1:$B$28,C18,[1]مرداد!$P$1:$P$28,B18) -> 375000
A19: 16 | B19: پژو 405 | C19: قلم پژو 405 | D19: تراشکاری | E19: 1 | F19: تعمیری | G19: اصلاح | J19: 1405/05/01 | K19: 1405/05/01 | L19: =SUMIFS([1]تیر!$AF$633:$AF$800,[1]تیر!$C$633:$C$800,"قطعه تعمیری",[1]تیر!$B$633:$B$800,C19,[1]تیر!$P$633:$P$800,"*")+5 -> 5 | N19: =SUMIFS([1]مرداد!$AR$1:$AR$28,[1]مرداد!$C$1:$C$28,"قطعه تعمیری",[1]مرداد!$B$1:$B$28,C19,[1]مرداد!$P$1:$P$28,B19)+3500000 -> 3500000
B20: تحولی | C20: √ | D20: جدید | E20: =SUMIFS(E4:E19,F4:F19,D20,M4:M19,"تحویل") -> 3 | I20: Total | J20: جدید | K20: =SUMIFS(E4:E19,F4:F19,J20) -> 18 | L20: =SUMIFS(L4:L19,F4:F19,J20) -> 78 | N20: =SUMIFS(N4:N19,F4:F19,J20) -> 60000000
C21: √ | D21: تعمیری | E21: =SUMIFS(E4:E19,F4:F19,D21,M4:M19,"تحویل") -> 26 | J21: تعمیری | K21: =SUMIFS(E5:E19,F5:F19,J21) -> 35 | L21: =SUMIFS(L5:L20,F5:F20,J21) -> 100 | N21: =SUMIFS(N5:N20,F5:F20,J21) -> 51125000
B22: Total | E22: =E20+E21 -> 29 | K22: =K20+K21 -> 53 | L22: =L20+L21 -> 178 | N22: =N20+N21 -> 111125000

Sheet 19
A1: قطعات تعمیری و ساخته شده | M1: Date | N1: 1405
M2: weeks | N2: 19
B3: نام قطعه | C3: دستگاه / قالب | D3: درخواست کننده | E3: تعداد درخواست | F3: نو ع قطعه | G3: علت ساخت / تعمیر | H3: شماره نامه | I3: کد دستگاه | J3: تاریخ شروع | K3: تاریخ تحویل | L3: مقدار نفر ساعت کار شده | M3: عملیات در حال انجام | N3: هزینه ساخت/تعمیر (تومان)
A4: 1 | B4: فیکسچر پراید | C4: دریل یزدخواستی کلاچ | D4: جهان ترمز | E4: 1 | F4: جدید | G4: درخواست ساخت | J4: 1405/03/11 | L4: =SUMIFS([1]مرداد!$AF$30:$AF$218,[1]مرداد!$C$30:$C$218,"قطعه نو",[1]مرداد!$B$30:$B$218,C4,[1]مرداد!$P$30:$P$218,"*") -> 1 | M4: درحال انجام | N4: =SUMIFS([1]مرداد!$AR$30:$AR$218,[1]مرداد!$C$30:$C$218,"قطعه نو",[1]مرداد!$B$30:$B$218,C4,[1]مرداد!$P$30:$P$218,B4) -> 750000
A5: 2 | B5: پیتسوله | C5: دستگاه پرس پخت | D5: جهان لنت | E5: 5 | F5: جدید | G5: درخواست ساخت | J5: 1405/04/30 | L5: =SUMIFS([1]مرداد!$AF$30:$AF$218,[1]مرداد!$C$30:$C$218,"قطعه نو",[1]مرداد!$B$30:$B$218,C5,[1]مرداد!$P$30:$P$218,"*") -> 4 | M5: درحال انجام | N5: =SUMIFS([1]مرداد!$AR$30:$AR$218,[1]مرداد!$C$30:$C$218,"قطعه نو",[1]مرداد!$B$30:$B$218,C5,[1]مرداد!$P$30:$P$218,"*") -> 3000000
A6: 3 | B6: واشر | C6: Hammer Mill Machine | D6: پودر فلز | E6: 2 | F6: جدید | G6: درخواست ساخت | H6: 17202 | J6: 1405/04/30 | K6: 1405/05/07 | L6: =SUMIFS([1]مرداد!$AF$30:$AF$218,[1]مرداد!$C$30:$C$218,"قطعه نو",[1]مرداد!$B$30:$B$218,C6,[1]مرداد!$P$30:$P$218,"*") -> 3 | M6: تحویل | N6: =SUMIFS([1]مرداد!$AR$30:$AR$218,[1]مرداد!$C$30:$C$218,"قطعه نو",[1]مرداد!$B$30:$B$218,C6,[1]مرداد!$P$30:$P$218,"*") -> 2250000
A7: 4 | B7: فیکسچر | C7: پایه پرچ لنت نیسان | D7: جهان لنت | E7: 1 | F7: جدید | G7: درخواست ساخت | H7: ۰۵/د/۳۱۵۴ | J7: 1404/04/13 | L7: =SUMIFS([1]مرداد!$AF$30:$AF$218,[1]مرداد!$C$30:$C$218,"قطعه نو",[1]مرداد!$B$30:$B$218,C7,[1]مرداد!$P$30:$P$218,"*") -> 0 | M7: درحال انجام | N7: =SUMIFS([1]مرداد!$AR$30:$AR$218,[1]مرداد!$C$30:$C$218,"قطعه نو",[1]مرداد!$B$30:$B$218,C7,[1]مرداد!$P$30:$P$218,"*") -> 0
A8: 5 | B8: Mandrel | C8: سوراخکاری پیلسان | D8: پرس | E8: 1 | F8: جدید | G8: درخواست ساخت | J8: 1405/04/31 | L8: =SUMIFS([1]مرداد!$AF$30:$AF$218,[1]مرداد!$C$30:$C$218,"قطعه نو",[1]مرداد!$B$30:$B$218,C8,[1]مرداد!$P$30:$P$218,"*") -> 7 | M8: درحال انجام | N8: =SUMIFS([1]مرداد!$AR$30:$AR$218,[1]مرداد!$C$30:$C$218,"قطعه نو",[1]مرداد!$B$30:$B$218,C8,[1]مرداد!$P$30:$P$218,"*") -> 10125000
A9: 6 | B9: غلطک | C9: ابزار زنی | D9: جهان لنت | E9: 1 | F9: جدید | G9: درخواست ساخت | H9: 16833 | J9: 1405/05/08 | K9: 1405/05/08 | L9: =SUMIFS([1]مرداد!$AF$30:$AF$218,[1]مرداد!$C$30:$C$218,"قطعه نو",[1]مرداد!$B$30:$B$218,C9,[1]مرداد!$P$30:$P$218,"*") -> 4 | M9: تحویل | N9: =SUMIFS([1]مرداد!$AR$30:$AR$218,[1]مرداد!$C$30:$C$218,"قطعه نو",[1]مرداد!$B$30:$B$218,C9,[1]مرداد!$P$30:$P$218,"*") -> 3000000
A10: 7 | B10: مهره | C10: دستگاه پرس 600 تن | D10: جهان ترمز | E10: 2 | F10: جدید | G10: درخواست ساخت | H10: 16847 | I10: 2054 | J10: 1405/05/07 | L10: =SUMIFS([1]مرداد!$AF$30:$AF$218,[1]مرداد!$C$30:$C$218,"قطعه نو",[1]مرداد!$B$30:$B$218,C10,[1]مرداد!$P$30:$P$218,"*") -> 0 | M10: درحال انجام | N10: =SUMIFS([1]مرداد!$AR$30:$AR$218,[1]مرداد!$C$30:$C$218,"قطعه نو",[1]مرداد!$B$30:$B$218,C10,[1]مرداد!$P$30:$P$218,"*") -> 0
A11: 8 | B11: پیچ | C11: دستگاه رولینگ | D11: جهان لنت | E11: 10 | F11: جدید | G11: درخواست ساخت | H11: 17017 | J11: 1405/05/03 | K11: 1405/05/04 | L11: =SUMIFS([1]مرداد!$AF$30:$AF$218,[1]مرداد!$C$30:$C$218,"قطعه نو",[1]مرداد!$B$30:$B$218,C11,[1]مرداد!$P$30:$P$218,"*") -> 4 | M11: تحویل | N11: =SUMIFS([1]مرداد!$AR$30:$AR$218,[1]مرداد!$C$30:$C$218,"قطعه نو",[1]مرداد!$B$30:$B$218,C11,[1]مرداد!$P$30:$P$218,"*") -> 3000000
A12: 9 | B12: چرخ دنده | C12: دسنگاه چسب زنی | D12: جهان لنت | E12: 21 | F12: جدید | G12: درخواست ساخت | J12: 1405/05/03 | L12: =SUMIFS([1]مرداد!$AF$30:$AF$218,[1]مرداد!$C$30:$C$218,"قطعه نو",[1]مرداد!$B$30:$B$218,C12,[1]مرداد!$P$30:$P$218,"*") -> 29 | M12: درحال انجام | N12: =SUMIFS([1]مرداد!$AR$30:$AR$218,[1]مرداد!$C$30:$C$218,"قطعه نو",[1]مرداد!$B$30:$B$218,C12,[1]مرداد!$P$30:$P$218,"*") -> 21750000
A13: 10 | B13: فیکسچر | C13: فیکسچر کفشک پژو 405 | D13: کنترل کیفیت | E13: 1 | F13: جدید | G13: درخواست ساخت | J13: 1405/05/06 | K13: 1405/05/08 | L13: =SUMIFS([1]مرداد!$AF$30:$AF$218,[1]مرداد!$C$30:$C$218,"قطعه نو",[1]مرداد!$B$30:$B$218,C13,[1]مرداد!$P$30:$P$218,"*") -> 9 | M13: تحویل | N13: =SUMIFS([1]مرداد!$AR$30:$AR$218,[1]مرداد!$C$30:$C$218,"قطعه نو",[1]مرداد!$B$30:$B$218,C13,[1]مرداد!$P$30:$P$218,"*") -> 6750000
A14: 11 | B14: رینگ | C14: Hammer Mill Machine | D14: پودر فلز | E14: 2 | F14: تعمیری | G14: اصلاح | J14: 1405/05/03 | L14: =SUMIFS([1]مرداد!$AF$30:$AF$218,[1]مرداد!$C$30:$C$218,"قطعه تعمیری",[1]مرداد!$B$30:$B$218,C14,[1]مرداد!$P$30:$P$218,"*") -> 15.5 | M14: درحال انجام | N14: =SUMIFS([1]مرداد!$AR$30:$AR$218,[1]مرداد!$C$30:$C$218,"قطعه تعمیری",[1]مرداد!$B$30:$B$218,C14,[1]مرداد!$P$30:$P$218,"*") -> 11625000
A15: 12 | B15: فرایول | C15: آسیاب پشم فلز | D15: پودر فلز | E15: 1 | F15: تعمیری | G15: اصلاح | H15: 16829 | J15: 1405/05/05 | K15: 1405/05/05 | L15: =SUMIFS([1]مرداد!$AF$30:$AF$218,[1]مرداد!$C$30:$C$218,"قطعه تعمیری",[1]مرداد!$B$30:$B$218,C15,[1]مرداد!$P$30:$P$218,"*") -> 1 | M15: تحویل | N15: =SUMIFS([1]مرداد!$AR$30:$AR$218,[1]مرداد!$C$30:$C$218,"قطعه تعمیری",[1]مرداد!$B$30:$B$218,C15,[1]مرداد!$P$30:$P$218,"*") -> 750000
A16: 13 | B16: گلدونی | C16: جک ترمز کلاچ | D16: آزمایشگاه | E16: 1 | F16: تعمیری | G16: اصلاح | J16: 1405/05/08 | K16: 1405/05/08 | L16: =SUMIFS([1]مرداد!$AF$30:$AF$218,[1]مرداد!$C$30:$C$218,"قطعه تعمیری",[1]مرداد!$B$30:$B$218,C16,[1]مرداد!$P$30:$P$218,"*") -> 1 | M16: تحویل | N16: =SUMIFS([1]مرداد!$AR$30:$AR$218,[1]مرداد!$C$30:$C$218,"قطعه تعمیری",[1]مرداد!$B$30:$B$218,C16,[1]مرداد!$P$30:$P$218,"*") -> 750000
A17: 14 | B17: فلانچ | C17: دستگاه پرچ زنی | D17: جهان لنت | E17: 1 | F17: تعمیری | G17: سوراخکاری ، قلاویز | H17: 16845 | J17: 1405/05/06 | K17: 1405/05/07 | L17: =SUMIFS([1]مرداد!$AF$30:$AF$218,[1]مرداد!$C$30:$C$218,"قطعه تعمیری",[1]مرداد!$B$30:$B$218,C17,[1]مرداد!$P$30:$P$218,"*") -> 5 | M17: تحویل | N17: =SUMIFS([1]مرداد!$AR$30:$AR$218,[1]مرداد!$C$30:$C$218,"قطعه تعمیری",[1]مرداد!$B$30:$B$218,C17,[1]مرداد!$P$30:$P$218,"*") -> 3750000
A18: 15 | B18: جک | C18: دستگاه پرس 400 تن | D18: جهان ترمز | E18: 1 | F18: تعمیری | G18: پیچ بریدگی | H18: 16847 | I18: 2054 | J18: 1405/05/07 | K18: 1405/05/08 | L18: =SUMIFS([1]مرداد!$AF$30:$AF$218,[1]مرداد!$C$30:$C$218,"قطعه تعمیری",[1]مرداد!$B$30:$B$218,C18,[1]مرداد!$P$30:$P$218,"*") -> 3 | M18: تحویل | N18: =SUMIFS([1]مرداد!$AR$30:$AR$218,[1]مرداد!$C$30:$C$218,"قطعه تعمیری",[1]مرداد!$B$30:$B$218,C18,[1]مرداد!$P$30:$P$218,"*") -> 2250000
A19: 16 | B19: Shaft | C19: دستگاه پرس پخت | D19: جهان ترمز | E19: 1 | F19: تعمیری | G19: اصلاح سزجک | H19: 16832 | I19: 2063 | J19: 1405/05/06 | L19: =SUMIFS([1]مرداد!$AF$30:$AF$218,[1]مرداد!$C$30:$C$218,"قطعه تعمیری",[1]مرداد!$B$30:$B$218,C19,[1]مرداد!$P$30:$P$218,"*") -> 5 | M19: درحال انجام | N19: =SUMIFS([1]مرداد!$AR$30:$AR$218,[1]مرداد!$C$30:$C$218,"قطعه تعمیری",[1]مرداد!$B$30:$B$218,C19,[1]مرداد!$P$30:$P$218,"*") -> 3750000
A20: 17 | B20: نگهدارنده تیغه | C20: دستگاه پشم فلز | D20: پودر فلز | E20: 1 | F20: تعمیری | G20: اصلاح | J20: 1405/05/03 | L20: =SUMIFS([1]مرداد!$AF$30:$AF$218,[1]مرداد!$C$30:$C$218,"قطعه تعمیری",[1]مرداد!$B$30:$B$218,C20,[1]مرداد!$P$30:$P$218,"*") -> 26 | M20: درحال انجام | N20: =SUMIFS([1]مرداد!$AR$30:$AR$218,[1]مرداد!$C$30:$C$218,"قطعه تعمیری",[1]مرداد!$B$30:$B$218,C20,[1]مرداد!$P$30:$P$218,"*") -> 19500000
A21: 18 | B21: Bush | C21: دستگاه چسب زنی | D21: جهان لنت | E21: 2 | F21: تعمیری | G21: تراش Bush | J21: 1405/05/05 | K21: 1405/05/06 | L21: =SUMIFS([1]مرداد!$AF$30:$AF$218,[1]مرداد!$C$30:$C$218,"قطعه تعمیری",[1]مرداد!$B$30:$B$218,C21,[1]مرداد!$P$30:$P$218,"*") -> 3 | M21: تحویل | N21: =SUMIFS([1]مرداد!$AR$30:$AR$218,[1]مرداد!$C$30:$C$218,"قطعه تعمیری",[1]مرداد!$B$30:$B$218,C21,[1]مرداد!$P$30:$P$218,"*") -> 2250000
A22: 19 | B22: Bush | C22: ساب ترابوزا | D22: جهان لنت | E22: 1 | F22: تعمیری | G22: تراش Bush | J22: 1405/05/04 | K22: 1405/05/06 | L22: =SUMIFS([1]مرداد!$AF$30:$AF$218,[1]مرداد!$C$30:$C$218,"قطعه تعمیری",[1]مرداد!$B$30:$B$218,C22,[1]مرداد!$P$30:$P$218,"*") -> 6.5 | M22: تحویل | N22: =SUMIFS([1]مرداد!$AR$30:$AR$218,[1]مرداد!$C$30:$C$218,"قطعه تعمیری",[1]مرداد!$B$30:$B$218,C22,[1]مرداد!$P$30:$P$218,"*") -> 4875000
A23: 20 | B23: مسی | C23: سری نقطه جوش | D23: جهان لنت | E23: 8 | F23: تعمیری | G23: اصلاح | J23: 1405/05/04 | K23: 1405/05/06 | L23: =SUMIFS([1]مرداد!$AF$30:$AF$218,[1]مرداد!$C$30:$C$218,"قطعه تعمیری",[1]مرداد!$B$30:$B$218,C23,[1]مرداد!$P$30:$P$218,"*") -> 4 | M23: تحویل | N23: =SUMIFS([1]مرداد!$AR$30:$AR$218,[1]مرداد!$C$30:$C$218,"قطعه تعمیری",[1]مرداد!$B$30:$B$218,C23,[1]مرداد!$P$30:$P$218,"*") -> 3000000
A24: 21 | B24: کوبه | C24: کوبه برش پراید | D24: جهان لنت | E24: 1 | F24: تعمیری | G24: اصلاح | J24: 1405/05/03 | K24: 1405/05/03 | L24: =SUMIFS([1]مرداد!$AF$30:$AF$218,[1]مرداد!$C$30:$C$218,"قطعه تعمیری",[1]مرداد!$B$30:$B$218,C24,[1]مرداد!$P$30:$P$218,"*") -> 0.5 | M24: تحویل | N24: =SUMIFS([1]مرداد!$AR$30:$AR$218,[1]مرداد!$C$30:$C$218,"قطعه تعمیری",[1]مرداد!$B$30:$B$218,C24,[1]مرداد!$P$30:$P$218,"*") -> 375000
A25: 22 | B25: صفحه توری | C25: ویوینگ | D25: جهان ترمز | E25: 8 | F25: تعمیری | G25: اصلاح | H25: 17101 | J25: 1405/05/01 | L25: =SUMIFS([1]مرداد!$AF$30:$AF$218,[1]مرداد!$C$30:$C$218,"قطعه تعمیری",[1]مرداد!$B$30:$B$218,C25,[1]مرداد!$P$30:$P$218,B25) -> 14 | M25: درحال انجام | N25: =SUMIFS([1]مرداد!$AR$30:$AR$218,[1]مرداد!$C$30:$C$218,"قطعه تعمیری",[1]مرداد!$B$30:$B$218,C25,[1]مرداد!$P$30:$P$218,B25) -> 15375000
A26: 23 | B26: Shaft | C26: ویوینگ | D26: جهان ترمز | E26: 8 | F26: تعمیری | G26: اصلاح | H26: 16849 | J26: 1405/05/03 | L26: =SUMIFS([1]مرداد!$AF$30:$AF$218,[1]مرداد!$C$30:$C$218,"قطعه تعمیری",[1]مرداد!$B$30:$B$218,C26,[1]مرداد!$P$30:$P$218,B26) -> 4 | N26: =SUMIFS([1]مرداد!$AR$30:$AR$218,[1]مرداد!$C$30:$C$218,"قطعه تعمیری",[1]مرداد!$B$30:$B$218,C26,[1]مرداد!$P$30:$P$218,B26) -> 3000000
A27: 24 | B27: Bush | C27: ویوینگ | D27: جهان ترمز | E27: 8 | F27: تعمیری | G27: اصلاح | H27: 16844 | J27: 1405/05/03 | L27: =SUMIFS([1]مرداد!$AF$30:$AF$218,[1]مرداد!$C$30:$C$218,"قطعه تعمیری",[1]مرداد!$B$30:$B$218,C27,[1]مرداد!$P$30:$P$218,"*")-L25 -> 23 | N27: =SUMIFS([1]مرداد!$AR$30:$AR$218,[1]مرداد!$C$30:$C$218,"قطعه تعمیری",[1]مرداد!$B$30:$B$218,C27,[1]مرداد!$P$30:$P$218,"*")-N25 -> 17250000
A28: 25 | L28: =SUMIFS([1]مرداد!$AF$30:$AF$218,[1]مرداد!$C$30:$C$218,"قطعه تعمیری",[1]مرداد!$B$30:$B$218,C28,[1]مرداد!$P$30:$P$218,B28) -> 0 | N28: =SUMIFS([1]مرداد!$AR$30:$AR$218,[1]مرداد!$C$30:$C$218,"قطعه تعمیری",[1]مرداد!$B$30:$B$218,C28,[1]مرداد!$P$30:$P$218,B28) -> 0
B29: تحولی | C29: √ | D29: جدید | E29: =SUMIFS(E4:E28,F4:F28,D29,M4:M28,"تحویل") -> 14 | I29: Total | J29: جدید | K29: =SUMIFS(E4:E28,F4:F28,J29) -> 45 | L29: =SUMIFS(L4:L28,F4:F28,J29) -> 61 | N29: =SUMIFS(N4:N28,F4:F28,J29) -> 50625000
C30: √ | D30: تعمیری | E30: =SUMIFS(E4:E28,F4:F28,D30,M4:M28,"تحویل") -> 16 | J30: تعمیری | K30: =SUMIFS(E5:E28,F5:F28,J30) -> 44 | L30: =SUMIFS(L5:L29,F5:F29,J30) -> 111.5 | N30: =SUMIFS(N5:N29,F5:F29,J30) -> 88500000
B31: Total | E31: =E29+E30 -> 30 | K31: =K29+K30 -> 89 | L31: =L29+L30 -> 172.5 | N31: =N29+N30 -> 139125000

Sheet 20
A1: قطعات تعمیری و ساخته شده | M1: Date | N1: 1405
M2: weeks | N2: 20
B3: نام قطعه | C3: دستگاه / قالب | D3: درخواست کننده | E3: تعداد درخواست | F3: نو ع قطعه | G3: علت ساخت / تعمیر | H3: شماره نامه | I3: کد دستگاه | J3: تاریخ شروع | K3: تاریخ تحویل | L3: مقدار نفر ساعت کار شده | M3: عملیات در حال انجام | N3: هزینه ساخت/تعمیر (تومان)
A4: 1 | B4: Shaft | C4: ابزار زنی | D4: نت/ج.لنت | E4: 4 | F4: جدید | G4: درخواست ساخت | H4: 17201 | J4: 1405/05/10 | K4: 1505/05/16 | L4: =SUMIFS([1]مرداد!$AF$219:$AF$309,[1]مرداد!$C$219:$C$309,"قطعه نو",[1]مرداد!$B$219:$B$309,C4,[1]مرداد!$P$219:$P$309,"*") -> 7 | M4: تحویل | N4: =SUMIFS([1]مرداد!$AR$219:$AR$309,[1]مرداد!$C$219:$C$309,"قطعه نو",[1]مرداد!$B$219:$B$309,C4,[1]مرداد!$P$219:$P$309,"*") -> 5250000
A5: 2 | B5: اورینگ | C5: بسته بندی | D5: نت/ج.ترمز | E5: 1 | F5: جدید | G5: درخواست ساخت | J5: 1405/05/11 | K5: 1405/05/11 | L5: =SUMIFS([1]مرداد!$AF$219:$AF$309,[1]مرداد!$C$219:$C$309,"قطعه نو",[1]مرداد!$B$219:$B$309,C5,[1]مرداد!$P$219:$P$309,"*") -> 1 | M5: تحویل | N5: =SUMIFS([1]مرداد!$AR$219:$AR$309,[1]مرداد!$C$219:$C$309,"قطعه نو",[1]مرداد!$B$219:$B$309,C5,[1]مرداد!$P$219:$P$309,"*") -> 750000
A6: 3 | B6: چرخ دنده | C6: دسنگاه چسب زنی | D6: جهان لنت | E6: 21 | F6: جدید | G6: درخواست ساخت | J6: 1405/05/03 | L6: =SUMIFS([1]مرداد!$AF$219:$AF$309,[1]مرداد!$C$219:$C$309,"قطعه نو",[1]مرداد!$B$219:$B$309,C6,[1]مرداد!$P$219:$P$309,"*") -> 16 | M6: در حال انجام | N6: =SUMIFS([1]مرداد!$AR$219:$AR$309,[1]مرداد!$C$219:$C$309,"قطعه نو",[1]مرداد!$B$219:$B$309,C6,[1]مرداد!$P$219:$P$309,"*") -> 12000000
A7: 4 | B7: فیکسچر | C7: پایه پرچ عقب نیسان | D7: جهان لنت | E7: 1 | F7: جدید | G7: درخواست ساخت | H7: ۰۵/د/۳۱۵۴ | J7: 1404/04/13 | L7: =SUMIFS([1]مرداد!$AF$219:$AF$309,[1]مرداد!$C$219:$C$309,"قطعه نو",[1]مرداد!$B$219:$B$309,C7,[1]مرداد!$P$219:$P$309,"*") -> 6.5 | M7: در حال انجام | N7: =SUMIFS([1]مرداد!$AR$219:$AR$309,[1]مرداد!$C$219:$C$309,"قطعه نو",[1]مرداد!$B$219:$B$309,C7,[1]مرداد!$P$219:$P$309,"*") -> 4875000
A8: 5 | B8: نگهدارنده تیغه | C8: دستگاه پشم فلز | D8: پودر فلز | E8: 5 | F8: تعمیری | G8: اصلاح | J8: 1405/05/10 | L8: =SUMIFS([1]مرداد!$AF$219:$AF$309,[1]مرداد!$C$219:$C$309,"قطعه تعمیری",[1]مرداد!$B$219:$B$309,C8,[1]مرداد!$P$219:$P$309,"*") -> 15 | M8: در حال انجام | N8: =SUMIFS([1]مرداد!$AR$219:$AR$309,[1]مرداد!$C$219:$C$309,"قطعه تعمیری",[1]مرداد!$B$219:$B$309,C8,[1]مرداد!$P$219:$P$309,"*") -> 11250000
A9: 6 | B9: پیچ تنظیم | C9: آغشته کاری | D9: نت/ج.ترمز | E9: 1 | F9: تعمیری | G9: بریدگی | J9: 1405/05/10 | K9: 1405/05/11 | L9: =SUMIFS([1]مرداد!$AF$219:$AF$309,[1]مرداد!$C$219:$C$309,"قطعه تعمیری",[1]مرداد!$B$219:$B$309,C9,[1]مرداد!$P$219:$P$309,"*") -> 4 | M9: تحویل | N9: =SUMIFS([1]مرداد!$AR$219:$AR$309,[1]مرداد!$C$219:$C$309,"قطعه تعمیری",[1]مرداد!$B$219:$B$309,C9,[1]مرداد!$P$219:$P$309,"*") -> 3000000
A10: 7 | B10: Shaft | C10: بسته بندی | D10: نت/ج.ترمز | E10: 1 | F10: تعمیری | G10: اصلاح | J10: 1405/05/11 | K10: 1405/05/11 | L10: =SUMIFS([1]مرداد!$AF$219:$AF$309,[1]مرداد!$C$219:$C$309,"قطعه تعمیری",[1]مرداد!$B$219:$B$309,C10,[1]مرداد!$P$219:$P$309,"*") -> 4 | M10: تحویل | N10: =SUMIFS([1]مرداد!$AR$219:$AR$309,[1]مرداد!$C$219:$C$309,"قطعه تعمیری",[1]مرداد!$B$219:$B$309,C10,[1]مرداد!$P$219:$P$309,"*") -> 3000000
A11: 8 | B11: رینگ سیلندر | C11: دستگاه پرس پخت | D11: نت/ج.لنت | E11: 1 | F11: تعمیری | G11: اصلاح | J11: 1405/05/01 | K11: 1405/05/11 | L11: =SUMIFS([1]مرداد!$AF$219:$AF$309,[1]مرداد!$C$219:$C$309,"قطعه تعمیری",[1]مرداد!$B$219:$B$309,C11,[1]مرداد!$P$219:$P$309,"*") -> 4.5 | M11: تحویل | N11: =SUMIFS([1]مرداد!$AR$219:$AR$309,[1]مرداد!$C$219:$C$309,"قطعه تعمیری",[1]مرداد!$B$219:$B$309,C11,[1]مرداد!$P$219:$P$309,"*") -> 3375000
A12: 9 | B12: Shaft | C12: دستگاه پشم فلز | D12: پودر فلز | E12: 5 | F12: تعمیری | G12: اصلاح | J12: 1405/05/10 | L12: =SUMIFS([1]مرداد!$AF$219:$AF$309,[1]مرداد!$C$219:$C$309,"قطعه تعمیری",[1]مرداد!$B$219:$B$309,C12,[1]مرداد!$P$219:$P$309,"*") -> 15 | M12: در حال انجام | N12: =SUMIFS([1]مرداد!$AR$219:$AR$309,[1]مرداد!$C$219:$C$309,"قطعه تعمیری",[1]مرداد!$B$219:$B$309,C12,[1]مرداد!$P$219:$P$309,"*") -> 11250000
A13: 10 | B13: قطعه | C13: قطعه بیرونی | D13: چینی | E13: 1 | F13: تعمیری | G13: سوراخکاری | J13: 1405/05/15 | K13: 1405/05/15 | L13: =SUMIFS([1]مرداد!$AF$219:$AF$309,[1]مرداد!$C$219:$C$309,"قطعه نو",[1]مرداد!$B$219:$B$309,C13,[1]مرداد!$P$219:$P$309,"*") -> 0 | M13: تحویل | N13: =SUMIFS([1]مرداد!$AR$219:$AR$309,[1]مرداد!$C$219:$C$309,"قطعه تعمیری",[1]مرداد!$B$219:$B$309,C13,[1]مرداد!$P$219:$P$309,"*") -> 375000
A14: 11 | L14: =SUMIFS([1]مرداد!$AF$219:$AF$309,[1]مرداد!$C$219:$C$309,"قطعه نو",[1]مرداد!$B$219:$B$309,C14,[1]مرداد!$P$219:$P$309,"*") -> 0 | N14: =SUMIFS([1]مرداد!$AR$219:$AR$309,[1]مرداد!$C$219:$C$309,"قطعه تعمیری",[1]مرداد!$B$219:$B$309,C14,[1]مرداد!$P$219:$P$309,"*") -> 0
A15: 12 | L15: =SUMIFS([1]مرداد!$AF$219:$AF$309,[1]مرداد!$C$219:$C$309,"قطعه نو",[1]مرداد!$B$219:$B$309,C15,[1]مرداد!$P$219:$P$309,"*") -> 0 | N15: =SUMIFS([1]مرداد!$AR$219:$AR$309,[1]مرداد!$C$219:$C$309,"قطعه تعمیری",[1]مرداد!$B$219:$B$309,C15,[1]مرداد!$P$219:$P$309,"*") -> 0
A16: 13 | L16: =SUMIFS([1]مرداد!$AF$219:$AF$309,[1]مرداد!$C$219:$C$309,"قطعه نو",[1]مرداد!$B$219:$B$309,C16,[1]مرداد!$P$219:$P$309,"*") -> 0 | N16: =SUMIFS([1]مرداد!$AR$219:$AR$309,[1]مرداد!$C$219:$C$309,"قطعه تعمیری",[1]مرداد!$B$219:$B$309,C16,[1]مرداد!$P$219:$P$309,"*") -> 0
B17: تحولی | C17: √ | D17: جدید | E17: =SUMIFS(E4:E16,F4:F16,D17,M4:M16,"تحویل") -> 5 | I17: Total | J17: جدید | K17: =SUMIFS(E4:E16,F4:F16,J17) -> 27 | L17: =SUMIFS(L4:L16,F4:F16,J17) -> 30.5 | N17: =SUMIFS(N4:N16,F4:F16,J17) -> 22875000
C18: √ | D18: تعمیری | E18: =SUMIFS(E4:E16,F4:F16,D18,M4:M16,"تحویل") -> 4 | J18: تعمیری | K18: =SUMIFS(E5:E16,F5:F16,J18) -> 14 | L18: =SUMIFS(L5:L17,F5:F17,J18) -> 42.5 | N18: =SUMIFS(N5:N17,F5:F17,J18) -> 32250000
B19: Total | E19: =E17+E18 -> 9 | K19: =K17+K18 -> 41 | L19: =L17+L18 -> 73 | N19: =N17+N18 -> 55125000

Sheet 21
A1: قطعات تعمیری و ساخته شده | M1: Date | N1: 1405
M2: weeks | N2: 21
B3: نام قطعه | C3: دستگاه / قالب | D3: درخواست کننده | E3: تعداد درخواست | F3: نو ع قطعه | G3: علت ساخت / تعمیر | H3: شماره نامه | I3: کد دستگاه | J3: تاریخ شروع | K3: تاریخ تحویل | L3: مقدار نفر ساعت کار شده | M3: عملیات در حال انجام | N3: هزینه ساخت/تعمیر (تومان)
A4: 1 | B4: فیکسچر | C4: پایه پرچ عقب نیسان | D4: جهان لنت | E4: 1 | F4: جدید | G4: درخواست ساخت | H4: ۰۵/د/۳۱۵۴ | J4: 1404/04/13 | L4: =SUMIFS([1]مرداد!$AF$289:$AF$422,[1]مرداد!$C$289:$C$422,"قطعه نو",[1]مرداد!$B$289:$B$422,C4,[1]مرداد!$P$289:$P$422,"*") -> 10.5 | M4: در حال انجام | N4: =SUMIFS([1]مرداد!$AR$289:$AR$422,[1]مرداد!$C$289:$C$422,"قطعه نو",[1]مرداد!$B$289:$B$422,C4,[1]مرداد!$P$289:$P$422,"*") -> 7875000
A5: 2 | B5: درام | C5: ساب ترابوزا | D5: جهان لنت | E5: 1 | F5: جدید | G5: درخواست ساخت | J5: 1405/05/17 | L5: =SUMIFS([1]مرداد!$AF$289:$AF$422,[1]مرداد!$C$289:$C$422,"قطعه نو",[1]مرداد!$B$289:$B$422,C5,[1]مرداد!$P$289:$P$422,"*") -> 12 | M5: در حال انجام | N5: =SUMIFS([1]مرداد!$AR$289:$AR$422,[1]مرداد!$C$289:$C$422,"قطعه نو",[1]مرداد!$B$289:$B$422,C5,[1]مرداد!$P$289:$P$422,"*") -> 9000000
A6: 3 | B6: چرخ دنده | C6: دسنگاه چسب زنی | D6: جهان لنت | E6: 21 | F6: جدید | G6: درخواست ساخت | J6: 1405/05/03 | L6: =SUMIFS([1]مرداد!$AF$289:$AF$422,[1]مرداد!$C$289:$C$422,"قطعه نو",[1]مرداد!$B$289:$B$422,C6,[1]مرداد!$P$289:$P$422,"*") -> 29.5 | M6: در حال انجام | N6: =SUMIFS([1]مرداد!$AR$289:$AR$422,[1]مرداد!$C$289:$C$422,"قطعه نو",[1]مرداد!$B$289:$B$422,C6,[1]مرداد!$P$289:$P$422,"*") -> 24000000
A7: 4 | B7: واشر | C7: میکس | D7: جهان لنت | E7: 1 | F7: جدید | G7: درخواست ساخت | H7: 17202 | J7: 1405/05/17 | K7: 1405/05/18 | L7: =SUMIFS([1]مرداد!$AF$289:$AF$422,[1]مرداد!$C$289:$C$422,"قطعه نو",[1]مرداد!$B$289:$B$422,C7,[1]مرداد!$P$289:$P$422,"*") -> 3 | M7: تحویل | N7: =SUMIFS([1]مرداد!$AR$289:$AR$422,[1]مرداد!$C$289:$C$422,"قطعه نو",[1]مرداد!$B$289:$B$422,C7,[1]مرداد!$P$289:$P$422,"*") -> 2250000
A8: 5 | B8: Bush | C8: آغشته کاری | D8: جهان لنت | E8: 1 | F8: جدید | G8: ساخت بوش جهت درب موتور | J8: 1405/05/18 | L8: =SUMIFS([1]مرداد!$AF$289:$AF$422,[1]مرداد!$C$289:$C$422,"قطعه نو",[1]مرداد!$B$289:$B$422,C8,[1]مرداد!$P$289:$P$422,"*") -> 2 | M8: در حال انجام | N8: =SUMIFS([1]مرداد!$AR$289:$AR$422,[1]مرداد!$C$289:$C$422,"قطعه نو",[1]مرداد!$B$289:$B$422,C8,[1]مرداد!$P$289:$P$422,"*") -> 1500000
A9: 6 | B9: NOSE CAP A25 | C9: سری تراش | D9: قالب سازی | E9: 1 | F9: جدید | G9: خرابی نمونه اولیه | J9: 1405/05/17 | L9: =SUMIFS([1]مرداد!$AF$289:$AF$422,[1]مرداد!$C$289:$C$422,"قطعه نو",[1]مرداد!$B$289:$B$422,C9,[1]مرداد!$P$289:$P$422,"*") -> 26.333333 | M9: در حال انجام | N9: =SUMIFS([1]مرداد!$AR$289:$AR$422,[1]مرداد!$C$289:$C$422,"قطعه نو",[1]مرداد!$B$289:$B$422,C9,[1]مرداد!$P$289:$P$422,"*") -> 19750000
A10: 7 | B10: Pin | C10: عقب لیفتراک | D10: جهان لنت | E10: 25 | F10: جدید | G10: درخواست ساخت | J10: 1405/05/20 | L10: =SUMIFS([1]مرداد!$AF$289:$AF$422,[1]مرداد!$C$289:$C$422,"قطعه نو",[1]مرداد!$B$289:$B$422,C10,[1]مرداد!$P$289:$P$422,"*") -> 3 | M10: در حال انجام | N10: =SUMIFS([1]مرداد!$AR$289:$AR$422,[1]مرداد!$C$289:$C$422,"قطعه نو",[1]مرداد!$B$289:$B$422,C10,[1]مرداد!$P$289:$P$422,"*") -> 2250000
A11: 8 | B11: نگهدارنده U | C11: نگهدارنده پلاک قالب | D11: م.قالب | E11: 100 | F11: جدید | G11: درخواست ساخت | J11: 1405/04/01 | L11: =SUMIFS([1]مرداد!$AF$289:$AF$422,[1]مرداد!$C$289:$C$422,"قطعه نو",[1]مرداد!$B$289:$B$422,C11,[1]مرداد!$P$289:$P$422,"*") -> 6 | M11: در حال انجام | N11: =SUMIFS([1]مرداد!$AR$289:$AR$422,[1]مرداد!$C$289:$C$422,"قطعه نو",[1]مرداد!$B$289:$B$422,C11,[1]مرداد!$P$289:$P$422,"*") -> 4500000
A12: 9 | B12: مهره | C12: دستگاه پرس 600 تن | D12: جهان لنت | E12: 2 | F12: جدید | G12: درخواست ساخت | J12: 1405/05/07 | L12: =SUMIFS([1]مرداد!$AF$289:$AF$422,[1]مرداد!$C$289:$C$422,"قطعه نو",[1]مرداد!$B$289:$B$422,C12,[1]مرداد!$P$289:$P$422,"*") -> 4 | M12: در حال انجام | N12: =SUMIFS([1]مرداد!$AR$289:$AR$422,[1]مرداد!$C$289:$C$422,"قطعه نو",[1]مرداد!$B$289:$B$422,C12,[1]مرداد!$P$289:$P$422,"*") -> 3000000
A13: 10 | B13: عقب پژو 405 | C13: پین عقب پژو 405 | D13: جهان لنت | E13: 30000 | F13: جدید | G13: درخواست ساخت | J13: 1405/03/20 | L13: =SUMIFS([1]مرداد!$AF$289:$AF$422,[1]مرداد!$C$289:$C$422,"قطعه نو",[1]مرداد!$B$289:$B$422,C13,[1]مرداد!$P$289:$P$422,"*") -> 13 | M13: در حال انجام | N13: =SUMIFS([1]مرداد!$AR$289:$AR$422,[1]مرداد!$C$289:$C$422,"قطعه نو",[1]مرداد!$B$289:$B$422,C13,[1]مرداد!$P$289:$P$422,"*") -> 9750000
A14: 11 | B14: گیج | C14: فیکسچر کفشک پژو 405 | D14: جهان ترمز | E14: 2 | F14: جدید | G14: درخواست ساخت | J14: 1405/03/11 | L14: =SUMIFS([1]مرداد!$AF$289:$AF$422,[1]مرداد!$C$289:$C$422,"قطعه نو",[1]مرداد!$B$289:$B$422,C14,[1]مرداد!$P$289:$P$422,"*") -> 6.5 | M14: در حال انجام | N14: =SUMIFS([1]مرداد!$AR$289:$AR$422,[1]مرداد!$C$289:$C$422,"قطعه نو",[1]مرداد!$B$289:$B$422,C14,[1]مرداد!$P$289:$P$422,"*") -> 9750000
A15: 12 | B15: Bush | C15: ویوینگ | D15: جهان ترمز | E15: 1 | F15: جدید | G15: درخواست ساخت | H15: 16850 | J15: 1405/05/20 | K15: 1405/05/23 | L15: =SUMIFS([1]مرداد!$AF$289:$AF$422,[1]مرداد!$C$289:$C$422,"قطعه نو",[1]مرداد!$B$289:$B$422,C15,[1]مرداد!$P$289:$P$422,"*") -> 2 | M15: تحویل | N15: =SUMIFS([1]مرداد!$AR$289:$AR$422,[1]مرداد!$C$289:$C$422,"قطعه نو",[1]مرداد!$B$289:$B$422,C15,[1]مرداد!$P$289:$P$422,"*") -> 1500000
A16: 13 | B16: غلطک | C16: ابزار زنی | D16: جهان لنت | E16: 1 | F16: تعمیری | G16: اصلاح | H16: 17208 | J16: 1405/05/18 | K16: 1405/05/18 | L16: =SUMIFS([1]مرداد!$AF$289:$AF$422,[1]مرداد!$C$289:$C$422,"قطعه تعمیری",[1]مرداد!$B$289:$B$422,C16,[1]مرداد!$P$289:$P$422,"*") -> 2 | M16: تحویل | N16: =SUMIFS([1]مرداد!$AR$289:$AR$422,[1]مرداد!$C$289:$C$422,"قطعه تعمیری",[1]مرداد!$B$289:$B$422,C16,[1]مرداد!$P$289:$P$422,"*") -> 1500000
A17: 14 | B17: Mandrel | C17: پایه پرچ عقب نیسان | D17: جهان لنت | E17: 1 | F17: تعمیری | G17: اصلاح | H17: 16438 | J17: 1405/05/18 | L17: =SUMIFS([1]مرداد!$AF$289:$AF$422,[1]مرداد!$C$289:$C$422,"قطعه تعمیری",[1]مرداد!$B$289:$B$422,C17,[1]مرداد!$P$289:$P$422,"*") -> 15.5 | M17: در حال انجام | N17: =SUMIFS([1]مرداد!$AR$289:$AR$422,[1]مرداد!$C$289:$C$422,"قطعه تعمیری",[1]مرداد!$B$289:$B$422,C17,[1]مرداد!$P$289:$P$422,"*") -> 16500000
A18: 15 | B18: گلدونی | C18: جک ترمز کلاچ | D18: آزمایشگاه | E18: 1 | F18: تعمیری | G18: اصلاح | J18: 1405/05/08 | K18: 1405/05/18 | L18: =SUMIFS([1]مرداد!$AF$285:$AF$422,[1]مرداد!$C$285:$C$422,"قطعه تعمیری",[1]مرداد!$B$285:$B$422,C18,[1]مرداد!$P$285:$P$422,"*") -> 1 | M18: تحویل | N18: =SUMIFS([1]مرداد!$AR$285:$AR$422,[1]مرداد!$C$285:$C$422,"قطعه تعمیری",[1]مرداد!$B$285:$B$422,C18,[1]مرداد!$P$285:$P$422,"*") -> 750000
A19: 16 | B19: Shaft | C19: دستگاه پشم فلز | D19: پودر فلز | E19: 1 | F19: تعمیری | G19: اصلاح | J19: 1405/05/19 | K19: 1405/05/19 | L19: =SUMIFS([1]مرداد!$AF$289:$AF$422,[1]مرداد!$C$289:$C$422,"قطعه تعمیری",[1]مرداد!$B$289:$B$422,C19,[1]مرداد!$P$289:$P$422,"*") -> 7.5 | M19: تحویل | N19: =SUMIFS([1]مرداد!$AR$289:$AR$422,[1]مرداد!$C$289:$C$422,"قطعه تعمیری",[1]مرداد!$B$289:$B$422,C19,[1]مرداد!$P$289:$P$422,"*") -> 5625000
A20: 17 | B20: میز | C20: دستگاه ساب سمباده ای | D20: جهان ترمز | E20: 1 | F20: تعمیری | G20: تابیدگی | H20: 17203 | I20: 2904 | J20: 1405/05/17 | K20: 1405/05/18 | L20: =SUMIFS([1]مرداد!$AF$289:$AF$422,[1]مرداد!$C$289:$C$422,"قطعه تعمیری",[1]مرداد!$B$289:$B$422,C20,[1]مرداد!$P$289:$P$422,"*") -> 8.5 | M20: تحویل | N20: =SUMIFS([1]مرداد!$AR$289:$AR$422,[1]مرداد!$C$289:$C$422,"قطعه تعمیری",[1]مرداد!$B$289:$B$422,C20,[1]مرداد!$P$289:$P$422,"*") -> 6375000
A21: 18 | B21: تیغه | C21: دستگاه فرز | D21: قالب سازی | E21: 10 | F21: تعمیری | G21: اصلاح | J21: 1405/05/19 | K21: 1405/05/19 | L21: =SUMIFS([1]مرداد!$AF$289:$AF$422,[1]مرداد!$C$289:$C$422,"قطعه تعمیری",[1]مرداد!$B$289:$B$422,C21,[1]مرداد!$P$289:$P$422,"*") -> 1 | M21: تحویل | N21: =SUMIFS([1]مرداد!$AR$289:$AR$422,[1]مرداد!$C$289:$C$422,"قطعه تعمیری",[1]مرداد!$B$289:$B$422,C21,[1]مرداد!$P$289:$P$422,"*") -> 750000
A22: 19 | B22: Piston | C22: ساب کف گرگی | D22: جهان لنت | E22: 1 | F22: تعمیری | G22: اصلاح | H22: 17204 | J22: 1405/05/18 | K22: 1405/05/18 | L22: =SUMIFS([1]مرداد!$AF$289:$AF$422,[1]مرداد!$C$289:$C$422,"قطعه تعمیری",[1]مرداد!$B$289:$B$422,C22,[1]مرداد!$P$289:$P$422,"*") -> 2.6666667 | M22: تحویل | N22: =SUMIFS([1]مرداد!$AR$289:$AR$422,[1]مرداد!$C$289:$C$422,"قطعه تعمیری",[1]مرداد!$B$289:$B$422,C22,[1]مرداد!$P$289:$P$422,"*") -> 2000000
A23: 20 | B23: شرکت چینی | C23: قطعه بیرونی | D23: خدمات (ظروف چینی) | E23: 1 | F23: تعمیری | G23: سوراخکاری | J23: 1405/05/18 | K23: 1405/05/18 | L23: =SUMIFS([1]مرداد!$AF$289:$AF$422,[1]مرداد!$C$289:$C$422,"قطعه تعمیری",[1]مرداد!$B$289:$B$422,C23,[1]مرداد!$P$289:$P$422,"*") -> 2.5 | M23: تحویل | N23: =SUMIFS([1]مرداد!$AR$289:$AR$422,[1]مرداد!$C$289:$C$422,"قطعه تعمیری",[1]مرداد!$B$289:$B$422,C23,[1]مرداد!$P$289:$P$422,"*") -> 1875000
A24: 21 | B24: تیغه آسیاب | C24: میکس | D24: جهان لنت | E24: 2 | F24: تعمیری | G24: اصلاح | H24: 17209 | J24: 1405/05/19 | L24: =SUMIFS([1]مرداد!$AF$289:$AF$422,[1]مرداد!$C$289:$C$422,"قطعه تعمیری",[1]مرداد!$B$289:$B$422,C24,[1]مرداد!$P$289:$P$422,"*") -> 8 | M24: در حال انجام | N24: =SUMIFS([1]مرداد!$AR$289:$AR$422,[1]مرداد!$C$289:$C$422,"قطعه تعمیری",[1]مرداد!$B$289:$B$422,C24,[1]مرداد!$P$289:$P$422,"*") -> 6000000
A25: 22 | B25: Shaft | C25: هواکش | D25: جهان لنت | E25: 1 | F25: تعمیری | G25: اصلاح | H25: 17212 | J25: 1405/05/20 | K25: 1405/05/20 | L25: =SUMIFS([1]مرداد!$AF$289:$AF$422,[1]مرداد!$C$289:$C$422,"قطعه تعمیری",[1]مرداد!$B$289:$B$422,C25,[1]مرداد!$P$289:$P$422,"*") -> 1 | M25: تحویل | N25: =SUMIFS([1]مرداد!$AR$289:$AR$422,[1]مرداد!$C$289:$C$422,"قطعه تعمیری",[1]مرداد!$B$289:$B$422,C25,[1]مرداد!$P$289:$P$422,"*") -> 750000
A26: 23 | B26: Shaft | C26: ویوینگ | D26: جهان ترمز | E26: 1 | F26: تعمیری | G26: اصلاح | H26: 17207 | I26: 6406 | J26: 1405/05/18 | K26: 1405/05/21 | L26: =SUMIFS([1]مرداد!$AF$289:$AF$422,[1]مرداد!$C$289:$C$422,"قطعه تعمیری",[1]مرداد!$B$289:$B$422,C26,[1]مرداد!$P$289:$P$422,"*") -> 6.5 | M26: تحویل | N26: =SUMIFS([1]مرداد!$AR$289:$AR$422,[1]مرداد!$C$289:$C$422,"قطعه تعمیری",[1]مرداد!$B$289:$B$422,C26,[1]مرداد!$P$289:$P$422,"*") -> 4875000
B27: تحولی | C27: √ | D27: جدید | E27: =SUMIFS(E4:E26,F4:F26,D27,M4:M26,"تحویل") -> 2 | I27: Total | J27: جدید | K27: =SUMIFS(E4:E26,F4:F26,J27) -> 30156 | L27: =SUMIFS(L4:L26,F4:F26,J27) -> 117.83333 | N27: =SUMIFS(N4:N26,F4:F26,J27) -> 95125000
C28: √ | D28: تعمیری | E28: =SUMIFS(E4:E26,F4:F26,D28,M4:M26,"تحویل") -> 18 | J28: تعمیری | K28: =SUMIFS(E5:E26,F5:F26,J28) -> 21 | L28: =SUMIFS(L5:L27,F5:F27,J28) -> 56.166667 | N28: =SUMIFS(N5:N27,F5:F27,J28) -> 47000000
B29: Total | E29: =E27+E28 -> 20 | K29: =K27+K28 -> 30177 | L29: =L27+L28 -> 174 | N29: =N27+N28 -> 142125000

Sheet 22
A1: قطعات تعمیری و ساخته شده | M1: Date | N1: 1405
M2: weeks | N2: 22
B3: نام قطعه | C3: دستگاه / قالب | D3: درخواست کننده | E3: تعداد درخواست | F3: نو ع قطعه | G3: علت ساخت / تعمیر | H3: شماره نامه | I3: کد دستگاه | J3: تاریخ شروع | K3: تاریخ تحویل | L3: مقدار نفر ساعت کار شده | M3: عملیات در حال انجام | N3: هزینه ساخت/تعمیر (تومان)
A4: 1 | B4: درام | C4: ساب ترابوزا | D4: جهان لنت | E4: 1 | F4: جدید | G4: درخواست ساخت | J4: 1405/05/17 | L4: =SUMIFS([1]مرداد!$AF$422:$AF$800,[1]مرداد!$C$422:$C$800,"قطعه نو",[1]مرداد!$B$422:$B$800,C4,[1]مرداد!$P$422:$P$800,"*") -> 14 | M4: در حال انجام | N4: =SUMIFS([1]مرداد!$AR$422:$AR$800,[1]مرداد!$C$422:$C$800,"قطعه نو",[1]مرداد!$B$422:$B$800,C4,[1]مرداد!$P$422:$P$800,"*") -> 10500000
A5: 2 | B5: Pin | C5: Pin zob ahan | D5: جهان لنت | E5: 220 | F5: جدید | G5: درخواست ساخت | J5: 1405/05/26 | K5: 1405/05/31 | L5: =SUMIFS([1]مرداد!$AF$422:$AF$800,[1]مرداد!$C$422:$C$800,"قطعه نو",[1]مرداد!$B$422:$B$800,C5,[1]مرداد!$P$422:$P$800,"*") -> 38 | M5: تحویل | N5: =SUMIFS([1]مرداد!$AR$422:$AR$800,[1]مرداد!$C$422:$C$800,"قطعه نو",[1]مرداد!$B$422:$B$800,C5,[1]مرداد!$P$422:$P$800,"*") -> 28500000
A6: 3 | B6: عقب پژو 405 | C6: پین عقب پژو 405 | D6: جهان لنت | E6: 30000 | F6: جدید | G6: درخواست ساخت | J6: 1405/03/20 | K6: 1405/05/31 | L6: =SUMIFS([1]مرداد!$AF$422:$AF$800,[1]مرداد!$C$422:$C$800,"قطعه نو",[1]مرداد!$B$422:$B$800,C6,[1]مرداد!$P$422:$P$800,"*") -> 32.166667 | M6: تحویل | N6: =SUMIFS([1]مرداد!$AR$422:$AR$800,[1]مرداد!$C$422:$C$800,"قطعه نو",[1]مرداد!$B$422:$B$800,C6,[1]مرداد!$P$422:$P$800,"*") -> 24125000
A7: 4 | B7: NOSE CAP A25 | C7: سری تراش | D7: قالب سازی | E7: 1 | F7: جدید | G7: خرابی نمونه اولیه | J7: 1405/05/17 | K7: 1405/05/28 | L7: =SUMIFS([1]مرداد!$AF$422:$AF$800,[1]مرداد!$C$422:$C$800,"قطعه نو",[1]مرداد!$B$422:$B$800,C7,[1]مرداد!$P$422:$P$800,"*") -> 2 | M7: تحویل | N7: =SUMIFS([1]مرداد!$AR$422:$AR$800,[1]مرداد!$C$422:$C$800,"قطعه نو",[1]مرداد!$B$422:$B$800,C7,[1]مرداد!$P$422:$P$800,"*") -> 1500000
A8: 5 | B8: Pin | C8: عقب لیفتراک | D8: جهان لنت | E8: 25 | F8: جدید | G8: درخواست ساخت | J8: 1405/05/20 | K8: 1405/05/30 | L8: =SUMIFS([1]مرداد!$AF$422:$AF$800,[1]مرداد!$C$422:$C$800,"قطعه نو",[1]مرداد!$B$422:$B$800,C8,[1]مرداد!$P$422:$P$800,"*") -> 10 | M8: تحویل | N8: =SUMIFS([1]مرداد!$AR$422:$AR$800,[1]مرداد!$C$422:$C$800,"قطعه نو",[1]مرداد!$B$422:$B$800,C8,[1]مرداد!$P$422:$P$800,"*") -> 7500000
A9: 6 | B9: نگهدارنده U | C9: نگهدارنده پلاک قالب | D9: م.قالب | E9: 100 | F9: جدید | G9: درخواست ساخت | J9: 1405/04/01 | L9: =SUMIFS([1]مرداد!$AF$422:$AF$800,[1]مرداد!$C$422:$C$800,"قطعه نو",[1]مرداد!$B$422:$B$800,C9,[1]مرداد!$P$422:$P$800,"*") -> 54 | M9: در حال انجام | N9: =SUMIFS([1]مرداد!$AR$422:$AR$800,[1]مرداد!$C$422:$C$800,"قطعه نو",[1]مرداد!$B$422:$B$800,C9,[1]مرداد!$P$422:$P$800,"*") -> 40500000
A10: 7 | B10: مهره | C10: دستگاه پرس 600 تن | D10: جهان لنت | E10: 2 | F10: جدید | G10: درخواست ساخت | J10: 1405/05/07 | L10: =SUMIFS([1]مرداد!$AF$422:$AF$800,[1]مرداد!$C$422:$C$800,"قطعه نو",[1]مرداد!$B$422:$B$800,C10,[1]مرداد!$P$422:$P$800,"*") -> 46 | M10: در حال انجام | N10: =SUMIFS([1]مرداد!$AR$422:$AR$800,[1]مرداد!$C$422:$C$800,"قطعه نو",[1]مرداد!$B$422:$B$800,C10,[1]مرداد!$P$422:$P$800,"*") -> 34500000
A11: 8 | B11: فیکسچر پراید | C11: دریل یزدخواستی کلاچ | D11: جهان ترمز | E11: 1 | F11: جدید | G11: درخواست ساخت | J11: 1405/03/11 | L11: =SUMIFS([1]مرداد!$AF$422:$AF$800,[1]مرداد!$C$422:$C$800,"قطعه نو",[1]مرداد!$B$422:$B$800,C11,[1]مرداد!$P$422:$P$800,"*") -> 29.333333 | M11: در حال انجام | N11: =SUMIFS([1]مرداد!$AR$422:$AR$800,[1]مرداد!$C$422:$C$800,"قطعه نو",[1]مرداد!$B$422:$B$800,C11,[1]مرداد!$P$422:$P$800,"*") -> 44000000
A12: 9 | B12: Sonbegir | C12: سوراخکاری پیلسان | D12: جهان لنت | E12: 1 | F12: جدید | G12: درخواست ساخت | J12: 1405/05/28 | L12: =SUMIFS([1]مرداد!$AF$422:$AF$800,[1]مرداد!$C$422:$C$800,"قطعه نو",[1]مرداد!$B$422:$B$800,C12,[1]مرداد!$P$422:$P$800,"*") -> 4.5 | M12: در حال انجام | N12: =SUMIFS([1]مرداد!$AR$422:$AR$800,[1]مرداد!$C$422:$C$800,"قطعه نو",[1]مرداد!$B$422:$B$800,C12,[1]مرداد!$P$422:$P$800,"*") -> 6750000
A13: 10 | B13: Pin | C13: عقب لیفتراک | D13: جهان لنت | E13: 25 | F13: جدید | G13: درخواست ساخت | J13: 1405/05/20 | K13: 1405/05/28 | L13: =SUMIFS([1]مرداد!$AF$422:$AF$800,[1]مرداد!$C$422:$C$800,"قطعه نو",[1]مرداد!$B$422:$B$800,C13,[1]مرداد!$P$422:$P$800,"*") -> 10 | M13: تحویل | N13: =SUMIFS([1]مرداد!$AR$422:$AR$800,[1]مرداد!$C$422:$C$800,"قطعه نو",[1]مرداد!$B$422:$B$800,C13,[1]مرداد!$P$422:$P$800,"*") -> 7500000
A14: 11 | B14: Bush | C14: نوار نقاله | D14: جهان لنت | E14: 4 | F14: جدید | G14: درخواست ساخت | J14: 1405/05/28 | L14: =SUMIFS([1]مرداد!$AF$422:$AF$800,[1]مرداد!$C$422:$C$800,"قطعه نو",[1]مرداد!$B$422:$B$800,C14,[1]مرداد!$P$422:$P$800,"*") -> 20 | M14: در حال انجام | N14: =SUMIFS([1]مرداد!$AR$422:$AR$800,[1]مرداد!$C$422:$C$800,"قطعه نو",[1]مرداد!$B$422:$B$800,C14,[1]مرداد!$P$422:$P$800,"*") -> 15000000
A15: 12 | B15: Bush | C15: ویوینگ | D15: جهان ترمز | E15: 1 | F15: جدید | G15: درخواست ساخت | J15: 1405/05/26 | K15: 1405/05/26 | L15: =SUMIFS([1]مرداد!$AF$422:$AF$800,[1]مرداد!$C$422:$C$800,"قطعه نو",[1]مرداد!$B$422:$B$800,C15,[1]مرداد!$P$422:$P$800,"*") -> 3 | M15: تحویل | N15: =SUMIFS([1]مرداد!$AR$422:$AR$800,[1]مرداد!$C$422:$C$800,"قطعه نو",[1]مرداد!$B$422:$B$800,C15,[1]مرداد!$P$422:$P$800,"*") -> 2250000
A16: 13 | B16: تیغه | C16: آغشته کاری | D16: جهان ترمز | E16: 1 | F16: تعمیری | G16: اصلاح | J16: 1405/05/26 | K16: 1405/05/27 | L16: =SUMIFS([1]مرداد!$AF$422:$AF$800,[1]مرداد!$C$422:$C$800,"قطعه تعمیری",[1]مرداد!$B$422:$B$800,C16,[1]مرداد!$P$422:$P$800,"*") -> 6.5 | M16: تحویل | N16: =SUMIFS([1]مرداد!$AR$422:$AR$598,[1]مرداد!$C$422:$C$598,"قطعه تعمیری",[1]مرداد!$B$422:$B$598,C16,[1]مرداد!$P$422:$P$598,"*") -> 4875000
A17: 14 | B17: Mandrel | C17: پایه پرچ عقب نیسان | D17: جهان لنت | E17: 1 | F17: تعمیری | G17: اصلاح | H17: 16438 | J17: 1405/05/18 | L17: =SUMIFS([1]مرداد!$AF$422:$AF$800,[1]مرداد!$C$422:$C$800,"قطعه تعمیری",[1]مرداد!$B$422:$B$800,C17,[1]مرداد!$P$422:$P$800,"*") -> 21 | M17: در حال انجام | N17: =SUMIFS([1]مرداد!$AR$422:$AR$598,[1]مرداد!$C$422:$C$598,"قطعه تعمیری",[1]مرداد!$B$422:$B$598,C17,[1]مرداد!$P$422:$P$598,"*") -> 27000000
A18: 15 | B18: پیچ | C18: دستگاه پشم فلز | D18: پودر فلز | E18: 1 | F18: تعمیری | G18: اصلاح | J18: 1405/05/26 | K18: 1405/05/26 | L18: =SUMIFS([1]مرداد!$AF$422:$AF$800,[1]مرداد!$C$422:$C$800,"قطعه تعمیری",[1]مرداد!$B$422:$B$800,C18,[1]مرداد!$P$422:$P$800,"*") -> 3 | M18: تحویل | N18: =SUMIFS([1]مرداد!$AR$422:$AR$598,[1]مرداد!$C$422:$C$598,"قطعه تعمیری",[1]مرداد!$B$422:$B$598,C18,[1]مرداد!$P$422:$P$598,"*") -> 2250000
A19: 16 | B19: تیغه | C19: دستگاه فرز | D19: تراشکاری | E19: 10 | F19: تعمیری | G19: اصلاح | J19: 1405/05/25 | K19: 1405/05/25 | L19: =SUMIFS([1]مرداد!$AF$422:$AF$800,[1]مرداد!$C$422:$C$800,"قطعه تعمیری",[1]مرداد!$B$422:$B$800,C19,[1]مرداد!$P$422:$P$800,"*") -> 3 | M19: تحویل | N19: =SUMIFS([1]مرداد!$AR$422:$AR$598,[1]مرداد!$C$422:$C$598,"قطعه تعمیری",[1]مرداد!$B$422:$B$598,C19,[1]مرداد!$P$422:$P$598,"*") -> 2250000
A20: 17 | B20: توپی | C20: ساب سمباده ای | D20: جهان لنت | E20: 1 | F20: تعمیری | G20: اصلاح | H20: 16848 | I20: 2512 | J20: 1405/05/26 | K20: 1405/05/28 | L20: =SUMIFS([1]مرداد!$AF$422:$AF$800,[1]مرداد!$C$422:$C$800,"قطعه تعمیری",[1]مرداد!$B$422:$B$800,C20,[1]مرداد!$P$422:$P$800,"*") -> 5 | M20: تحویل | N20: =SUMIFS([1]مرداد!$AR$422:$AR$598,[1]مرداد!$C$422:$C$598,"قطعه تعمیری",[1]مرداد!$B$422:$B$598,C20,[1]مرداد!$P$422:$P$598,"*") -> 3750000
A21: 18 | B21: Shaft | C21: ساب کونیک | D21: جهان لنت | E21: 1 | F21: تعمیری | G21: اصلاح | H21: 17227 | J21: 1405/05/28 | K21: 1405/05/28 | L21: =SUMIFS([1]مرداد!$AF$422:$AF$800,[1]مرداد!$C$422:$C$800,"قطعه تعمیری",[1]مرداد!$B$422:$B$800,C21,[1]مرداد!$P$422:$P$800,"*") -> 3 | M21: تحویل | N21: =SUMIFS([1]مرداد!$AR$422:$AR$598,[1]مرداد!$C$422:$C$598,"قطعه تعمیری",[1]مرداد!$B$422:$B$598,C21,[1]مرداد!$P$422:$P$598,"*") -> 2250000
A22: 19 | B22: مسی | C22: سری نقطه جوش | D22: جهان لنت | E22: 8 | F22: تعمیری | G22: اصلاح | J22: 1405/05/24 | K22: 1405/05/24 | L22: =SUMIFS([1]مرداد!$AF$422:$AF$800,[1]مرداد!$C$422:$C$800,"قطعه تعمیری",[1]مرداد!$B$422:$B$800,C22,[1]مرداد!$P$422:$P$800,"*") -> 1 | M22: تحویل | N22: =SUMIFS([1]مرداد!$AR$422:$AR$598,[1]مرداد!$C$422:$C$598,"قطعه تعمیری",[1]مرداد!$B$422:$B$598,C22,[1]مرداد!$P$422:$P$598,"*") -> 750000
A23: 20 | B23: قطعه | C23: قطعه بیرونی | D23: خدمات بیرونی | E23: 1 | F23: تعمیری | G23: سوراخکاری | J23: 1405/05/29 | K23: 1405/05/29 | L23: =SUMIFS([1]مرداد!$AF$422:$AF$800,[1]مرداد!$C$422:$C$800,"قطعه تعمیری",[1]مرداد!$B$422:$B$800,C23,[1]مرداد!$P$422:$P$800,"*") -> 8 | M23: تحویل | N23: =SUMIFS([1]مرداد!$AR$422:$AR$598,[1]مرداد!$C$422:$C$598,"قطعه تعمیری",[1]مرداد!$B$422:$B$598,C23,[1]مرداد!$P$422:$P$598,"*") -> 6000000
A24: 21 | B24: قلم | C24: قلم ریو | D24: تراشکاری | E24: 1 | F24: تعمیری | G24: اصلاح جهت برش پین | J24: 1405/05/26 | K24: 1405/05/27 | L24: =SUMIFS([1]مرداد!$AF$422:$AF$800,[1]مرداد!$C$422:$C$800,"قطعه تعمیری",[1]مرداد!$B$422:$B$800,C24,[1]مرداد!$P$422:$P$800,"*") -> 5 | M24: تحویل | N24: =SUMIFS([1]مرداد!$AR$422:$AR$598,[1]مرداد!$C$422:$C$598,"قطعه تعمیری",[1]مرداد!$B$422:$B$598,C24,[1]مرداد!$P$422:$P$598,"*") -> 3750000
A25: 22 | B25: کفشک | C25: کفشک قطاری | D25: جهان لنت | E25: 1 | F25: تعمیری | G25: اصلاح | J25: 1405/05/28 | K25: 1405/05/29 | L25: =SUMIFS([1]مرداد!$AF$422:$AF$800,[1]مرداد!$C$422:$C$800,"قطعه تعمیری",[1]مرداد!$B$422:$B$800,C25,[1]مرداد!$P$422:$P$800,"*") -> 4 | M25: تحویل | N25: =SUMIFS([1]مرداد!$AR$422:$AR$598,[1]مرداد!$C$422:$C$598,"قطعه تعمیری",[1]مرداد!$B$422:$B$598,C25,[1]مرداد!$P$422:$P$598,"*") -> 3000000
A26: 23 | B26: کوبلینگ | C26: میکس | D26: جهان لنت | E26: 2 | F26: تعمیری | G26: اصلاح | H26: 17226 | J26: 1405/05/28 | K26: 1405/05/29 | L26: =SUMIFS([1]مرداد!$AF$422:$AF$800,[1]مرداد!$C$422:$C$800,"قطعه تعمیری",[1]مرداد!$B$422:$B$800,C26,[1]مرداد!$P$422:$P$800,"*") -> 6 | M26: تحویل | N26: =SUMIFS([1]مرداد!$AR$422:$AR$598,[1]مرداد!$C$422:$C$598,"قطعه تعمیری",[1]مرداد!$B$422:$B$598,C26,[1]مرداد!$P$422:$P$598,"*") -> 4500000
A27: 24 | B27: صفحه توری | C27: ویوینگ | D27: جهان ترمز | E27: 3 | F27: تعمیری | G27: اصلاح | H27: 17101 | J27: 1405/05/08 | L27: =SUMIFS([1]مرداد!$AF$422:$AF$800,[1]مرداد!$C$422:$C$800,"قطعه تعمیری",[1]مرداد!$B$422:$B$800,C27,[1]مرداد!$P$422:$P$800,"*") -> 5 | M27: در حال انجام | N27: =SUMIFS([1]مرداد!$AR$422:$AR$598,[1]مرداد!$C$422:$C$598,"قطعه تعمیری",[1]مرداد!$B$422:$B$598,C27,[1]مرداد!$P$422:$P$598,"*") -> 3750000
B28: تحولی | C28: √ | D28: جدید | E28: =SUMIFS(E4:E27,F4:F27,D28,M4:M27,"تحویل") -> 30272 | I28: Total | J28: جدید | K28: =SUMIFS(E4:E27,F4:F27,J28) -> 30381 | L28: =SUMIFS(L4:L27,F4:F27,J28) -> 263 | N28: =SUMIFS(N4:N27,F4:F27,J28) -> 222625000
C29: √ | D29: تعمیری | E29: =SUMIFS(E4:E27,F4:F27,D29,M4:M27,"تحویل") -> 27 | J29: تعمیری | K29: =SUMIFS(E5:E27,F5:F27,J29) -> 31 | L29: =SUMIFS(L4:L27,F4:F27,J29) -> 70.5 | N29: =SUMIFS(N4:N27,F4:F27,J29) -> 64125000
B30: Total | E30: =E28+E29 -> 30299 | K30: =K28+K29 -> 30412 | L30: =L28+L29 -> 333.5 | N30: =N28+N29 -> 286750000

Sheet 23
A1: قطعات تعمیری و ساخته شده | M1: Date | N1: 1405
M2: weeks | N2: 23
B3: نام قطعه | C3: دستگاه / قالب | D3: درخواست کننده | E3: تعداد درخواست | F3: نو ع قطعه | G3: علت ساخت / تعمیر | H3: شماره نامه | I3: کد دستگاه | J3: تاریخ شروع | K3: تاریخ تحویل | L3: مقدار نفر ساعت کار شده | M3: عملیات در حال انجام | N3: هزینه ساخت/تعمیر (تومان)
A4: 1 | B4: درام | C4: ساب ترابوزا | D4: جهان لنت | E4: 1 | F4: جدید | G4: درخواست ساخت | J4: 1405/05/17 | L4: =SUMIFS([1]شهریور!$AF$2:$AF$105,[1]شهریور!$C$2:$C$105,"قطعه نو",[1]شهریور!$B$2:$B$105,C4,[1]شهریور!$P$2:$P$105,"*") -> 4.75 | M4: در حال انجام | N4: =SUMIFS([1]شهریور!$AR$2:$AR$105,[1]شهریور!$C$2:$C$105,"قطعه نو",[1]شهریور!$B$2:$B$105,C4,[1]شهریور!$P$2:$P$105,"*") -> 3562500
A5: 2 | B5: لوله | C5: آسانسور | D5: جهان لنت | E5: 4 | F5: جدید | G5: درخواست ساخت | J5: 1405/06/04 | K5: 1405/06/06 | L5: =SUMIFS([1]شهریور!$AF$2:$AF$105,[1]شهریور!$C$2:$C$105,"قطعه نو",[1]شهریور!$B$2:$B$105,C5,[1]شهریور!$P$2:$P$105,"*") -> 3 | M5: تحویل | N5: =SUMIFS([1]شهریور!$AR$2:$AR$105,[1]شهریور!$C$2:$C$105,"قطعه نو",[1]شهریور!$B$2:$B$105,C5,[1]شهریور!$P$2:$P$105,"*") -> 2250000
A6: 3 | B6: فلانچ | C6: پشم فلز آلمانی | D6: پودر فلز | E6: 4 | F6: جدید | G6: درخواست ساخت | H6: 17225 | J6: 1405/06/02 | K6: 1405/06/06 | L6: =SUMIFS([1]شهریور!$AF$2:$AF$105,[1]شهریور!$C$2:$C$105,"قطعه نو",[1]شهریور!$B$2:$B$105,C6,[1]شهریور!$P$2:$P$105,"*") -> 12.5 | M6: تحویل | N6: =SUMIFS([1]شهریور!$AR$2:$AR$105,[1]شهریور!$C$2:$C$105,"قطعه نو",[1]شهریور!$B$2:$B$105,C6,[1]شهریور!$P$2:$P$105,"*") -> 9375000
A7: 4 | B7: Shaft | C7: جلو ساب دیسکی | D7: جهان لنت | E7: 4 | F7: جدید | G7: درخواست ساخت | H7: 17242 | J7: 1405/06/03 | K7: 1405/06/06 | L7: =SUMIFS([1]شهریور!$AF$2:$AF$105,[1]شهریور!$C$2:$C$105,"قطعه نو",[1]شهریور!$B$2:$B$105,C7,[1]شهریور!$P$2:$P$105,"*") -> 17 | M7: تحویل | N7: =SUMIFS([1]شهریور!$AR$2:$AR$105,[1]شهریور!$C$2:$C$105,"قطعه نو",[1]شهریور!$B$2:$B$105,C7,[1]شهریور!$P$2:$P$105,"*") -> 12750000
A8: 5 | B8: مهره | C8: دستگاه پرس 600 تن | D8: جهان لنت | E8: 4 | F8: جدید | G8: درخواست ساخت | J8: 1405/05/07 | K8: 1405/06/06 | L8: =SUMIFS([1]شهریور!$AF$2:$AF$105,[1]شهریور!$C$2:$C$105,"قطعه نو",[1]شهریور!$B$2:$B$105,C8,[1]شهریور!$P$2:$P$105,"*") -> 6 | M8: تحویل | N8: =SUMIFS([1]شهریور!$AR$2:$AR$105,[1]شهریور!$C$2:$C$105,"قطعه نو",[1]شهریور!$B$2:$B$105,C8,[1]شهریور!$P$2:$P$105,"*") -> 4500000
A9: 6 | B9: سرشیلنگ | C9: دستگاه پرس پخت | D9: جهان لنت | E9: 1 | F9: جدید | G9: درخواست ساخت | J9: 1405/06/01 | K9: 1405/06/02 | L9: =SUMIFS([1]شهریور!$AF$2:$AF$105,[1]شهریور!$C$2:$C$105,"قطعه نو",[1]شهریور!$B$2:$B$105,C9,[1]شهریور!$P$2:$P$105,"*") -> 6 | M9: تحویل | N9: =SUMIFS([1]شهریور!$AR$2:$AR$105,[1]شهریور!$C$2:$C$105,"قطعه نو",[1]شهریور!$B$2:$B$105,C9,[1]شهریور!$P$2:$P$105,"*") -> 4500000
A10: 7 | B10: چرخ دنده | C10: نوار نقاله | D10: جهان لنت | E10: 4 | F10: جدید | G10: درخواست ساخت | H10: 17226 | J10: 1405/06/01 | K10: 1405/06/06 | L10: =SUMIFS([1]شهریور!$AF$2:$AF$105,[1]شهریور!$C$2:$C$105,"قطعه نو",[1]شهریور!$B$2:$B$105,C10,[1]شهریور!$P$2:$P$105,"*") -> 2 | M10: تحویل | N10: =SUMIFS([1]شهریور!$AR$2:$AR$105,[1]شهریور!$C$2:$C$105,"قطعه نو",[1]شهریور!$B$2:$B$105,C10,[1]شهریور!$P$2:$P$105,"*") -> 1500000
A11: 8 | B11: Shaft | C11: ساب کف گرگی | D11: جهان لنت | E11: 1 | F11: جدید | G11: درخواست ساخت | H11: 17055 | I11: 2512 | J11: 1405/06/01 | L11: =SUMIFS([1]شهریور!$AF$2:$AF$105,[1]شهریور!$C$2:$C$105,"قطعه نو",[1]شهریور!$B$2:$B$105,C11,[1]شهریور!$P$2:$P$105,"*") -> 7 | M11: در حال انجام | N11: =SUMIFS([1]شهریور!$AR$2:$AR$105,[1]شهریور!$C$2:$C$105,"قطعه نو",[1]شهریور!$B$2:$B$105,C11,[1]شهریور!$P$2:$P$105,"*") -> 5250000
A12: 9 | B12: نگهدارنده U | C12: نگهدارنده پلاک قالب | D12: م.قالب | E12: 100 | F12: جدید | G12: درخواست ساخت | J12: 1405/04/01 | L12: =SUMIFS([1]شهریور!$AF$2:$AF$105,[1]شهریور!$C$2:$C$105,"قطعه نو",[1]شهریور!$B$2:$B$105,C12,[1]شهریور!$P$2:$P$105,"*") -> 22 | M12: در حال انجام | N12: =SUMIFS([1]شهریور!$AR$2:$AR$105,[1]شهریور!$C$2:$C$105,"قطعه نو",[1]شهریور!$B$2:$B$105,C12,[1]شهریور!$P$2:$P$105,"*") -> 16500000
A13: 10 | B13: میل پران | C13: آسانسور | D13: نت | E13: 2 | F13: تعمیری | G13: اصلاح | J13: 1405/06/03 | K13: 1405/06/05 | L13: =SUMIFS([1]شهریور!$AF$2:$AF$105,[1]شهریور!$C$2:$C$105,"قطعه تعمیری",[1]شهریور!$B$2:$B$105,C13,[1]شهریور!$P$2:$P$105,"*") -> 5 | M13: تحویل | N13: =SUMIFS([1]شهریور!$AR$2:$AR$105,[1]شهریور!$C$2:$C$105,"قطعه تعمیری",[1]شهریور!$B$2:$B$105,C13,[1]شهریور!$P$2:$P$105,"*") -> 3750000
A14: 11 | B14: جک | C14: پرچ زنی | D14: جهان لنت | E14: 1 | F14: تعمیری | G14: اصلاح | H14: 16449 | I14: 4302 | J14: 1405/06/04 | K14: 1405/06/04 | L14: =SUMIFS([1]شهریور!$AF$2:$AF$105,[1]شهریور!$C$2:$C$105,"قطعه تعمیری",[1]شهریور!$B$2:$B$105,C14,[1]شهریور!$P$2:$P$105,"*") -> 3 | M14: تحویل | N14: =SUMIFS([1]شهریور!$AR$2:$AR$105,[1]شهریور!$C$2:$C$105,"قطعه تعمیری",[1]شهریور!$B$2:$B$105,C14,[1]شهریور!$P$2:$P$105,"*") -> 2250000
A15: 12 | B15: نافی پولکی | C15: پشم فلز آلمانی | D15: جهان لنت | E15: 4 | F15: تعمیری | G15: اصلاح | J15: 1405/06/04 | K15: 1405/06/04 | L15: =SUMIFS([1]شهریور!$AF$2:$AF$105,[1]شهریور!$C$2:$C$105,"قطعه تعمیری",[1]شهریور!$B$2:$B$105,C15,[1]شهریور!$P$2:$P$105,"*") -> 4 | M15: تحویل | N15: =SUMIFS([1]شهریور!$AR$2:$AR$105,[1]شهریور!$C$2:$C$105,"قطعه تعمیری",[1]شهریور!$B$2:$B$105,C15,[1]شهریور!$P$2:$P$105,"*") -> 3000000
A16: 13 | B16: میز | C16: دستگاه پرس پخت | D16: جهان لنت | E16: 1 | F16: تعمیری | G16: اصلاح | H16: 17354 | J16: 1405/06/01 | K16: 1405/06/05 | L16: =SUMIFS([1]شهریور!$AF$2:$AF$105,[1]شهریور!$C$2:$C$105,"قطعه تعمیری",[1]شهریور!$B$2:$B$105,C16,[1]شهریور!$P$2:$P$105,"*") -> 10 | M16: تحویل | N16: =SUMIFS([1]شهریور!$AR$2:$AR$105,[1]شهریور!$C$2:$C$105,"قطعه تعمیری",[1]شهریور!$B$2:$B$105,C16,[1]شهریور!$P$2:$P$105,"*") -> 7500000
A17: 14 | B17: Shaft | C17: دستگاه ساب الماسه | D17: جهان لنت | E17: 1 | F17: تعمیری | G17: خرابی Shaft | J17: 1405/06/01 | L17: =SUMIFS([1]شهریور!$AF$2:$AF$105,[1]شهریور!$C$2:$C$105,"قطعه تعمیری",[1]شهریور!$B$2:$B$105,C17,[1]شهریور!$P$2:$P$105,"*") -> 2 | M17: در حال انجام | N17: =SUMIFS([1]شهریور!$AR$2:$AR$105,[1]شهریور!$C$2:$C$105,"قطعه تعمیری",[1]شهریور!$B$2:$B$105,C17,[1]شهریور!$P$2:$P$105,"*") -> 1500000
A18: 15 | B18: مسی | C18: سری نقطه جوش | D18: جهان لنت | E18: 8 | F18: تعمیری | G18: مصرفی | J18: 1405/06/03 | K18: 1405/06/03 | L18: =SUMIFS([1]شهریور!$AF$2:$AF$105,[1]شهریور!$C$2:$C$105,"قطعه تعمیری",[1]شهریور!$B$2:$B$105,C18,[1]شهریور!$P$2:$P$105,"*") -> 1 | M18: تحویل | N18: =SUMIFS([1]شهریور!$AR$2:$AR$105,[1]شهریور!$C$2:$C$105,"قطعه تعمیری",[1]شهریور!$B$2:$B$105,C18,[1]شهریور!$P$2:$P$105,"*") -> 750000
A19: 16 | B19: میز | C19: کلمپ زنی | D19: جهان لنت | E19: 1 | F19: تعمیری | G19: خرابی | J19: 1405/06/03 | L19: =SUMIFS([1]شهریور!$AF$2:$AF$105,[1]شهریور!$C$2:$C$105,"قطعه تعمیری",[1]شهریور!$B$2:$B$105,C19,[1]شهریور!$P$2:$P$105,"*")+4 -> 15 | M19: در حال انجام | N19: =SUMIFS([1]شهریور!$AR$2:$AR$105,[1]شهریور!$C$2:$C$105,"قطعه تعمیری",[1]شهریور!$B$2:$B$105,C19,[1]شهریور!$P$2:$P$105,"*")+3000000 -> 11250000
A20: 17 | B20: صفحه توری | C20: ویوینگ | D20: جهان ترمز | E20: 3 | F20: تعمیری | G20: اصلاح | H20: 17101 | J20: 1405/05/08 | K20: 1405/06/06 | L20: =SUMIFS([1]شهریور!$AF$2:$AF$105,[1]شهریور!$C$2:$C$105,"قطعه تعمیری",[1]شهریور!$B$2:$B$105,C20,[1]شهریور!$P$2:$P$105,"*") -> 7 | M20: تحویل | N20: =SUMIFS([1]شهریور!$AR$2:$AR$105,[1]شهریور!$C$2:$C$105,"قطعه تعمیری",[1]شهریور!$B$2:$B$105,C20,[1]شهریور!$P$2:$P$105,"*") -> 5250000
A21: 18 | B21: Shaft | C21: ساب کف گرگی | D21: جهان لنت | E21: 1 | F21: تعمیری | G21: اصلاح | H21: 17053 | I21: 2508 | J21: 1405/05/31 | K21: 1405/05/31 | L21: =SUMIFS([1]مرداد!$AF$422:$AF$800,[1]مرداد!$C$422:$C$800,"قطعه تعمیری",[1]مرداد!$B$422:$B$800,C21,[1]مرداد!$P$422:$P$800,"*") -> 2 | M21: تحویل | N21: =SUMIFS([1]مرداد!$AR$289:$AR$422,[1]مرداد!$C$289:$C$422,"قطعه تعمیری",[1]مرداد!$B$289:$B$422,C21,[1]مرداد!$P$289:$P$422,"*") -> 2000000
A22: 19 | B22: Pin | C22: Pin zob ahan | D22: جهان لنت | E22: 220 | F22: جدید | G22: درخواست ساخت | J22: 1405/05/26 | K22: 1405/05/31 | L22: =SUMIFS([1]مرداد!$AF$422:$AF$800,[1]مرداد!$C$422:$C$800,"قطعه نو",[1]مرداد!$B$422:$B$800,C22,[1]مرداد!$P$422:$P$800,"*") -> 38 | M22: تحویل | N22: =SUMIFS([1]مرداد!$AR$422:$AR$800,[1]مرداد!$C$422:$C$800,"قطعه نو",[1]مرداد!$B$422:$B$800,C22,[1]مرداد!$P$422:$P$800,"*") -> 28500000
A23: 20 | B23: پیستون | C23: پخت 300 تن | D23: جهان لنت | E23: 6 | F23: جدید | G23: درخواست ساخت | H23: 16842 | I23: 2012 | J23: 1405/05/31 | K23: 1405/06/01 | L23: =SUMIFS([1]مرداد!$AF$422:$AF$800,[1]مرداد!$C$422:$C$800,"قطعه نو",[1]مرداد!$B$422:$B$800,C23,[1]مرداد!$P$422:$P$800,"*") -> 7 | M23: تحویل | N23: =SUMIFS([1]مرداد!$AR$422:$AR$800,[1]مرداد!$C$422:$C$800,"قطعه نو",[1]مرداد!$B$422:$B$800,C23,[1]مرداد!$P$422:$P$800,"*") -> 5250000
A24: 21 | B24: ابزار | C24: دستگاه CNC | D24: تراشکاری | E24: 1 | F24: جدید | G24: درخواست ساخت | J24: 1405/05/31 | K24: 1405/05/31 | L24: =SUMIFS([1]مرداد!$AF$422:$AF$800,[1]مرداد!$C$422:$C$800,"قطعه نو",[1]مرداد!$B$422:$B$800,C24,[1]مرداد!$P$422:$P$800,"*") -> 3 | M24: تحویل | N24: =SUMIFS([1]مرداد!$AR$422:$AR$800,[1]مرداد!$C$422:$C$800,"قطعه نو",[1]مرداد!$B$422:$B$800,C24,[1]مرداد!$P$422:$P$800,"*") -> 2250000
A25: 22 | B25: چرخ دنده | C25: نوار نقاله | D25: جهان لنت | E25: 4 | F25: جدید | G25: درخواست ساخت | H25: 17226 | J25: 1405/05/31 | L25: =SUMIFS([1]مرداد!$AF$422:$AF$800,[1]مرداد!$C$422:$C$800,"قطعه نو",[1]مرداد!$B$422:$B$800,C25,[1]مرداد!$P$422:$P$800,"*") -> 20 | M25: در حال انجام | N25: =SUMIFS([1]مرداد!$AR$422:$AR$800,[1]مرداد!$C$422:$C$800,"قطعه نو",[1]مرداد!$B$422:$B$800,C25,[1]مرداد!$P$422:$P$800,"*") -> 15000000
A26: 23 | B26: مهره | C26: کمپرسور باد | D26: جهان لنت | E26: 1 | F26: جدید | G26: درخواست ساخت | J26: 1405/05/31 | K26: 1405/06/01 | L26: =SUMIFS([1]مرداد!$AF$422:$AF$800,[1]مرداد!$C$422:$C$800,"قطعه نو",[1]مرداد!$B$422:$B$800,C26,[1]مرداد!$P$422:$P$800,"*") -> 1 | M26: تحویل | N26: =SUMIFS([1]مرداد!$AR$422:$AR$800,[1]مرداد!$C$422:$C$800,"قطعه نو",[1]مرداد!$B$422:$B$800,C26,[1]مرداد!$P$422:$P$800,"*") -> 750000
A27: 24 | B27: مهره | C27: دستگاه پرس 600 تن | D27: جهان لنت | E27: 4 | F27: جدید | G27: درخواست ساخت | J27: 1405/05/07 | K27: 1405/06/05 | L27: =SUMIFS([1]مرداد!$AF$422:$AF$800,[1]مرداد!$C$422:$C$800,"قطعه نو",[1]مرداد!$B$422:$B$800,C27,[1]مرداد!$P$422:$P$800,"*") -> 46 | M27: تحویل | N27: =SUMIFS([1]مرداد!$AR$422:$AR$800,[1]مرداد!$C$422:$C$800,"قطعه نو",[1]مرداد!$B$422:$B$800,C27,[1]مرداد!$P$422:$P$800,"*") -> 34500000
B28: تحولی | C28: √ | D28: جدید | E28: =SUMIFS(E4:E27,F4:F27,D28,M4:M27,"تحویل") -> 253 | I28: Total | J28: جدید | K28: =SUMIFS(E4:E27,F4:F27,J28) -> 359 | L28: =SUMIFS(L4:L27,F4:F27,J28) -> 195.25 | N28: =SUMIFS(N4:N27,F4:F27,J28) -> 146437500
